{
    "parent": "item/generated",
    "textures": {
        "layer0": "item/armor_stand"
    },
    "display": {
        "head": {
            "rotation": [ 0, 0, 45 ],
            "translation": [ -1, 13, 7],
            "scale":[ 1, 1, 1]
        }
    }, 
    "overrides": [
        {"predicate": {"custom_model_data":1}, "model": "custom/chambercardtrip"},
        {"predicate": {"custom_model_data":2}, "model": "custom/chambercardteleport"},
        {"predicate": {"custom_model_data":3}, "model": "custom/chambertrip"},
        {"predicate": {"custom_model_data":4}, "model": "custom/chambertripbase"},
        {"predicate": {"custom_model_data":5}, "model": "custom/chamberteleport"}
   ]
}