{
	"credit": "Made with Blockbench",
	"texture_size": [32, 32],
	"textures": {
		"0": "item/s-rifle",
		"particle": "item/s-rifle"
	},
	"elements": [
		{
			"from": [8.5538, 8.9893, 7.75],
			"to": [9.3038, 9.2393, 8.25],
			"rotation": {"angle": 22.5, "axis": "z", "origin": [8, 5.84233, 7.25]},
			"faces": {
				"north": {"uv": [11.5, 8.5, 12, 9], "texture": "#0"},
				"east": {"uv": [14, 0, 14.5, 0.5], "texture": "#0"},
				"south": {"uv": [14, 0.5, 14.5, 1], "texture": "#0"},
				"west": {"uv": [14, 1, 14.5, 1.5], "texture": "#0"},
				"up": {"uv": [14.5, 2, 14, 1.5], "texture": "#0"},
				"down": {"uv": [14.5, 2, 14, 2.5], "texture": "#0"}
			}
		},
		{
			"from": [6.6962, 8.9893, 7.75],
			"to": [7.4462, 9.2393, 8.25],
			"rotation": {"angle": -22.5, "axis": "z", "origin": [8, 5.84233, 7.25]},
			"faces": {
				"north": {"uv": [2.5, 14, 3, 14.5], "texture": "#0"},
				"east": {"uv": [14, 2.5, 14.5, 3], "texture": "#0"},
				"south": {"uv": [14, 3, 14.5, 3.5], "texture": "#0"},
				"west": {"uv": [14, 3.5, 14.5, 4], "texture": "#0"},
				"up": {"uv": [4.5, 14.5, 4, 14], "texture": "#0"},
				"down": {"uv": [14.5, 4, 14, 4.5], "texture": "#0"}
			}
		},
		{
			"from": [7.25, 6.5, 8],
			"to": [8.75, 7.5, 8],
			"rotation": {"angle": 0, "axis": "y", "origin": [8, 5.84233, 7.25]},
			"faces": {
				"north": {"uv": [10, 14.5, 12, 16], "texture": "#0"},
				"east": {"uv": [16, 16, 16, 15.5], "texture": "#0"},
				"south": {"uv": [10, 14.5, 12, 16], "texture": "#0"},
				"west": {"uv": [16, 16, 16, 16], "texture": "#0"},
				"up": {"uv": [16, 16, 16, 16], "texture": "#0"},
				"down": {"uv": [15.5, 16, 16, 16], "texture": "#0"}
			}
		},
		{
			"from": [7.5, -0.5, 6.25],
			"to": [8.5, 4.75, 10.75],
			"rotation": {"angle": 0, "axis": "y", "origin": [8, 5.84233, 7.25]},
			"faces": {
				"north": {"uv": [12, 3, 12.5, 5.5], "texture": "#0"},
				"east": {"uv": [4, 4, 6.5, 6.5], "texture": "#0"},
				"south": {"uv": [6, 12, 6.5, 14.5], "texture": "#0"},
				"west": {"uv": [4, 6.5, 6.5, 9], "texture": "#0"},
				"up": {"uv": [7, 14.5, 6.5, 12], "texture": "#0"},
				"down": {"uv": [7.5, 12, 7, 14.5], "texture": "#0"}
			}
		},
		{
			"from": [6.23097, 8.09567, -2.25],
			"to": [7.23097, 8.34567, -1.75],
			"rotation": {"angle": 0, "axis": "z", "origin": [7.60597, 9.22067, 8]},
			"faces": {
				"north": {"uv": [4.5, 8, 5, 8.5], "texture": "#0"},
				"east": {"uv": [6.5, 12.5, 7, 13], "texture": "#0"},
				"south": {"uv": [6.5, 12.5, 7, 13], "texture": "#0"},
				"west": {"uv": [6.5, 12.5, 7, 13], "texture": "#0"},
				"up": {"uv": [7, 13, 6.5, 12.5], "texture": "#0"},
				"down": {"uv": [7, 12.5, 6.5, 13], "texture": "#0"}
			}
		},
		{
			"from": [6.98097, 8.09567, -2.25],
			"to": [7.23097, 8.34567, 5.25],
			"rotation": {"angle": 0, "axis": "z", "origin": [7.60597, 9.22067, 8]},
			"faces": {
				"north": {"uv": [4.5, 8, 5, 8.5], "texture": "#0"},
				"east": {"uv": [4.5, 8, 5, 8.5], "texture": "#0"},
				"south": {"uv": [4.5, 8, 5, 8.5], "texture": "#0"},
				"west": {"uv": [4.5, 8, 5, 8.5], "texture": "#0"},
				"up": {"uv": [5, 8.5, 4.5, 8], "texture": "#0"},
				"down": {"uv": [5, 8, 4.5, 8.5], "texture": "#0"}
			}
		},
		{
			"from": [7, 5.25, 6],
			"to": [9, 7.25, 20],
			"rotation": {"angle": 0, "axis": "x", "origin": [8, 5.84233, 7.25]},
			"faces": {
				"north": {"uv": [9.5, 7, 10.5, 8], "texture": "#0"},
				"east": {"uv": [2, 2, 9, 3], "texture": "#0"},
				"south": {"uv": [10.5, 7, 11.5, 8], "texture": "#0"},
				"west": {"uv": [2, 3, 9, 4], "texture": "#0"},
				"up": {"uv": [3, 11, 2, 4], "texture": "#0"},
				"down": {"uv": [4, 4, 3, 11], "texture": "#0"}
			}
		},
		{
			"from": [7.4, -1.8661, 12.41043],
			"to": [8.6, 1.1339, 14.41043],
			"rotation": {"angle": -22.5, "axis": "x", "origin": [8, 5.84233, 7.25]},
			"faces": {
				"north": {"uv": [11.5, 7, 12, 8.5], "texture": "#0"},
				"east": {"uv": [11, 9, 12, 10.5], "texture": "#0"},
				"south": {"uv": [12.5, 3, 13, 4.5], "texture": "#0"},
				"west": {"uv": [11, 10.5, 12, 12], "texture": "#0"},
				"up": {"uv": [11, 10, 10.5, 9], "texture": "#0"},
				"down": {"uv": [12, 3, 11.5, 4], "texture": "#0"}
			}
		},
		{
			"from": [7, 7.25, -4.5],
			"to": [9, 8.75, 18.25],
			"rotation": {"angle": 0, "axis": "y", "origin": [8, 5.84233, 7.25]},
			"faces": {
				"north": {"uv": [11.5, 0, 12.5, 1], "texture": "#0"},
				"east": {"uv": [0, 0, 11.5, 1], "texture": "#0"},
				"south": {"uv": [11.5, 1, 12.5, 2], "texture": "#0"},
				"west": {"uv": [0, 1, 11.5, 2], "texture": "#0"},
				"up": {"uv": [1, 13.5, 0, 2], "texture": "#0"},
				"down": {"uv": [2, 2, 1, 13.5], "texture": "#0"}
			}
		},
		{
			"from": [7.5, 8.75, 17.25],
			"to": [7.75, 9.5, 18],
			"rotation": {"angle": 0, "axis": "y", "origin": [8, 5.84233, 7.25]},
			"faces": {
				"north": {"uv": [4.5, 14, 5, 14.5], "texture": "#0"},
				"east": {"uv": [14, 4.5, 14.5, 5], "texture": "#0"},
				"south": {"uv": [5, 14, 5.5, 14.5], "texture": "#0"},
				"west": {"uv": [14, 5, 14.5, 5.5], "texture": "#0"},
				"up": {"uv": [6, 14.5, 5.5, 14], "texture": "#0"},
				"down": {"uv": [14.5, 5.5, 14, 6], "texture": "#0"}
			}
		},
		{
			"from": [7.75, 8.75, -4.25],
			"to": [8.25, 9.5, -2.5],
			"rotation": {"angle": 0, "axis": "y", "origin": [8, 5.84233, 7.25]},
			"faces": {
				"north": {"uv": [14, 6, 14.5, 6.5], "texture": "#0"},
				"east": {"uv": [12.5, 4.5, 13.5, 5], "texture": "#0"},
				"south": {"uv": [14, 6.5, 14.5, 7], "texture": "#0"},
				"west": {"uv": [12.5, 5, 13.5, 5.5], "texture": "#0"},
				"up": {"uv": [13, 9.5, 12.5, 8.5], "texture": "#0"},
				"down": {"uv": [3, 13, 2.5, 14], "texture": "#0"}
			}
		},
		{
			"from": [7.25, 8.75, 6.25],
			"to": [8.75, 9, 10.5],
			"rotation": {"angle": 0, "axis": "y", "origin": [8, 5.84233, 7.25]},
			"faces": {
				"north": {"uv": [3, 13, 4, 13.5], "texture": "#0"},
				"east": {"uv": [12, 5.5, 14, 6], "texture": "#0"},
				"south": {"uv": [13, 3, 14, 3.5], "texture": "#0"},
				"west": {"uv": [12, 9.5, 14, 10], "texture": "#0"},
				"up": {"uv": [10, 12, 9, 10], "texture": "#0"},
				"down": {"uv": [11, 10, 10, 12], "texture": "#0"}
			}
		},
		{
			"from": [7.25, 9, 8.25],
			"to": [8.75, 9.25, 9.25],
			"rotation": {"angle": 0, "axis": "y", "origin": [8, 5.84233, 7.25]},
			"faces": {
				"north": {"uv": [13, 3.5, 14, 4], "texture": "#0"},
				"east": {"uv": [14, 7, 14.5, 7.5], "texture": "#0"},
				"south": {"uv": [13, 4, 14, 4.5], "texture": "#0"},
				"west": {"uv": [14, 7.5, 14.5, 8], "texture": "#0"},
				"up": {"uv": [14, 7.5, 13, 7], "texture": "#0"},
				"down": {"uv": [14, 7.5, 13, 8], "texture": "#0"}
			}
		},
		{
			"from": [7.25, 9, 7.25],
			"to": [8.75, 9.25, 7.75],
			"rotation": {"angle": 0, "axis": "y", "origin": [8, 5.84233, 7.25]},
			"faces": {
				"north": {"uv": [13, 8, 14, 8.5], "texture": "#0"},
				"east": {"uv": [14, 8, 14.5, 8.5], "texture": "#0"},
				"south": {"uv": [13, 8.5, 14, 9], "texture": "#0"},
				"west": {"uv": [14, 8.5, 14.5, 9], "texture": "#0"},
				"up": {"uv": [14, 9.5, 13, 9], "texture": "#0"},
				"down": {"uv": [11, 13, 10, 13.5], "texture": "#0"}
			}
		},
		{
			"from": [8.25, 8.75, 17.25],
			"to": [8.5, 9.5, 18],
			"rotation": {"angle": 0, "axis": "y", "origin": [8, 5.84233, 7.25]},
			"faces": {
				"north": {"uv": [14, 9, 14.5, 9.5], "texture": "#0"},
				"east": {"uv": [14, 9.5, 14.5, 10], "texture": "#0"},
				"south": {"uv": [14, 10, 14.5, 10.5], "texture": "#0"},
				"west": {"uv": [14, 10.5, 14.5, 11], "texture": "#0"},
				"up": {"uv": [14.5, 11.5, 14, 11], "texture": "#0"},
				"down": {"uv": [14.5, 11.5, 14, 12], "texture": "#0"}
			}
		},
		{
			"from": [7.25, 14.16493, 12.99619],
			"to": [8.75, 15.66493, 15.24619],
			"rotation": {"angle": 45, "axis": "x", "origin": [8, 5.84233, 7.25]},
			"faces": {
				"north": {"uv": [13, 10, 14, 10.5], "texture": "#0"},
				"east": {"uv": [13, 10.5, 14, 11], "texture": "#0"},
				"south": {"uv": [11, 13, 12, 13.5], "texture": "#0"},
				"west": {"uv": [13, 11, 14, 11.5], "texture": "#0"},
				"up": {"uv": [11, 13, 10, 12], "texture": "#0"},
				"down": {"uv": [13, 10, 12, 11], "texture": "#0"}
			}
		},
		{
			"from": [7, 5.5, -4],
			"to": [9, 7.25, 6],
			"rotation": {"angle": 0, "axis": "y", "origin": [8, 5.84233, 7.25]},
			"faces": {
				"north": {"uv": [11, 12, 12, 13], "texture": "#0"},
				"east": {"uv": [6.5, 8, 11.5, 9], "texture": "#0"},
				"south": {"uv": [12, 11, 13, 12], "texture": "#0"},
				"west": {"uv": [9, 2, 14, 3], "texture": "#0"},
				"up": {"uv": [5, 14, 4, 9], "texture": "#0"},
				"down": {"uv": [6, 9, 5, 14], "texture": "#0"}
			}
		},
		{
			"from": [8.49537, 6.3377, -13],
			"to": [9.49537, 7.3377, -4],
			"rotation": {"angle": 45, "axis": "z", "origin": [8, 5.84233, 7.25]},
			"faces": {
				"north": {"uv": [12, 14, 12.5, 14.5], "texture": "#0"},
				"east": {"uv": [9.5, 6, 14, 6.5], "texture": "#0"},
				"south": {"uv": [14, 12, 14.5, 12.5], "texture": "#0"},
				"west": {"uv": [9.5, 6.5, 14, 7], "texture": "#0"},
				"up": {"uv": [8.5, 14.5, 8, 10], "texture": "#0"},
				"down": {"uv": [9, 10, 8.5, 14.5], "texture": "#0"}
			}
		},
		{
			"from": [7, 3.25, 20],
			"to": [9, 7.25, 26],
			"rotation": {"angle": 0, "axis": "y", "origin": [8, 5.84233, 7.25]},
			"faces": {
				"north": {"uv": [2, 11, 3, 13], "texture": "#0"},
				"east": {"uv": [6.5, 4, 9.5, 6], "texture": "#0"},
				"south": {"uv": [3, 11, 4, 13], "texture": "#0"},
				"west": {"uv": [6.5, 6, 9.5, 8], "texture": "#0"},
				"up": {"uv": [7, 12, 6, 9], "texture": "#0"},
				"down": {"uv": [8, 9, 7, 12], "texture": "#0"}
			}
		},
		{
			"from": [8.5, 3.75, 6],
			"to": [8.75, 5.25, 11],
			"rotation": {"angle": 0, "axis": "y", "origin": [8, 5.84233, 7.25]},
			"faces": {
				"north": {"uv": [13, 11.5, 13.5, 12.5], "texture": "#0"},
				"east": {"uv": [9, 3, 11.5, 4], "texture": "#0"},
				"south": {"uv": [12, 13, 12.5, 14], "texture": "#0"},
				"west": {"uv": [8, 9, 10.5, 10], "texture": "#0"},
				"up": {"uv": [12.5, 9.5, 12, 7], "texture": "#0"},
				"down": {"uv": [8, 12, 7.5, 14.5], "texture": "#0"}
			}
		},
		{
			"from": [7.5, 3.75, 6],
			"to": [8.5, 5.25, 6.25],
			"rotation": {"angle": 0, "axis": "y", "origin": [8, 5.84233, 7.25]},
			"faces": {
				"north": {"uv": [12.5, 13, 13, 14], "texture": "#0"},
				"east": {"uv": [13, 12.5, 13.5, 13.5], "texture": "#0"},
				"south": {"uv": [0, 13.5, 0.5, 14.5], "texture": "#0"},
				"west": {"uv": [13.5, 0, 14, 1], "texture": "#0"},
				"up": {"uv": [13, 14.5, 12.5, 14], "texture": "#0"},
				"down": {"uv": [14.5, 12.5, 14, 13], "texture": "#0"}
			}
		},
		{
			"from": [7.5, 3.75, 10.75],
			"to": [8.5, 5.25, 11],
			"rotation": {"angle": 0, "axis": "y", "origin": [8, 5.84233, 7.25]},
			"faces": {
				"north": {"uv": [0.5, 13.5, 1, 14.5], "texture": "#0"},
				"east": {"uv": [1, 13.5, 1.5, 14.5], "texture": "#0"},
				"south": {"uv": [1.5, 13.5, 2, 14.5], "texture": "#0"},
				"west": {"uv": [3, 13.5, 3.5, 14.5], "texture": "#0"},
				"up": {"uv": [14.5, 13.5, 14, 13], "texture": "#0"},
				"down": {"uv": [14.5, 13.5, 14, 14], "texture": "#0"}
			}
		},
		{
			"from": [7.25, 3.75, 6],
			"to": [7.5, 5.25, 11],
			"rotation": {"angle": 0, "axis": "y", "origin": [8, 5.84233, 7.25]},
			"faces": {
				"north": {"uv": [3.5, 13.5, 4, 14.5], "texture": "#0"},
				"east": {"uv": [9.5, 4, 12, 5], "texture": "#0"},
				"south": {"uv": [13.5, 4.5, 14, 5.5], "texture": "#0"},
				"west": {"uv": [9.5, 5, 12, 6], "texture": "#0"},
				"up": {"uv": [9.5, 14.5, 9, 12], "texture": "#0"},
				"down": {"uv": [10, 12, 9.5, 14.5], "texture": "#0"}
			}
		},
		{
			"from": [7.5, 3.25, 14],
			"to": [8.5, 5.25, 16],
			"rotation": {"angle": 0, "axis": "y", "origin": [8, 5.84233, 7.25]},
			"faces": {
				"north": {"uv": [10, 13.5, 10.5, 14.5], "texture": "#0"},
				"east": {"uv": [12, 12, 13, 13], "texture": "#0"},
				"south": {"uv": [10.5, 13.5, 11, 14.5], "texture": "#0"},
				"west": {"uv": [12.5, 0, 13.5, 1], "texture": "#0"},
				"up": {"uv": [11.5, 14.5, 11, 13.5], "texture": "#0"},
				"down": {"uv": [12, 13.5, 11.5, 14.5], "texture": "#0"}
			}
		},
		{
			"from": [7.5, 3.5, 11],
			"to": [8.5, 4, 14],
			"rotation": {"angle": 0, "axis": "y", "origin": [8, 5.84233, 7.25]},
			"faces": {
				"north": {"uv": [14, 14, 14.5, 14.5], "texture": "#0"},
				"east": {"uv": [12.5, 1, 14, 1.5], "texture": "#0"},
				"south": {"uv": [0, 14.5, 0.5, 15], "texture": "#0"},
				"west": {"uv": [12.5, 1.5, 14, 2], "texture": "#0"},
				"up": {"uv": [13, 8.5, 12.5, 7], "texture": "#0"},
				"down": {"uv": [2.5, 13, 2, 14.5], "texture": "#0"}
			}
		},
		{
			"from": [7.75, 6.62438, 13.11281],
			"to": [8.25, 8.12438, 13.36281],
			"rotation": {"angle": 22.5, "axis": "x", "origin": [8, 5.84233, 7.25]},
			"faces": {
				"north": {"uv": [13.5, 11.5, 14, 12.5], "texture": "#0"},
				"east": {"uv": [13.5, 12.5, 14, 13.5], "texture": "#0"},
				"south": {"uv": [13, 13.5, 13.5, 14.5], "texture": "#0"},
				"west": {"uv": [13.5, 13.5, 14, 14.5], "texture": "#0"},
				"up": {"uv": [15, 0.5, 14.5, 0], "texture": "#0"},
				"down": {"uv": [1, 14.5, 0.5, 15], "texture": "#0"}
			}
		}
	],
	"gui_light": "front",
	"display": {
		"thirdperson_righthand": {
			"translation": [-2, 1.75, -3.75],
			"scale": [0.75, 0.75, 0.75]
		},
		"thirdperson_lefthand": {
			"translation": [-2, 1.75, -3.75],
			"scale": [0.75, 0.75, 0.75]
		},
		"firstperson_righthand": {
			"rotation": [0, -3, 0],
			"translation": [-0.25, 5.25, -6]
		},
		"firstperson_lefthand": {
			"rotation": [0, -3, 0],
			"translation": [-0.25, 5.25, -6]
		},
		"ground": {
			"translation": [0, 5.5, 0]
		},
		"gui": {
			"rotation": [0, -90, 0],
			"translation": [-0.5, 0, 0],
			"scale": [0.4, 0.4, 0.4]
		},
		"head": {
			"scale": [0, 0, 0]
		},
		"fixed": {
			"rotation": [90, 80, 90],
			"translation": [-1.75, -6.75, -2.5],
			"scale": [2.5625, 2.5625, 2.5625]
		}
	},
	"groups": [
		{
			"name": "S-Rifle",
			"origin": [8, 8, 8],
			"color": 0,
			"children": [
				{
					"name": "Sights",
					"origin": [8, 5.84233, 7.25],
					"color": 0,
					"children": [0, 1, 2]
				},
				{
					"name": "Magazine",
					"origin": [8, 5.84233, 7.25],
					"color": 0,
					"children": [3]
				},
				{
					"name": "Main",
					"origin": [8, 5.84233, 7.25],
					"color": 0,
					"children": [4, 5, 6, 7, 8, 9, 10, 11, 12, 13, 14, 15, 16, 17, 18, 19, 20, 21, 22, 23, 24, 25]
				}
			]
		}
	]
}