{
    "parent": "item/generated",
    "textures": {
        "layer0": "item/crossbow_standby"
    },
    "display": {
        "thirdperson_righthand": {
            "rotation": [ -90, 0, -60 ],
            "translation": [ 2, 0.1, -3 ],
            "scale": [ 0.9, 0.9, 0.9 ]
        },
        "thirdperson_lefthand": {
            "rotation": [ -90, 0, 30 ],
            "translation": [ 2, 0.1, -3 ],
            "scale": [ 0.9, 0.9, 0.9 ]
        },
        "firstperson_righthand": {
            "rotation": [ -90, 0, -55 ],
            "translation": [ 1.13, 3.2, 1.13],
            "scale": [ 0.68, 0.68, 0.68 ]
        },
        "firstperson_lefthand": {
            "rotation": [ -90, 0, 35 ],
            "translation": [ 1.13, 3.2, 1.13],
            "scale": [ 0.68, 0.68, 0.68 ]
        }
    },
    "overrides": [
        {
            "predicate": {
                "pulling": 1
            },
            "model": "item/crossbow_pulling_0"
        },
        {
            "predicate": {
                "pulling": 1,
                "pull": 0.58
            },
            "model": "item/crossbow_pulling_1"
        },
        {
            "predicate": {
                "pulling": 1,
                "pull": 1.0
            },
            "model": "item/crossbow_pulling_2"
        },
        {
            "predicate": {
                "charged": 1
            },
            "model": "item/crossbow_arrow"
        },
        {
            "predicate": {
                "charged": 1,
                "firework": 1
            },
            "model": "item/crossbow_firework"
        },
		{
            "predicate": {
				"custom_model_data": 1
            },
            "model": "custom/shotgun"
        },
		{
            "predicate": {
                "pulling": 1,
				"custom_model_data": 1
            },
            "model": "custom/shotgun_loading_0"
        },
		{
            "predicate": {
                "pulling": 1,
                "pull": 0.25,
				"custom_model_data": 1
            },
            "model": "custom/shotgun_loading_1"
        },
		{
            "predicate": {
                "pulling": 1,
                "pull": 0.5,
				"custom_model_data": 1
            },
            "model": "custom/shotgun_loading_2"
        },
		{
            "predicate": {
                "pulling": 1,
                "pull": 0.99,
				"custom_model_data": 1
            },
            "model": "custom/shotgun_loading_3"
        },
		{
            "predicate": {
                "charged": 1,
				"custom_model_data": 1
            },
            "model": "custom/shotgun_loaded"
        },
		{
            "predicate": {
				"custom_model_data": 2
            },
            "model": "custom/s-rifle"
        },
		{
            "predicate": {
                "pulling": 1,
				"custom_model_data": 2
            },
            "model": "custom/s-rifle_loading_0"
        },
		{
            "predicate": {
                "pulling": 1,
                "pull": 0.25,
				"custom_model_data": 2
            },
            "model": "custom/s-rifle_loading_1"
        },
		{
            "predicate": {
                "pulling": 1,
                "pull": 0.5,
				"custom_model_data": 2
            },
            "model": "custom/s-rifle_loading_2"
        },
		{
            "predicate": {
                "pulling": 1,
                "pull": 0.99,
				"custom_model_data": 2
            },
            "model": "custom/s-rifle_loading_3"
        },
		{
            "predicate": {
                "charged": 1,
				"custom_model_data": 2
            },
            "model": "custom/s-rifle_loaded"
        },
        {
            "predicate": {
                "custom_model_data": 3
            },
            "model": "custom/glock"
        },
        {
            "predicate": {
                "pulling": 1,
                "custom_model_data": 3
            },
            "model": "custom/glock_loading_0"
        },
        {
            "predicate": {
                "pulling": 1,
                "pull": 0.25,
                "custom_model_data": 3
            },
            "model": "custom/glock_loading_1"
        },
        {
            "predicate": {
                "pulling": 1,
                "pull": 0.5,
                "custom_model_data": 3
            },
            "model": "custom/glock_loading_2"
        },
        {
            "predicate": {
                "pulling": 1,
                "pull": 0.99,
                "custom_model_data": 3
            },
            "model": "custom/glock_loading_3"
        },
        {
            "predicate": {
                "charged": 1,
                "custom_model_data": 3
            },
            "model": "custom/glock_loaded"
        }
    ]
}
