{
	"credit": "Made with Blockbench",
	"texture_size": [32, 32],
	"textures": {
		"0": "item/raygun",
		"particle": "item/raygun"
	},
	"elements": [
		{
			"from": [7.25, 0, 11],
			"to": [8.75, 5, 13],
			"rotation": {"angle": -22.5, "axis": "x", "origin": [8, 0.5, 12]},
			"faces": {
				"north": {"uv": [2, 5, 3, 7.5], "texture": "#0"},
				"east": {"uv": [5, 3, 6, 5.5], "texture": "#0"},
				"south": {"uv": [5, 5.5, 6, 8], "texture": "#0"},
				"west": {"uv": [6, 0, 7, 2.5], "texture": "#0"},
				"up": {"uv": [4.5, 9, 3.5, 8], "texture": "#0"},
				"down": {"uv": [5.5, 8, 4.5, 9], "texture": "#0"}
			}
		},
		{
			"from": [7.75, 2.60351, 8.48621],
			"to": [8.25, 4.35351, 8.98621],
			"rotation": {"angle": 22.5, "axis": "x", "origin": [8, 3.10351, 8.48621]},
			"faces": {
				"north": {"uv": [2.5, 12.5, 3, 13.5], "texture": "#0"},
				"east": {"uv": [4, 12.5, 4.5, 13.5], "texture": "#0"},
				"south": {"uv": [4.5, 12.5, 5, 13.5], "texture": "#0"},
				"west": {"uv": [12.5, 4.5, 13, 5.5], "texture": "#0"},
				"up": {"uv": [6.5, 14.5, 6, 14], "texture": "#0"},
				"down": {"uv": [14.5, 6, 14, 6.5], "texture": "#0"}
			}
		},
		{
			"from": [7, 4, 5.75],
			"to": [9, 6, 11.75],
			"faces": {
				"north": {"uv": [8, 5.5, 9, 6.5], "texture": "#0"},
				"east": {"uv": [0, 0, 3, 1], "texture": "#0"},
				"south": {"uv": [8, 6.5, 9, 7.5], "texture": "#0"},
				"west": {"uv": [0, 1, 3, 2], "texture": "#0"},
				"up": {"uv": [1, 5, 0, 2], "texture": "#0"},
				"down": {"uv": [2, 2, 1, 5], "texture": "#0"}
			}
		},
		{
			"from": [6.9, 6, 5.85],
			"to": [9.1, 7, 11.75],
			"faces": {
				"north": {"uv": [10, 10, 11, 10.5], "texture": "#0"},
				"east": {"uv": [7, 1.5, 10, 2], "texture": "#0"},
				"south": {"uv": [10.5, 0, 11.5, 0.5], "texture": "#0"},
				"west": {"uv": [7, 2, 10, 2.5], "texture": "#0"},
				"up": {"uv": [3, 5, 2, 2], "texture": "#0"},
				"down": {"uv": [4, 0, 3, 3], "texture": "#0"}
			}
		},
		{
			"from": [6.9, 5.65, -0.3],
			"to": [9.1, 6.75, 5.85],
			"faces": {
				"north": {"uv": [11.5, 5.5, 12.5, 6], "texture": "#0"},
				"east": {"uv": [0.5, 8, 3.5, 8.5], "texture": "#0"},
				"south": {"uv": [11.5, 6, 12.5, 6.5], "texture": "#0"},
				"west": {"uv": [8, 5, 11, 5.5], "texture": "#0"},
				"up": {"uv": [6, 3, 5, 0], "texture": "#0"},
				"down": {"uv": [2, 5, 1, 8], "texture": "#0"}
			}
		},
		{
			"from": [7.1, 7, 6.1],
			"to": [8.9, 7.75, 11.75],
			"rotation": {"angle": 0, "axis": "x", "origin": [8, 7.375, 8.925]},
			"faces": {
				"north": {"uv": [10.5, 2.5, 11.5, 3], "texture": "#0"},
				"east": {"uv": [2, 7.5, 5, 8], "texture": "#0"},
				"south": {"uv": [10.5, 3, 11.5, 3.5], "texture": "#0"},
				"west": {"uv": [7.5, 2.5, 10.5, 3], "texture": "#0"},
				"up": {"uv": [4, 6, 3, 3], "texture": "#0"},
				"down": {"uv": [5, 0, 4, 3], "texture": "#0"}
			}
		},
		{
			"from": [7.95, 7, -1.9],
			"to": [8.05, 7.75, -1.65],
			"rotation": {"angle": 0, "axis": "x", "origin": [8, 7.375, 8.925]},
			"faces": {
				"north": {"uv": [12.5, 13, 13, 13.5], "texture": "#0"},
				"east": {"uv": [13, 12.5, 13.5, 13], "texture": "#0"},
				"south": {"uv": [13, 13, 13.5, 13.5], "texture": "#0"},
				"west": {"uv": [0, 13.5, 0.5, 14], "texture": "#0"},
				"up": {"uv": [14, 0.5, 13.5, 0], "texture": "#0"},
				"down": {"uv": [1, 13.5, 0.5, 14], "texture": "#0"}
			}
		},
		{
			"from": [7.95, 7, -4.05],
			"to": [8.05, 9, -3.9],
			"rotation": {"angle": 0, "axis": "x", "origin": [8, 7.375, 8.925]},
			"faces": {
				"north": {"uv": [8, 12, 8.5, 13], "texture": "#0"},
				"east": {"uv": [8.5, 12, 9, 13], "texture": "#0"},
				"south": {"uv": [12, 8.5, 12.5, 9.5], "texture": "#0"},
				"west": {"uv": [9, 12, 9.5, 13], "texture": "#0"},
				"up": {"uv": [14, 7.5, 13.5, 7], "texture": "#0"},
				"down": {"uv": [8, 13.5, 7.5, 14], "texture": "#0"}
			}
		},
		{
			"from": [7.7, 9, -4.05],
			"to": [8.3, 9.15, -3.9],
			"rotation": {"angle": 0, "axis": "x", "origin": [8, 7.375, 8.925]},
			"faces": {
				"north": {"uv": [13.5, 7.5, 14, 8], "texture": "#0"},
				"east": {"uv": [8, 13.5, 8.5, 14], "texture": "#0"},
				"south": {"uv": [13.5, 8, 14, 8.5], "texture": "#0"},
				"west": {"uv": [8.5, 13.5, 9, 14], "texture": "#0"},
				"up": {"uv": [14, 9, 13.5, 8.5], "texture": "#0"},
				"down": {"uv": [9.5, 13.5, 9, 14], "texture": "#0"}
			}
		},
		{
			"from": [7.7, 9.6, -4.05],
			"to": [8.3, 9.75, -3.9],
			"rotation": {"angle": 0, "axis": "x", "origin": [8, 7.375, 8.925]},
			"faces": {
				"north": {"uv": [13.5, 9, 14, 9.5], "texture": "#0"},
				"east": {"uv": [9.5, 13.5, 10, 14], "texture": "#0"},
				"south": {"uv": [13.5, 9.5, 14, 10], "texture": "#0"},
				"west": {"uv": [10, 13.5, 10.5, 14], "texture": "#0"},
				"up": {"uv": [14, 10.5, 13.5, 10], "texture": "#0"},
				"down": {"uv": [11, 13.5, 10.5, 14], "texture": "#0"}
			}
		},
		{
			"from": [7.625, 9.075, -4.05],
			"to": [7.775, 9.675, -3.9],
			"rotation": {"angle": 0, "axis": "z", "origin": [8, 10.525, -3.975]},
			"faces": {
				"north": {"uv": [13.5, 10.5, 14, 11], "texture": "#0"},
				"east": {"uv": [11, 13.5, 11.5, 14], "texture": "#0"},
				"south": {"uv": [13.5, 11, 14, 11.5], "texture": "#0"},
				"west": {"uv": [11.5, 13.5, 12, 14], "texture": "#0"},
				"up": {"uv": [14, 12, 13.5, 11.5], "texture": "#0"},
				"down": {"uv": [12.5, 13.5, 12, 14], "texture": "#0"}
			}
		},
		{
			"from": [8.225, 9.075, -4.05],
			"to": [8.375, 9.675, -3.9],
			"rotation": {"angle": 0, "axis": "z", "origin": [8, 10.525, -3.975]},
			"faces": {
				"north": {"uv": [13.5, 12, 14, 12.5], "texture": "#0"},
				"east": {"uv": [12.5, 13.5, 13, 14], "texture": "#0"},
				"south": {"uv": [13.5, 12.5, 14, 13], "texture": "#0"},
				"west": {"uv": [13, 13.5, 13.5, 14], "texture": "#0"},
				"up": {"uv": [14, 13.5, 13.5, 13], "texture": "#0"},
				"down": {"uv": [14, 13.5, 13.5, 14], "texture": "#0"}
			}
		},
		{
			"from": [7.95, 7.25, -1.65],
			"to": [8.05, 8, -0.25],
			"rotation": {"angle": 0, "axis": "x", "origin": [8, 7.375, 8.925]},
			"faces": {
				"north": {"uv": [13.5, 0.5, 14, 1], "texture": "#0"},
				"east": {"uv": [1, 13.5, 1.5, 14], "texture": "#0"},
				"south": {"uv": [13.5, 1, 14, 1.5], "texture": "#0"},
				"west": {"uv": [1.5, 13.5, 2, 14], "texture": "#0"},
				"up": {"uv": [14, 2, 13.5, 1.5], "texture": "#0"},
				"down": {"uv": [2.5, 13.5, 2, 14], "texture": "#0"}
			}
		},
		{
			"from": [7.95, 8, -1.4],
			"to": [8.05, 8.25, 0],
			"rotation": {"angle": 0, "axis": "x", "origin": [8, 7.375, 8.925]},
			"faces": {
				"north": {"uv": [13.5, 2, 14, 2.5], "texture": "#0"},
				"east": {"uv": [2.5, 13.5, 3, 14], "texture": "#0"},
				"south": {"uv": [13.5, 2.5, 14, 3], "texture": "#0"},
				"west": {"uv": [3, 13.5, 3.5, 14], "texture": "#0"},
				"up": {"uv": [14, 3.5, 13.5, 3], "texture": "#0"},
				"down": {"uv": [4, 13.5, 3.5, 14], "texture": "#0"}
			}
		},
		{
			"from": [7.95, 8.25, -1.15],
			"to": [8.05, 8.5, 0.5],
			"shade": false,
			"rotation": {"angle": 0, "axis": "x", "origin": [8, 7.375, 8.925]},
			"faces": {
				"north": {"uv": [13.5, 3.5, 14, 4], "texture": "#0"},
				"east": {"uv": [4.5, 12, 5.5, 12.5], "texture": "#0"},
				"south": {"uv": [4, 13.5, 4.5, 14], "texture": "#0"},
				"west": {"uv": [5.5, 12, 6.5, 12.5], "texture": "#0"},
				"up": {"uv": [7, 13, 6.5, 12], "texture": "#0"},
				"down": {"uv": [12.5, 6.5, 12, 7.5], "texture": "#0"}
			}
		},
		{
			"from": [7.475, 6.125, 0.25],
			"to": [8.725, 7.425, 6.15],
			"rotation": {"angle": -45, "axis": "z", "origin": [8, 6.875, 3.325]},
			"faces": {
				"north": {"uv": [11.5, 13, 12, 13.5], "texture": "#0"},
				"east": {"uv": [7.5, 4, 10.5, 4.5], "texture": "#0"},
				"south": {"uv": [13, 11.5, 13.5, 12], "texture": "#0"},
				"west": {"uv": [7.5, 4.5, 10.5, 5], "texture": "#0"},
				"up": {"uv": [8, 8, 7.5, 5], "texture": "#0"},
				"down": {"uv": [0.5, 8, 0, 11], "texture": "#0"}
			}
		},
		{
			"from": [7.575, 6.275, -4.25],
			"to": [8.575, 7.325, -0.35],
			"rotation": {"angle": -45, "axis": "z", "origin": [8, 6.875, 3.325]},
			"faces": {
				"north": {"uv": [12, 13, 12.5, 13.5], "texture": "#0"},
				"east": {"uv": [9, 5.5, 11, 6], "texture": "#0"},
				"south": {"uv": [13, 12, 13.5, 12.5], "texture": "#0"},
				"west": {"uv": [9, 6, 11, 6.5], "texture": "#0"},
				"up": {"uv": [3, 11.5, 2.5, 9.5], "texture": "#0"},
				"down": {"uv": [3.5, 9.5, 3, 11.5], "texture": "#0"}
			}
		},
		{
			"from": [7.9, 6.5375, -7.25],
			"to": [8.25, 6.9375, -3.35],
			"rotation": {"angle": -45, "axis": "z", "origin": [8, 6.875, 3.325]},
			"faces": {
				"north": {"uv": [4, 14, 4.5, 14.5], "texture": "#0"},
				"east": {"uv": [9, 6.5, 11, 7], "texture": "#0"},
				"south": {"uv": [14, 4, 14.5, 4.5], "texture": "#0"},
				"west": {"uv": [9, 7, 11, 7.5], "texture": "#0"},
				"up": {"uv": [6, 11.5, 5.5, 9.5], "texture": "#0"},
				"down": {"uv": [6.5, 9.5, 6, 11.5], "texture": "#0"}
			}
		},
		{
			"from": [7.83, 6.4875, -7.65],
			"to": [8.33, 6.9875, -7.15],
			"rotation": {"angle": -45, "axis": "z", "origin": [8, 6.875, 3.325]},
			"faces": {
				"north": {"uv": [4.5, 14, 5, 14.5], "texture": "#0"},
				"east": {"uv": [14, 4.5, 14.5, 5], "texture": "#0"},
				"south": {"uv": [5, 14, 5.5, 14.5], "texture": "#0"},
				"west": {"uv": [14, 5, 14.5, 5.5], "texture": "#0"},
				"up": {"uv": [6, 14.5, 5.5, 14], "texture": "#0"},
				"down": {"uv": [14.5, 5.5, 14, 6], "texture": "#0"}
			}
		},
		{
			"from": [7.575, 7.25, -5.65],
			"to": [8.575, 7.55, -4.25],
			"rotation": {"angle": -45, "axis": "z", "origin": [8, 6.875, 3.325]},
			"faces": {
				"north": {"uv": [0, 14, 0.5, 14.5], "texture": "#0"},
				"east": {"uv": [14, 0, 14.5, 0.5], "texture": "#0"},
				"south": {"uv": [0.5, 14, 1, 14.5], "texture": "#0"},
				"west": {"uv": [14, 0.5, 14.5, 1], "texture": "#0"},
				"up": {"uv": [1.5, 14.5, 1, 14], "texture": "#0"},
				"down": {"uv": [14.5, 1, 14, 1.5], "texture": "#0"}
			}
		},
		{
			"from": [7.575, 6, -5.65],
			"to": [8.575, 6.3, -4.25],
			"rotation": {"angle": -45, "axis": "z", "origin": [8, 6.875, 3.325]},
			"faces": {
				"north": {"uv": [2.5, 14, 3, 14.5], "texture": "#0"},
				"east": {"uv": [14, 2.5, 14.5, 3], "texture": "#0"},
				"south": {"uv": [3, 14, 3.5, 14.5], "texture": "#0"},
				"west": {"uv": [14, 3, 14.5, 3.5], "texture": "#0"},
				"up": {"uv": [4, 14.5, 3.5, 14], "texture": "#0"},
				"down": {"uv": [14.5, 3.5, 14, 4], "texture": "#0"}
			}
		},
		{
			"from": [7.325, 6, -5.65],
			"to": [7.575, 7.55, -4.25],
			"rotation": {"angle": -45, "axis": "z", "origin": [8, 6.875, 3.325]},
			"faces": {
				"north": {"uv": [9.5, 12, 10, 13], "texture": "#0"},
				"east": {"uv": [12, 10, 12.5, 11], "texture": "#0"},
				"south": {"uv": [10.5, 12, 11, 13], "texture": "#0"},
				"west": {"uv": [11, 12, 11.5, 13], "texture": "#0"},
				"up": {"uv": [2, 14.5, 1.5, 14], "texture": "#0"},
				"down": {"uv": [14.5, 1.5, 14, 2], "texture": "#0"}
			}
		},
		{
			"from": [8.575, 6, -5.65],
			"to": [8.825, 7.55, -4.25],
			"rotation": {"angle": -45, "axis": "z", "origin": [8, 6.875, 3.325]},
			"faces": {
				"north": {"uv": [12, 11, 12.5, 12], "texture": "#0"},
				"east": {"uv": [12, 12, 12.5, 13], "texture": "#0"},
				"south": {"uv": [0.5, 12.5, 1, 13.5], "texture": "#0"},
				"west": {"uv": [1, 12.5, 1.5, 13.5], "texture": "#0"},
				"up": {"uv": [2.5, 14.5, 2, 14], "texture": "#0"},
				"down": {"uv": [14.5, 2, 14, 2.5], "texture": "#0"}
			}
		},
		{
			"from": [7.475, 6.175, -3.5],
			"to": [8.675, 7.425, -3.35],
			"rotation": {"angle": -45, "axis": "z", "origin": [8, 6.875, 3.325]},
			"faces": {
				"north": {"uv": [13.5, 4, 14, 4.5], "texture": "#0"},
				"east": {"uv": [4.5, 13.5, 5, 14], "texture": "#0"},
				"south": {"uv": [13.5, 4.5, 14, 5], "texture": "#0"},
				"west": {"uv": [5, 13.5, 5.5, 14], "texture": "#0"},
				"up": {"uv": [14, 5.5, 13.5, 5], "texture": "#0"},
				"down": {"uv": [6, 13.5, 5.5, 14], "texture": "#0"}
			}
		},
		{
			"from": [7.475, 6.175, -2.5],
			"to": [8.675, 7.425, -2.35],
			"rotation": {"angle": -45, "axis": "z", "origin": [8, 6.875, 3.325]},
			"faces": {
				"north": {"uv": [13.5, 5.5, 14, 6], "texture": "#0"},
				"east": {"uv": [6, 13.5, 6.5, 14], "texture": "#0"},
				"south": {"uv": [13.5, 6, 14, 6.5], "texture": "#0"},
				"west": {"uv": [6.5, 13.5, 7, 14], "texture": "#0"},
				"up": {"uv": [14, 7, 13.5, 6.5], "texture": "#0"},
				"down": {"uv": [7.5, 13.5, 7, 14], "texture": "#0"}
			}
		},
		{
			"from": [7.35, 6, -0.4],
			"to": [8.85, 7.5, 0.45],
			"rotation": {"angle": -45, "axis": "z", "origin": [8, 6.875, 3.325]},
			"faces": {
				"north": {"uv": [8.5, 0.5, 9.5, 1.5], "texture": "#0"},
				"east": {"uv": [7, 11.5, 7.5, 12.5], "texture": "#0"},
				"south": {"uv": [2.5, 8.5, 3.5, 9.5], "texture": "#0"},
				"west": {"uv": [7.5, 11.5, 8, 12.5], "texture": "#0"},
				"up": {"uv": [12.5, 8, 11.5, 7.5], "texture": "#0"},
				"down": {"uv": [12.5, 8, 11.5, 8.5], "texture": "#0"}
			}
		},
		{
			"from": [7.25, 6, 0.3],
			"to": [8.85, 7.6, 0.55],
			"rotation": {"angle": -45, "axis": "z", "origin": [8, 6.875, 3.325]},
			"faces": {
				"north": {"uv": [5.5, 8.5, 6.5, 9.5], "texture": "#0"},
				"east": {"uv": [11.5, 8.5, 12, 9.5], "texture": "#0"},
				"south": {"uv": [6.5, 8.5, 7.5, 9.5], "texture": "#0"},
				"west": {"uv": [10, 11.5, 10.5, 12.5], "texture": "#0"},
				"up": {"uv": [12.5, 10, 11.5, 9.5], "texture": "#0"},
				"down": {"uv": [11.5, 11.5, 10.5, 12], "texture": "#0"}
			}
		},
		{
			"from": [7.25, 6, 1.8],
			"to": [8.85, 7.6, 2.05],
			"rotation": {"angle": -45, "axis": "z", "origin": [8, 6.875, 3.325]},
			"faces": {
				"north": {"uv": [7.5, 8.5, 8.5, 9.5], "texture": "#0"},
				"east": {"uv": [11.5, 11.5, 12, 12.5], "texture": "#0"},
				"south": {"uv": [8.5, 8.5, 9.5, 9.5], "texture": "#0"},
				"west": {"uv": [0, 12, 0.5, 13], "texture": "#0"},
				"up": {"uv": [13, 1, 12, 0.5], "texture": "#0"},
				"down": {"uv": [13, 1, 12, 1.5], "texture": "#0"}
			}
		},
		{
			"from": [7.25, 6, 3.4],
			"to": [8.85, 7.6, 3.65],
			"rotation": {"angle": -45, "axis": "z", "origin": [8, 6.875, 3.325]},
			"faces": {
				"north": {"uv": [0.5, 9, 1.5, 10], "texture": "#0"},
				"east": {"uv": [1.5, 12, 2, 13], "texture": "#0"},
				"south": {"uv": [1.5, 9, 2.5, 10], "texture": "#0"},
				"west": {"uv": [2, 12, 2.5, 13], "texture": "#0"},
				"up": {"uv": [13, 2.5, 12, 2], "texture": "#0"},
				"down": {"uv": [13, 2.5, 12, 3], "texture": "#0"}
			}
		},
		{
			"from": [7.25, 6, 5.05],
			"to": [8.85, 7.6, 5.3],
			"rotation": {"angle": -45, "axis": "z", "origin": [8, 6.875, 3.325]},
			"faces": {
				"north": {"uv": [3.5, 9, 4.5, 10], "texture": "#0"},
				"east": {"uv": [3, 12, 3.5, 13], "texture": "#0"},
				"south": {"uv": [4.5, 9, 5.5, 10], "texture": "#0"},
				"west": {"uv": [3.5, 12, 4, 13], "texture": "#0"},
				"up": {"uv": [13, 4, 12, 3.5], "texture": "#0"},
				"down": {"uv": [13, 4, 12, 4.5], "texture": "#0"}
			}
		},
		{
			"from": [8.95, 8, 11.7],
			"to": [9.25, 9.5, 11.85],
			"rotation": {"angle": 0, "axis": "x", "origin": [8, 8.0625, 11.675]},
			"faces": {
				"north": {"uv": [10.5, 8.5, 11, 9.5], "texture": "#0"},
				"east": {"uv": [10, 10.5, 10.5, 11.5], "texture": "#0"},
				"south": {"uv": [10.5, 10.5, 11, 11.5], "texture": "#0"},
				"west": {"uv": [0, 11, 0.5, 12], "texture": "#0"},
				"up": {"uv": [7.5, 13.5, 7, 13], "texture": "#0"},
				"down": {"uv": [13.5, 7, 13, 7.5], "texture": "#0"}
			}
		},
		{
			"from": [7.05, 9.25, 11.7],
			"to": [8.95, 9.5, 11.85],
			"rotation": {"angle": 0, "axis": "x", "origin": [8, 8.0625, 11.675]},
			"faces": {
				"north": {"uv": [10.5, 9.5, 11.5, 10], "texture": "#0"},
				"east": {"uv": [8, 13, 8.5, 13.5], "texture": "#0"},
				"south": {"uv": [11, 6.5, 12, 7], "texture": "#0"},
				"west": {"uv": [13, 8, 13.5, 8.5], "texture": "#0"},
				"up": {"uv": [8, 11.5, 7, 11], "texture": "#0"},
				"down": {"uv": [12, 7, 11, 7.5], "texture": "#0"}
			}
		},
		{
			"from": [6.75, 8, 11.7],
			"to": [7.05, 9.5, 11.85],
			"rotation": {"angle": 0, "axis": "x", "origin": [8, 8.0625, 11.675]},
			"faces": {
				"north": {"uv": [11, 0.5, 11.5, 1.5], "texture": "#0"},
				"east": {"uv": [11, 4.5, 11.5, 5.5], "texture": "#0"},
				"south": {"uv": [11, 5.5, 11.5, 6.5], "texture": "#0"},
				"west": {"uv": [6.5, 11, 7, 12], "texture": "#0"},
				"up": {"uv": [8, 13.5, 7.5, 13], "texture": "#0"},
				"down": {"uv": [13.5, 7.5, 13, 8], "texture": "#0"}
			}
		},
		{
			"from": [8.95, 7, 12.7],
			"to": [9.25, 8.5, 12.85],
			"rotation": {"angle": 45, "axis": "x", "origin": [8, 7.0625, 12.675]},
			"faces": {
				"north": {"uv": [9.5, 11, 10, 12], "texture": "#0"},
				"east": {"uv": [0.5, 11.5, 1, 12.5], "texture": "#0"},
				"south": {"uv": [11.5, 0.5, 12, 1.5], "texture": "#0"},
				"west": {"uv": [1, 11.5, 1.5, 12.5], "texture": "#0"},
				"up": {"uv": [10, 13.5, 9.5, 13], "texture": "#0"},
				"down": {"uv": [13.5, 9.5, 13, 10], "texture": "#0"}
			}
		},
		{
			"from": [7.05, 8.25, 12.7],
			"to": [8.95, 8.5, 12.85],
			"rotation": {"angle": 45, "axis": "x", "origin": [8, 7.0625, 12.675]},
			"faces": {
				"north": {"uv": [11, 10, 12, 10.5], "texture": "#0"},
				"east": {"uv": [9, 13, 9.5, 13.5], "texture": "#0"},
				"south": {"uv": [11, 10.5, 12, 11], "texture": "#0"},
				"west": {"uv": [13, 9, 13.5, 9.5], "texture": "#0"},
				"up": {"uv": [12, 11.5, 11, 11], "texture": "#0"},
				"down": {"uv": [12.5, 0, 11.5, 0.5], "texture": "#0"}
			}
		},
		{
			"from": [6.75, 7, 12.7],
			"to": [7.05, 8.5, 12.85],
			"rotation": {"angle": 45, "axis": "x", "origin": [8, 7.0625, 12.675]},
			"faces": {
				"north": {"uv": [8, 11, 8.5, 12], "texture": "#0"},
				"east": {"uv": [8.5, 11, 9, 12], "texture": "#0"},
				"south": {"uv": [11, 8.5, 11.5, 9.5], "texture": "#0"},
				"west": {"uv": [9, 11, 9.5, 12], "texture": "#0"},
				"up": {"uv": [9, 13.5, 8.5, 13], "texture": "#0"},
				"down": {"uv": [13.5, 8.5, 13, 9], "texture": "#0"}
			}
		},
		{
			"from": [7.05, 6.00171, 14.8625],
			"to": [8.95, 6.15171, 15.1125],
			"rotation": {"angle": 0, "axis": "x", "origin": [8, 6.0625, 13.675]},
			"faces": {
				"north": {"uv": [4.5, 11.5, 5.5, 12], "texture": "#0"},
				"east": {"uv": [11, 13, 11.5, 13.5], "texture": "#0"},
				"south": {"uv": [11.5, 4.5, 12.5, 5], "texture": "#0"},
				"west": {"uv": [13, 11, 13.5, 11.5], "texture": "#0"},
				"up": {"uv": [12.5, 5.5, 11.5, 5], "texture": "#0"},
				"down": {"uv": [6.5, 11.5, 5.5, 12], "texture": "#0"}
			}
		},
		{
			"from": [6.75, 6.00171, 13.6125],
			"to": [7.05, 6.15171, 15.1125],
			"rotation": {"angle": 0, "axis": "x", "origin": [8, 6.0625, 13.675]},
			"faces": {
				"north": {"uv": [10.5, 13, 11, 13.5], "texture": "#0"},
				"east": {"uv": [3, 11.5, 4, 12], "texture": "#0"},
				"south": {"uv": [13, 10.5, 13.5, 11], "texture": "#0"},
				"west": {"uv": [11.5, 3, 12.5, 3.5], "texture": "#0"},
				"up": {"uv": [12, 4.5, 11.5, 3.5], "texture": "#0"},
				"down": {"uv": [4.5, 11.5, 4, 12.5], "texture": "#0"}
			}
		},
		{
			"from": [8.95, 6.00171, 13.6125],
			"to": [9.25, 6.15171, 15.1125],
			"rotation": {"angle": 0, "axis": "x", "origin": [8, 6.0625, 13.675]},
			"faces": {
				"north": {"uv": [10, 13, 10.5, 13.5], "texture": "#0"},
				"east": {"uv": [1.5, 11.5, 2.5, 12], "texture": "#0"},
				"south": {"uv": [13, 10, 13.5, 10.5], "texture": "#0"},
				"west": {"uv": [11.5, 1.5, 12.5, 2], "texture": "#0"},
				"up": {"uv": [12, 3, 11.5, 2], "texture": "#0"},
				"down": {"uv": [3, 11.5, 2.5, 12.5], "texture": "#0"}
			}
		},
		{
			"from": [7.2, 6.5, 6.1],
			"to": [8.8, 7.75, 11.75],
			"rotation": {"angle": -22.5, "axis": "x", "origin": [8, 7.375, 8.925]},
			"faces": {
				"north": {"uv": [10.5, 3.5, 11.5, 4], "texture": "#0"},
				"east": {"uv": [7.5, 3, 10.5, 3.5], "texture": "#0"},
				"south": {"uv": [10.5, 4, 11.5, 4.5], "texture": "#0"},
				"west": {"uv": [7.5, 3.5, 10.5, 4], "texture": "#0"},
				"up": {"uv": [5, 6, 4, 3], "texture": "#0"},
				"down": {"uv": [1, 5, 0, 8], "texture": "#0"}
			}
		},
		{
			"from": [6.75, 3.25, 10.25],
			"to": [9.25, 6.25, 13.25],
			"rotation": {"angle": 45, "axis": "x", "origin": [8, 5.5, 13.25]},
			"faces": {
				"north": {"uv": [6, 2.5, 7.5, 4], "texture": "#0"},
				"east": {"uv": [3, 6, 4.5, 7.5], "texture": "#0"},
				"south": {"uv": [6, 4, 7.5, 5.5], "texture": "#0"},
				"west": {"uv": [6, 5.5, 7.5, 7], "texture": "#0"},
				"up": {"uv": [8.5, 1.5, 7, 0], "texture": "#0"},
				"down": {"uv": [7.5, 7, 6, 8.5], "texture": "#0"}
			}
		},
		{
			"from": [6.25, 4.25, 11.25],
			"to": [9.75, 5.25, 12.25],
			"rotation": {"angle": 45, "axis": "x", "origin": [8, 5.5, 13.25]},
			"faces": {
				"north": {"uv": [7.5, 8, 9.5, 8.5], "texture": "#0"},
				"east": {"uv": [5.5, 8, 6, 8.5], "texture": "#0"},
				"south": {"uv": [8, 7.5, 10, 8], "texture": "#0"},
				"west": {"uv": [10.5, 4.5, 11, 5], "texture": "#0"},
				"up": {"uv": [10.5, 0.5, 8.5, 0], "texture": "#0"},
				"down": {"uv": [2.5, 8.5, 0.5, 9], "texture": "#0"}
			}
		},
		{
			"from": [6.5, 3.25, 10.25],
			"to": [6.75, 6, 10.5],
			"rotation": {"angle": 45, "axis": "x", "origin": [8, 5.5, 13.25]},
			"faces": {
				"north": {"uv": [4.5, 6, 5, 7.5], "texture": "#0"},
				"east": {"uv": [6.5, 9.5, 7, 11], "texture": "#0"},
				"south": {"uv": [7, 9.5, 7.5, 11], "texture": "#0"},
				"west": {"uv": [7.5, 9.5, 8, 11], "texture": "#0"},
				"up": {"uv": [13, 0.5, 12.5, 0], "texture": "#0"},
				"down": {"uv": [13, 1.5, 12.5, 2], "texture": "#0"}
			}
		},
		{
			"from": [6.5, 6, 10.25],
			"to": [6.75, 6.25, 13.25],
			"rotation": {"angle": 45, "axis": "x", "origin": [8, 5.5, 13.25]},
			"faces": {
				"north": {"uv": [12.5, 6.5, 13, 7], "texture": "#0"},
				"east": {"uv": [9.5, 0.5, 11, 1], "texture": "#0"},
				"south": {"uv": [7, 12.5, 7.5, 13], "texture": "#0"},
				"west": {"uv": [9.5, 1, 11, 1.5], "texture": "#0"},
				"up": {"uv": [8.5, 11, 8, 9.5], "texture": "#0"},
				"down": {"uv": [10, 8, 9.5, 9.5], "texture": "#0"}
			}
		},
		{
			"from": [6.5, 3.25, 13],
			"to": [6.75, 6, 13.25],
			"rotation": {"angle": 45, "axis": "x", "origin": [8, 5.5, 13.25]},
			"faces": {
				"north": {"uv": [1, 10, 1.5, 11.5], "texture": "#0"},
				"east": {"uv": [1.5, 10, 2, 11.5], "texture": "#0"},
				"south": {"uv": [2, 10, 2.5, 11.5], "texture": "#0"},
				"west": {"uv": [3.5, 10, 4, 11.5], "texture": "#0"},
				"up": {"uv": [13, 8, 12.5, 7.5], "texture": "#0"},
				"down": {"uv": [13, 8, 12.5, 8.5], "texture": "#0"}
			}
		},
		{
			"from": [6.5, 3.5, 11.25],
			"to": [6.75, 4.25, 11.5],
			"rotation": {"angle": 45, "axis": "x", "origin": [8, 5.5, 13.25]},
			"faces": {
				"north": {"uv": [3.5, 13, 4, 13.5], "texture": "#0"},
				"east": {"uv": [13, 3.5, 13.5, 4], "texture": "#0"},
				"south": {"uv": [13, 4, 13.5, 4.5], "texture": "#0"},
				"west": {"uv": [13, 4.5, 13.5, 5], "texture": "#0"},
				"up": {"uv": [5.5, 13.5, 5, 13], "texture": "#0"},
				"down": {"uv": [13.5, 5, 13, 5.5], "texture": "#0"}
			}
		},
		{
			"from": [6.5, 5, 12.25],
			"to": [6.75, 5.25, 13],
			"rotation": {"angle": 45, "axis": "x", "origin": [8, 5.5, 13.25]},
			"faces": {
				"north": {"uv": [12.5, 9.5, 13, 10], "texture": "#0"},
				"east": {"uv": [10, 12.5, 10.5, 13], "texture": "#0"},
				"south": {"uv": [12.5, 10, 13, 10.5], "texture": "#0"},
				"west": {"uv": [12.5, 10.5, 13, 11], "texture": "#0"},
				"up": {"uv": [13, 11.5, 12.5, 11], "texture": "#0"},
				"down": {"uv": [12, 12.5, 11.5, 13], "texture": "#0"}
			}
		},
		{
			"from": [6.5, 3.25, 10.5],
			"to": [6.75, 3.5, 13],
			"rotation": {"angle": 45, "axis": "x", "origin": [8, 5.5, 13.25]},
			"faces": {
				"north": {"uv": [13, 1, 13.5, 1.5], "texture": "#0"},
				"east": {"uv": [10, 7.5, 11.5, 8], "texture": "#0"},
				"south": {"uv": [1.5, 13, 2, 13.5], "texture": "#0"},
				"west": {"uv": [10, 8, 11.5, 8.5], "texture": "#0"},
				"up": {"uv": [5.5, 11.5, 5, 10], "texture": "#0"},
				"down": {"uv": [10.5, 8.5, 10, 10], "texture": "#0"}
			}
		},
		{
			"from": [9.25, 3.25, 10.5],
			"to": [9.5, 3.5, 11.5],
			"rotation": {"angle": 45, "axis": "x", "origin": [8, 5.5, 13.25]},
			"faces": {
				"north": {"uv": [12.5, 3, 13, 3.5], "texture": "#0"},
				"east": {"uv": [5, 12.5, 5.5, 13], "texture": "#0"},
				"south": {"uv": [5.5, 12.5, 6, 13], "texture": "#0"},
				"west": {"uv": [12.5, 5.5, 13, 6], "texture": "#0"},
				"up": {"uv": [6.5, 13, 6, 12.5], "texture": "#0"},
				"down": {"uv": [13, 6, 12.5, 6.5], "texture": "#0"}
			}
		},
		{
			"from": [9.25, 3.25, 10.25],
			"to": [9.5, 6, 10.5],
			"rotation": {"angle": 45, "axis": "x", "origin": [8, 5.5, 13.25]},
			"faces": {
				"north": {"uv": [8.5, 9.5, 9, 11], "texture": "#0"},
				"east": {"uv": [9, 9.5, 9.5, 11], "texture": "#0"},
				"south": {"uv": [9.5, 9.5, 10, 11], "texture": "#0"},
				"west": {"uv": [0.5, 10, 1, 11.5], "texture": "#0"},
				"up": {"uv": [13, 7.5, 12.5, 7], "texture": "#0"},
				"down": {"uv": [8, 12.5, 7.5, 13], "texture": "#0"}
			}
		},
		{
			"from": [9.25, 6, 10.25],
			"to": [9.5, 6.25, 13.25],
			"rotation": {"angle": 45, "axis": "x", "origin": [8, 5.5, 13.25]},
			"faces": {
				"north": {"uv": [12.5, 8.5, 13, 9], "texture": "#0"},
				"east": {"uv": [10, 1.5, 11.5, 2], "texture": "#0"},
				"south": {"uv": [12.5, 9, 13, 9.5], "texture": "#0"},
				"west": {"uv": [10, 2, 11.5, 2.5], "texture": "#0"},
				"up": {"uv": [4.5, 11.5, 4, 10], "texture": "#0"},
				"down": {"uv": [5, 10, 4.5, 11.5], "texture": "#0"}
			}
		},
		{
			"from": [9.25, 3.5, 11.25],
			"to": [9.5, 4.25, 11.5],
			"rotation": {"angle": 45, "axis": "x", "origin": [8, 5.5, 13.25]},
			"faces": {
				"north": {"uv": [12.5, 11.5, 13, 12], "texture": "#0"},
				"east": {"uv": [12.5, 12, 13, 12.5], "texture": "#0"},
				"south": {"uv": [12.5, 12.5, 13, 13], "texture": "#0"},
				"west": {"uv": [0, 13, 0.5, 13.5], "texture": "#0"},
				"up": {"uv": [13.5, 0.5, 13, 0], "texture": "#0"},
				"down": {"uv": [13.5, 0.5, 13, 1], "texture": "#0"}
			}
		},
		{
			"from": [9.25, 5, 12.25],
			"to": [9.5, 5.25, 13.25],
			"rotation": {"angle": 45, "axis": "x", "origin": [8, 5.5, 13.25]},
			"faces": {
				"north": {"uv": [13, 1.5, 13.5, 2], "texture": "#0"},
				"east": {"uv": [2, 13, 2.5, 13.5], "texture": "#0"},
				"south": {"uv": [13, 2, 13.5, 2.5], "texture": "#0"},
				"west": {"uv": [13, 2.5, 13.5, 3], "texture": "#0"},
				"up": {"uv": [3.5, 13.5, 3, 13], "texture": "#0"},
				"down": {"uv": [13.5, 3, 13, 3.5], "texture": "#0"}
			}
		},
		{
			"from": [9.25, 5.25, 13],
			"to": [9.5, 6, 13.25],
			"rotation": {"angle": 45, "axis": "x", "origin": [8, 5.5, 13.25]},
			"faces": {
				"north": {"uv": [5.5, 13, 6, 13.5], "texture": "#0"},
				"east": {"uv": [13, 5.5, 13.5, 6], "texture": "#0"},
				"south": {"uv": [6, 13, 6.5, 13.5], "texture": "#0"},
				"west": {"uv": [13, 6, 13.5, 6.5], "texture": "#0"},
				"up": {"uv": [7, 13.5, 6.5, 13], "texture": "#0"},
				"down": {"uv": [13.5, 6.5, 13, 7], "texture": "#0"}
			}
		}
	],
	"gui_light": "front",
	"display": {
		"thirdperson_righthand": {
			"translation": [-2, 2.5, 0.25],
			"scale": [0.625, 0.625, 0.625]
		},
		"thirdperson_lefthand": {
			"translation": [-2, 2.5, 0.25],
			"scale": [0.625, 0.625, 0.625]
		},
		"firstperson_righthand": {
			"rotation": [0, -5, 0],
			"translation": [-1, 5.5, 0],
			"scale": [0.625, 0.625, 0.625]
		},
		"firstperson_lefthand": {
			"rotation": [0, -5, 0],
			"translation": [-1, 5.5, 0],
			"scale": [0.625, 0.625, 0.625]
		},
		"ground": {
			"translation": [0, 2.5, 0],
			"scale": [0.625, 0.625, 0.625]
		},
		"gui": {
			"rotation": [0, -90, 0],
			"translation": [-2.75, 1.25, 0],
			"scale": [0.65, 0.65, 0.65]
		},
		"head": {
			"scale": [0, 0, 0]
		},
		"fixed": {
			"rotation": [-110.86, 25.46, 9.29],
			"translation": [0, 1.25, -6.5]
		}
	}
}