{
	"credit": "Made with Blockbench",
	"texture_size": [64, 64],
	"textures": {
		"0": "item/deadlocknanowire",
		"particle": "item/deadlocknanowire"
	},
	"elements": [
		{
			"from": [7, 0, 6],
			"to": [9, 2, 8],
			"faces": {
				"north": {"uv": [3, 7.5, 3.5, 8], "texture": "#0"},
				"east": {"uv": [3.5, 7.5, 4, 8], "texture": "#0"},
				"south": {"uv": [4, 7.5, 4.5, 8], "texture": "#0"},
				"west": {"uv": [4.5, 7.5, 5, 8], "texture": "#0"},
				"up": {"uv": [5.5, 8, 5, 7.5], "texture": "#0"},
				"down": {"uv": [6, 7.5, 5.5, 8], "texture": "#0"}
			}
		},
		{
			"from": [6, 2, 5],
			"to": [9, 4, 8],
			"faces": {
				"north": {"uv": [0, 7.5, 0.75, 8], "texture": "#0"},
				"east": {"uv": [0.75, 7.5, 1.5, 8], "texture": "#0"},
				"south": {"uv": [1.5, 7.5, 2.25, 8], "texture": "#0"},
				"west": {"uv": [2.25, 7.5, 3, 8], "texture": "#0"},
				"up": {"uv": [2.5, 5.75, 1.75, 5], "texture": "#0"},
				"down": {"uv": [2.5, 5.75, 1.75, 6.5], "texture": "#0"}
			}
		},
		{
			"from": [5, 4, 5],
			"to": [11, 6, 10],
			"faces": {
				"north": {"uv": [7, 5.25, 8.5, 5.75], "texture": "#0"},
				"east": {"uv": [7, 5.75, 8.25, 6.25], "texture": "#0"},
				"south": {"uv": [5.5, 7, 7, 7.5], "texture": "#0"},
				"west": {"uv": [7, 7, 8.25, 7.5], "texture": "#0"},
				"up": {"uv": [6.5, 3, 5, 1.75], "texture": "#0"},
				"down": {"uv": [6.5, 3, 5, 4.25], "texture": "#0"}
			}
		},
		{
			"from": [5, 6, 3],
			"to": [12, 8, 10],
			"faces": {
				"north": {"uv": [2, 7, 3.75, 7.5], "texture": "#0"},
				"east": {"uv": [3.75, 7, 5.5, 7.5], "texture": "#0"},
				"south": {"uv": [7, 4.25, 8.75, 4.75], "texture": "#0"},
				"west": {"uv": [7, 4.75, 8.75, 5.25], "texture": "#0"},
				"up": {"uv": [1.75, 6.75, 0, 5], "texture": "#0"},
				"down": {"uv": [6.75, 0, 5, 1.75], "texture": "#0"}
			}
		},
		{
			"from": [4, 7, 4],
			"to": [11, 9, 11],
			"rotation": {"angle": 0, "axis": "y", "origin": [8, 11, 7]},
			"faces": {
				"north": {"uv": [7, 4.75, 8.75, 5.25], "rotation": 180, "texture": "#0"},
				"east": {"uv": [7, 4.25, 8.75, 4.75], "rotation": 180, "texture": "#0"},
				"south": {"uv": [3.75, 7, 5.5, 7.5], "rotation": 180, "texture": "#0"},
				"west": {"uv": [2, 7, 3.75, 7.5], "rotation": 180, "texture": "#0"},
				"up": {"uv": [6.75, 0, 5, 1.75], "rotation": 90, "texture": "#0"},
				"down": {"uv": [1.75, 6.75, 0, 5], "rotation": 270, "texture": "#0"}
			}
		},
		{
			"from": [7, 13, 6],
			"to": [9, 15, 8],
			"rotation": {"angle": 0, "axis": "y", "origin": [8, 11, 7]},
			"faces": {
				"north": {"uv": [4.5, 7.5, 5, 8], "rotation": 180, "texture": "#0"},
				"east": {"uv": [4, 7.5, 4.5, 8], "rotation": 180, "texture": "#0"},
				"south": {"uv": [3.5, 7.5, 4, 8], "rotation": 180, "texture": "#0"},
				"west": {"uv": [3, 7.5, 3.5, 8], "rotation": 180, "texture": "#0"},
				"up": {"uv": [6, 7.5, 5.5, 8], "rotation": 90, "texture": "#0"},
				"down": {"uv": [5.5, 8, 5, 7.5], "rotation": 270, "texture": "#0"}
			}
		},
		{
			"from": [6, 11, 5],
			"to": [9, 13, 8],
			"rotation": {"angle": 0, "axis": "y", "origin": [8, 11, 7]},
			"faces": {
				"north": {"uv": [2.25, 7.5, 3, 8], "rotation": 180, "texture": "#0"},
				"east": {"uv": [1.5, 7.5, 2.25, 8], "rotation": 180, "texture": "#0"},
				"south": {"uv": [0.75, 7.5, 1.5, 8], "rotation": 180, "texture": "#0"},
				"west": {"uv": [0, 7.5, 0.75, 8], "rotation": 180, "texture": "#0"},
				"up": {"uv": [2.5, 5.75, 1.75, 6.5], "rotation": 90, "texture": "#0"},
				"down": {"uv": [2.5, 5.75, 1.75, 5], "rotation": 270, "texture": "#0"}
			}
		},
		{
			"from": [6, 9, 4],
			"to": [11, 11, 10],
			"rotation": {"angle": 0, "axis": "y", "origin": [8, 11, 7]},
			"faces": {
				"north": {"uv": [7, 7, 8.25, 7.5], "rotation": 180, "texture": "#0"},
				"east": {"uv": [5.5, 7, 7, 7.5], "rotation": 180, "texture": "#0"},
				"south": {"uv": [7, 5.75, 8.25, 6.25], "rotation": 180, "texture": "#0"},
				"west": {"uv": [7, 5.25, 8.5, 5.75], "rotation": 180, "texture": "#0"},
				"up": {"uv": [6.5, 3, 5, 4.25], "rotation": 90, "texture": "#0"},
				"down": {"uv": [6.5, 3, 5, 1.75], "rotation": 270, "texture": "#0"}
			}
		}
	],
	"display": {
		"head": {
			"translation": [0, -7.5, 2.25],
			"scale": [2.5, 2.5, 2.5]
		}
	}
}