{
	"credit": "Made with Blockbench",
	"texture_size": [32, 32],
	"textures": {
		"0": "item/water_gun",
		"particle": "item/water_gun"
	},
	"elements": [
		{
			"from": [7.25, 3, 5.25],
			"to": [8.75, 5, 13],
			"faces": {
				"north": {"uv": [1, 5, 2, 6], "texture": "#0"},
				"east": {"uv": [2, 0, 6, 1], "texture": "#0"},
				"south": {"uv": [3, 6.5, 4, 7.5], "texture": "#0"},
				"west": {"uv": [2, 1, 6, 2], "texture": "#0"},
				"up": {"uv": [3, 6, 2, 2], "texture": "#0"},
				"down": {"uv": [4, 2, 3, 6], "texture": "#0"}
			}
		},
		{
			"from": [7, 3, 5.25],
			"to": [9, 3.75, 13.25],
			"faces": {
				"north": {"uv": [8, 6.5, 9, 7], "texture": "#0"},
				"east": {"uv": [1, 6, 5, 6.5], "texture": "#0"},
				"south": {"uv": [8.5, 4.5, 9.5, 5], "texture": "#0"},
				"west": {"uv": [6, 1, 10, 1.5], "texture": "#0"},
				"up": {"uv": [5, 6, 4, 2], "texture": "#0"},
				"down": {"uv": [1, 5, 0, 9], "texture": "#0"}
			}
		},
		{
			"from": [8.75, 3.75, 4],
			"to": [9, 5.5, 9],
			"faces": {
				"north": {"uv": [6, 8.5, 6.5, 9.5], "texture": "#0"},
				"east": {"uv": [5, 2, 7.5, 3], "texture": "#0"},
				"south": {"uv": [6.5, 8.5, 7, 9.5], "texture": "#0"},
				"west": {"uv": [5, 3, 7.5, 4], "texture": "#0"},
				"up": {"uv": [1.5, 9, 1, 6.5], "texture": "#0"},
				"down": {"uv": [2, 6.5, 1.5, 9], "texture": "#0"}
			}
		},
		{
			"from": [7.25, 3.5, 4],
			"to": [8.75, 5.5, 5.25],
			"faces": {
				"north": {"uv": [4, 6.5, 5, 7.5], "texture": "#0"},
				"east": {"uv": [8.5, 8, 9, 9], "texture": "#0"},
				"south": {"uv": [7, 6, 8, 7], "texture": "#0"},
				"west": {"uv": [0, 9, 0.5, 10], "texture": "#0"},
				"up": {"uv": [1.5, 9.5, 0.5, 9], "texture": "#0"},
				"down": {"uv": [2.5, 9, 1.5, 9.5], "texture": "#0"}
			}
		},
		{
			"from": [7.25, 5.25, 5.25],
			"to": [8.75, 5.5, 9],
			"faces": {
				"north": {"uv": [9, 3, 10, 3.5], "texture": "#0"},
				"east": {"uv": [6, 1.5, 8, 2], "texture": "#0"},
				"south": {"uv": [9, 3.5, 10, 4], "texture": "#0"},
				"west": {"uv": [7, 7, 9, 7.5], "texture": "#0"},
				"up": {"uv": [6, 8, 5, 6], "texture": "#0"},
				"down": {"uv": [7, 6, 6, 8], "texture": "#0"}
			}
		},
		{
			"from": [7, 3.75, 4],
			"to": [7.25, 5.5, 9],
			"faces": {
				"north": {"uv": [2.5, 9, 3, 10], "texture": "#0"},
				"east": {"uv": [5, 4, 7.5, 5], "texture": "#0"},
				"south": {"uv": [9, 6.5, 9.5, 7.5], "texture": "#0"},
				"west": {"uv": [5, 5, 7.5, 6], "texture": "#0"},
				"up": {"uv": [2.5, 9, 2, 6.5], "texture": "#0"},
				"down": {"uv": [3, 6.5, 2.5, 9], "texture": "#0"}
			}
		},
		{
			"from": [8.25, 4, 1],
			"to": [8.5, 4.5, 5],
			"faces": {
				"north": {"uv": [3.5, 9.5, 4, 10], "texture": "#0"},
				"east": {"uv": [7.5, 2, 9.5, 2.5], "texture": "#0"},
				"south": {"uv": [4, 9.5, 4.5, 10], "texture": "#0"},
				"west": {"uv": [7.5, 2.5, 9.5, 3], "texture": "#0"},
				"up": {"uv": [3.5, 9.5, 3, 7.5], "texture": "#0"},
				"down": {"uv": [8, 3, 7.5, 5], "texture": "#0"}
			}
		},
		{
			"from": [7.5, 4, 1],
			"to": [7.75, 4.5, 5],
			"faces": {
				"north": {"uv": [4.5, 9.5, 5, 10], "texture": "#0"},
				"east": {"uv": [7.5, 5, 9.5, 5.5], "texture": "#0"},
				"south": {"uv": [9.5, 4.5, 10, 5], "texture": "#0"},
				"west": {"uv": [7.5, 5.5, 9.5, 6], "texture": "#0"},
				"up": {"uv": [4, 9.5, 3.5, 7.5], "texture": "#0"},
				"down": {"uv": [4.5, 7.5, 4, 9.5], "texture": "#0"}
			}
		},
		{
			"from": [7.5, 3.75, 1],
			"to": [8.5, 4, 5],
			"faces": {
				"north": {"uv": [9.5, 5, 10, 5.5], "texture": "#0"},
				"east": {"uv": [7, 7.5, 9, 8], "texture": "#0"},
				"south": {"uv": [9.5, 5.5, 10, 6], "texture": "#0"},
				"west": {"uv": [8, 1.5, 10, 2], "texture": "#0"},
				"up": {"uv": [5, 9.5, 4.5, 7.5], "texture": "#0"},
				"down": {"uv": [8.5, 3, 8, 5], "texture": "#0"}
			}
		},
		{
			"from": [7.5, 4.5, 1],
			"to": [8.5, 4.75, 5],
			"faces": {
				"north": {"uv": [6, 9.5, 6.5, 10], "texture": "#0"},
				"east": {"uv": [5, 8, 7, 8.5], "texture": "#0"},
				"south": {"uv": [6.5, 9.5, 7, 10], "texture": "#0"},
				"west": {"uv": [8, 6, 10, 6.5], "texture": "#0"},
				"up": {"uv": [7.5, 10, 7, 8], "texture": "#0"},
				"down": {"uv": [8, 8, 7.5, 10], "texture": "#0"}
			}
		},
		{
			"from": [7.25, 2.5, 3.75],
			"to": [8.75, 3.5, 14],
			"faces": {
				"north": {"uv": [9, 4, 10, 4.5], "texture": "#0"},
				"east": {"uv": [6, 0, 11, 0.5], "texture": "#0"},
				"south": {"uv": [9, 7.5, 10, 8], "texture": "#0"},
				"west": {"uv": [6, 0.5, 11, 1], "texture": "#0"},
				"up": {"uv": [1, 5, 0, 0], "texture": "#0"},
				"down": {"uv": [2, 0, 1, 5], "texture": "#0"}
			}
		},
		{
			"from": [7.5, 1, 11.25],
			"to": [8.5, 3.5, 12.5],
			"rotation": {"angle": -22.5, "axis": "x", "origin": [8, 1.5, 13.125]},
			"faces": {
				"north": {"uv": [8, 8, 8.5, 9.5], "texture": "#0"},
				"east": {"uv": [8.5, 3, 9, 4.5], "texture": "#0"},
				"south": {"uv": [5, 8.5, 5.5, 10], "texture": "#0"},
				"west": {"uv": [5.5, 8.5, 6, 10], "texture": "#0"},
				"up": {"uv": [10, 7, 9.5, 6.5], "texture": "#0"},
				"down": {"uv": [10, 7, 9.5, 7.5], "texture": "#0"}
			}
		},
		{
			"from": [7.75, 1.97031, 10.05971],
			"to": [8.25, 3.97031, 10.30971],
			"rotation": {"angle": 22.5, "axis": "x", "origin": [8, 2.47031, 8.93471]},
			"faces": {
				"north": {"uv": [9, 8, 9.5, 9], "texture": "#0"},
				"east": {"uv": [8.5, 9, 9, 10], "texture": "#0"},
				"south": {"uv": [9, 9, 9.5, 10], "texture": "#0"},
				"west": {"uv": [0.5, 9.5, 1, 10.5], "texture": "#0"},
				"up": {"uv": [8.5, 10, 8, 9.5], "texture": "#0"},
				"down": {"uv": [10, 8, 9.5, 8.5], "texture": "#0"}
			}
		},
		{
			"from": [7.75, 4.75, 12.75],
			"to": [8.25, 5.25, 13],
			"rotation": {"angle": -45, "axis": "x", "origin": [8, 5, 13]},
			"faces": {
				"north": {"uv": [9.5, 8.5, 10, 9], "texture": "#0"},
				"east": {"uv": [9.5, 9, 10, 9.5], "texture": "#0"},
				"south": {"uv": [9.5, 9.5, 10, 10], "texture": "#0"},
				"west": {"uv": [0, 10, 0.5, 10.5], "texture": "#0"},
				"up": {"uv": [1.5, 10.5, 1, 10], "texture": "#0"},
				"down": {"uv": [10.5, 1, 10, 1.5], "texture": "#0"}
			}
		},
		{
			"from": [7.5, 4.58839, 12.96339],
			"to": [8.5, 5.58839, 13.21339],
			"rotation": {"angle": -45, "axis": "x", "origin": [8, 5.08839, 13.08839]},
			"faces": {
				"north": {"uv": [1, 9.5, 1.5, 10], "texture": "#0"},
				"east": {"uv": [1.5, 9.5, 2, 10], "texture": "#0"},
				"south": {"uv": [2, 9.5, 2.5, 10], "texture": "#0"},
				"west": {"uv": [9.5, 2, 10, 2.5], "texture": "#0"},
				"up": {"uv": [10, 3, 9.5, 2.5], "texture": "#0"},
				"down": {"uv": [3.5, 9.5, 3, 10], "texture": "#0"}
			}
		}
	],
	"gui_light": "front",
	"display": {
		"thirdperson_righthand": {
			"translation": [-2, 6.25, -2],
			"scale": [1.25, 1.25, 1.25]
		},
		"thirdperson_lefthand": {
			"translation": [-2, 6.25, -2],
			"scale": [1.25, 1.25, 1.25]
		},
		"firstperson_righthand": {
			"rotation": [0, 2.5, 0],
			"translation": [-3, 9.75, 0]
		},
		"firstperson_lefthand": {
			"rotation": [0, 2.5, 0],
			"translation": [-3, 9.75, 0]
		},
		"ground": {
			"translation": [0, 5, 0]
		},
		"gui": {
			"rotation": [0, -90, 0],
			"translation": [-0.5, 4.75, 0],
			"scale": [1.15, 1.15, 1.15]
		},
		"head": {
			"scale": [0, 0, 0]
		},
		"fixed": {
			"rotation": [-105.25, 0, 0],
			"translation": [0, 0, -8],
			"scale": [1.25, 1.25, 1.25]
		}
	}
}