{
	"credit": "Made with Blockbench",
	"texture_size": [32, 32],
	"textures": {
		"0": "item/sledge_hammer",
		"particle": "item/sledge_hammer"
	},
	"elements": [
		{
			"from": [7, 0, 7],
			"to": [9, 26.5, 9],
			"faces": {
				"north": {"uv": [0, 0, 1, 13.5], "texture": "#0"},
				"east": {"uv": [1, 0, 2, 13.5], "texture": "#0"},
				"south": {"uv": [2, 0, 3, 13.5], "texture": "#0"},
				"west": {"uv": [3, 0, 4, 13.5], "texture": "#0"},
				"up": {"uv": [5, 9, 4, 8], "texture": "#0"},
				"down": {"uv": [9, 4, 8, 5], "texture": "#0"}
			}
		},
		{
			"from": [6, 22, 4],
			"to": [10, 26, 12],
			"faces": {
				"north": {"uv": [8, 0, 10, 2], "texture": "#0"},
				"east": {"uv": [4, 0, 8, 2], "texture": "#0"},
				"south": {"uv": [8, 2, 10, 4], "texture": "#0"},
				"west": {"uv": [4, 2, 8, 4], "texture": "#0"},
				"up": {"uv": [6, 8, 4, 4], "texture": "#0"},
				"down": {"uv": [8, 4, 6, 8], "texture": "#0"}
			}
		}
	],
	"gui_light": "front",
	"display": {
		"thirdperson_righthand": {
			"rotation": [-42.25, 0, 0],
			"translation": [-1.75, -6.5, 4.5]
		},
		"thirdperson_lefthand": {
			"rotation": [-42.25, 0, 0],
			"translation": [-1.75, -6.5, 4.5]
		},
		"firstperson_righthand": {
			"rotation": [1.26, 10.36, -73.27],
			"translation": [-15, -2, -3.75]
		},
		"firstperson_lefthand": {
			"rotation": [1.26, 10.36, -73.27],
			"translation": [-15, -2, -3.75]
		},
		"ground": {
			"rotation": [0, 0, -90],
			"translation": [-5, -1, 0]
		},
		"gui": {
			"rotation": [-90, -45, -90],
			"translation": [-3.25, -3.25, 0],
			"scale": [0.7, 0.7, 0.7]
		},
		"head": {
			"scale": [0, 0, 0]
		},
		"fixed": {
			"rotation": [79.17, 6.89, 1.29],
			"translation": [0.75, -3.5, -35.75],
			"scale": [2, 2, 2]
		}
	}
}