{
	"credit": "Made with Blockbench",
	"texture_size": [64, 64],
	"textures": {
		"0": "item/deadlocknanowire",
		"particle": "item/deadlocknanowire"
	},
	"elements": [
		{
			"from": [7, 0, 6],
			"to": [9, 2, 8],
			"faces": {
				"north": {"uv": [3, 7.5, 3.5, 8], "texture": "#0"},
				"east": {"uv": [3.5, 7.5, 4, 8], "texture": "#0"},
				"south": {"uv": [4, 7.5, 4.5, 8], "texture": "#0"},
				"west": {"uv": [4.5, 7.5, 5, 8], "texture": "#0"},
				"up": {"uv": [5.5, 8, 5, 7.5], "texture": "#0"},
				"down": {"uv": [6, 7.5, 5.5, 8], "texture": "#0"}
			}
		},
		{
			"from": [6, 2, 5],
			"to": [9, 4, 8],
			"faces": {
				"north": {"uv": [0, 7.5, 0.75, 8], "texture": "#0"},
				"east": {"uv": [0.75, 7.5, 1.5, 8], "texture": "#0"},
				"south": {"uv": [1.5, 7.5, 2.25, 8], "texture": "#0"},
				"west": {"uv": [2.25, 7.5, 3, 8], "texture": "#0"},
				"up": {"uv": [2.5, 5.75, 1.75, 5], "texture": "#0"},
				"down": {"uv": [2.5, 5.75, 1.75, 6.5], "texture": "#0"}
			}
		},
		{
			"from": [5, 4, 5],
			"to": [11, 6, 10],
			"faces": {
				"north": {"uv": [7, 5.25, 8.5, 5.75], "texture": "#0"},
				"east": {"uv": [7, 5.75, 8.25, 6.25], "texture": "#0"},
				"south": {"uv": [5.5, 7, 7, 7.5], "texture": "#0"},
				"west": {"uv": [7, 7, 8.25, 7.5], "texture": "#0"},
				"up": {"uv": [6.5, 3, 5, 1.75], "texture": "#0"},
				"down": {"uv": [6.5, 3, 5, 4.25], "texture": "#0"}
			}
		},
		{
			"from": [5, 6, 3],
			"to": [12, 8, 10],
			"faces": {
				"north": {"uv": [2, 7, 3.75, 7.5], "texture": "#0"},
				"east": {"uv": [3.75, 7, 5.5, 7.5], "texture": "#0"},
				"south": {"uv": [7, 4.25, 8.75, 4.75], "texture": "#0"},
				"west": {"uv": [7, 4.75, 8.75, 5.25], "texture": "#0"},
				"up": {"uv": [1.75, 6.75, 0, 5], "texture": "#0"},
				"down": {"uv": [6.75, 0, 5, 1.75], "texture": "#0"}
			}
		},
		{
			"from": [3, 8, 2],
			"to": [13, 10, 11],
			"faces": {
				"north": {"uv": [1.75, 6.5, 4.25, 7], "texture": "#0"},
				"east": {"uv": [4.25, 6.5, 6.5, 7], "texture": "#0"},
				"south": {"uv": [6.5, 1.75, 9, 2.25], "texture": "#0"},
				"west": {"uv": [6.5, 6.5, 8.75, 7], "texture": "#0"},
				"up": {"uv": [5, 2.25, 2.5, 0], "texture": "#0"},
				"down": {"uv": [5, 2.25, 2.5, 4.5], "texture": "#0"}
			}
		},
		{
			"from": [3, 10, 2],
			"to": [13, 12, 12],
			"faces": {
				"north": {"uv": [6.5, 2.25, 9, 2.75], "texture": "#0"},
				"east": {"uv": [6.5, 2.75, 9, 3.25], "texture": "#0"},
				"south": {"uv": [6.5, 3.25, 9, 3.75], "texture": "#0"},
				"west": {"uv": [6.5, 3.75, 9, 4.25], "texture": "#0"},
				"up": {"uv": [2.5, 2.5, 0, 0], "texture": "#0"},
				"down": {"uv": [2.5, 2.5, 0, 5], "texture": "#0"}
			}
		},
		{
			"from": [5, 8, 5],
			"to": [6, 12, 9],
			"faces": {
				"north": {"uv": [6.5, 2.25, 9, 2.75], "texture": "#0"},
				"east": {"uv": [6.5, 2.75, 9, 3.25], "texture": "#0"},
				"south": {"uv": [6.5, 3.25, 9, 3.75], "texture": "#0"},
				"west": {"uv": [6.5, 3.75, 9, 4.25], "texture": "#0"},
				"up": {"uv": [2.5, 2.5, 0, 0], "texture": "#0"},
				"down": {"uv": [2.5, 2.5, 0, 5], "texture": "#0"}
			}
		},
		{
			"from": [5, 8, 4],
			"to": [11, 12, 5],
			"faces": {
				"north": {"uv": [6.5, 2.25, 9, 2.75], "texture": "#0"},
				"east": {"uv": [6.5, 2.75, 9, 3.25], "texture": "#0"},
				"south": {"uv": [6.5, 3.25, 9, 3.75], "texture": "#0"},
				"west": {"uv": [6.5, 3.75, 9, 4.25], "texture": "#0"},
				"up": {"uv": [2.5, 2.5, 0, 0], "texture": "#0"},
				"down": {"uv": [2.5, 2.5, 0, 5], "texture": "#0"}
			}
		},
		{
			"from": [10, 8, 5],
			"to": [11, 12, 9],
			"faces": {
				"north": {"uv": [6.5, 2.25, 9, 2.75], "texture": "#0"},
				"east": {"uv": [6.5, 2.75, 9, 3.25], "texture": "#0"},
				"south": {"uv": [6.5, 3.25, 9, 3.75], "texture": "#0"},
				"west": {"uv": [6.5, 3.75, 9, 4.25], "texture": "#0"},
				"up": {"uv": [2.5, 2.5, 0, 0], "texture": "#0"},
				"down": {"uv": [2.5, 2.5, 0, 5], "texture": "#0"}
			}
		},
		{
			"from": [5, 8, 9],
			"to": [11, 12, 10],
			"faces": {
				"north": {"uv": [6.5, 2.25, 9, 2.75], "texture": "#0"},
				"east": {"uv": [6.5, 2.75, 9, 3.25], "texture": "#0"},
				"south": {"uv": [6.5, 3.25, 9, 3.75], "texture": "#0"},
				"west": {"uv": [6.5, 3.75, 9, 4.25], "texture": "#0"},
				"up": {"uv": [2.5, 2.5, 0, 0], "texture": "#0"},
				"down": {"uv": [2.5, 2.5, 0, 5], "texture": "#0"}
			}
		},
		{
			"from": [4, 12, 3],
			"to": [13, 14, 11],
			"faces": {
				"north": {"uv": [6.75, 0, 9, 0.5], "texture": "#0"},
				"east": {"uv": [6.75, 1, 8.75, 1.5], "texture": "#0"},
				"south": {"uv": [6.75, 0.5, 9, 1], "texture": "#0"},
				"west": {"uv": [0, 7, 2, 7.5], "texture": "#0"},
				"up": {"uv": [4.75, 6.5, 2.5, 4.5], "texture": "#0"},
				"down": {"uv": [7, 4.5, 4.75, 6.5], "texture": "#0"}
			}
		}
	],
	"display": {
		"head": {
			"translation": [0, -13.5, 3.5],
			"scale": [4, 4, 4]
		}
	}
}