{
    "parent": "item/generated",
    "textures": {
        "layer0": "item/feather"
    },
    "display": {
        "head": {
            "rotation": [ 0, 0, 45 ],
            "translation": [ -1, 13, 7],
            "scale":[ 1, 1, 1]
        }
    }, 
    "overrides": [
        {"predicate": {"custom_model_data":-204}, "model": "custom/deadlockultload3"},
        {"predicate": {"custom_model_data":-203}, "model": "custom/deadlockultload2"},
        {"predicate": {"custom_model_data":-202}, "model": "custom/deadlockultload1"},
        {"predicate": {"custom_model_data":-201}, "model": "custom/deadlockultload0"},
        {"predicate": {"custom_model_data":-200}, "model": "custom/deadlockultempty"},
        {"predicate": {"custom_model_data":-101}, "model": "custom/deadlockultrighthandempty"},
        {"predicate": {"custom_model_data":-100}, "model": "custom/deadlockultholdingright"},
        {"predicate": {"custom_model_data":-10}, "model": "custom/knife"},
        {"predicate": {"custom_model_data":1}, "model": "custom/classic"},
        {"predicate": {"custom_model_data":2}, "model": "custom/shorty"},
        {"predicate": {"custom_model_data":3}, "model": "custom/frenzy"},
        {"predicate": {"custom_model_data":4}, "model": "custom/ghost"},
        {"predicate": {"custom_model_data":5}, "model": "custom/sheriff"},
        {"predicate": {"custom_model_data":6}, "model": "custom/stinger"},
        {"predicate": {"custom_model_data":7}, "model": "custom/spectre"},
        {"predicate": {"custom_model_data":8}, "model": "custom/bucky"},
        {"predicate": {"custom_model_data":9}, "model": "custom/judge"},
        {"predicate": {"custom_model_data":10}, "model": "custom/bulldog"},
        {"predicate": {"custom_model_data":11}, "model": "custom/guardian"},
        {"predicate": {"custom_model_data":12}, "model": "custom/phantom"},
        {"predicate": {"custom_model_data":13}, "model": "custom/vandal"},
        {"predicate": {"custom_model_data":14}, "model": "custom/marshal"},
        {"predicate": {"custom_model_data":15}, "model": "custom/operator"},
        {"predicate": {"custom_model_data":16}, "model": "custom/ares"},
        {"predicate": {"custom_model_data":17}, "model": "custom/odin"},
        {"predicate": {"custom_model_data":113}, "model": "custom/champions2021vandal"},
        {"predicate": {"custom_model_data":1006}, "model": "custom/stingeraim"},
        {"predicate": {"custom_model_data":1007}, "model": "custom/spectreaaim"},
        {"predicate": {"custom_model_data":1010}, "model": "custom/bulldogaim"},
        {"predicate": {"custom_model_data":1011}, "model": "custom/guardianaim"},
        {"predicate": {"custom_model_data":1012}, "model": "custom/phantomaim"},
        {"predicate": {"custom_model_data":1013}, "model": "custom/vandalaim"},
        {"predicate": {"custom_model_data":1014}, "model": "custom/marshalaim"},
        {"predicate": {"custom_model_data":1015}, "model": "custom/operatoraim"},
        {"predicate": {"custom_model_data":1016}, "model": "custom/aresaim"},
        {"predicate": {"custom_model_data":1017}, "model": "custom/odinaim"},
        {"predicate": {"custom_model_data":1113}, "model": "custom/champions2021vandalaim"},
        {"predicate": {"custom_model_data":2001}, "model": "custom/classicreload"},
        {"predicate": {"custom_model_data":2002}, "model": "custom/shortyreload"},
        {"predicate": {"custom_model_data":2003}, "model": "custom/frenzyreload"},
        {"predicate": {"custom_model_data":2004}, "model": "custom/ghostreload"},
        {"predicate": {"custom_model_data":2005}, "model": "custom/sheriffreload"},
        {"predicate": {"custom_model_data":2006}, "model": "custom/stingerreload"},
        {"predicate": {"custom_model_data":2007}, "model": "custom/spectrereload"},
        {"predicate": {"custom_model_data":2008}, "model": "custom/buckyreload"},
        {"predicate": {"custom_model_data":2009}, "model": "custom/judgereload"},
        {"predicate": {"custom_model_data":2010}, "model": "custom/bulldogreload"},
        {"predicate": {"custom_model_data":2011}, "model": "custom/guardianreload"},
        {"predicate": {"custom_model_data":2012}, "model": "custom/phantomreload"},
        {"predicate": {"custom_model_data":2013}, "model": "custom/vandalreload"},
        {"predicate": {"custom_model_data":2014}, "model": "custom/marshalreload"},
        {"predicate": {"custom_model_data":2015}, "model": "custom/operatorreload"},
        {"predicate": {"custom_model_data":2016}, "model": "custom/aresreload"},
        {"predicate": {"custom_model_data":2017}, "model": "custom/odinreload"},
        {"predicate": {"custom_model_data":2113}, "model": "custom/champions2021vandalreload"},
        {"predicate": {"custom_model_data":3113}, "model": "custom/champions2021vandalMVP"},
        {"predicate": {"custom_model_data":4113}, "model": "custom/champions2021vandalaimMVP"},
        {"predicate": {"custom_model_data":5113}, "model": "custom/champions2021vandalreloadMVP"}
   ]
}