{
	"credit": "Made with Blockbench",
	"parent": "shotgun",
	"texture_size": [8, 8],
	"textures": {
		"2": "item/barrel",
		"3": "item/handle",
		"4": "item/shell",
		"particle": "item/shell"
	},
	"elements": [
		{
			"from": [7.4, 2.7, -1.6],
			"to": [8.6, 3.8, 4],
			"rotation": {"angle": 0, "axis": "x", "origin": [8, 3.225, 5.225]},
			"faces": {
				"north": {"uv": [8, 7, 8.5, 7.5], "texture": "#2"},
				"east": {"uv": [8, 3, 11, 3.5], "texture": "#2"},
				"south": {"uv": [8, 7.5, 8.5, 8], "texture": "#2"},
				"west": {"uv": [8, 3.5, 11, 4], "texture": "#2"},
				"up": {"uv": [2.5, 11, 2, 8], "texture": "#2"},
				"down": {"uv": [3, 8, 2.5, 11], "texture": "#2"}
			}
		},
		{
			"from": [7.6, 2.8, -1.5],
			"to": [8.4, 3.75, 5],
			"rotation": {"angle": 0, "axis": "x", "origin": [8, 3.225, 5.225]},
			"faces": {
				"north": {"uv": [8, 8, 8.5, 8.5], "texture": "#2"},
				"east": {"uv": [7, 6, 10.5, 6.5], "texture": "#2"},
				"south": {"uv": [8.5, 7, 9, 7.5], "texture": "#2"},
				"west": {"uv": [7, 6.5, 10.5, 7], "texture": "#2"},
				"up": {"uv": [7.5, 10.5, 7, 7], "texture": "#2"},
				"down": {"uv": [8, 7, 7.5, 10.5], "texture": "#2"}
			}
		},
		{
			"from": [6.9, 4.5, -2],
			"to": [7.9, 4.75, 8],
			"rotation": {"angle": 0, "axis": "x", "origin": [8, 3.225, 5.225]},
			"faces": {
				"north": {"uv": [8.5, 7.5, 9, 8], "texture": "#2"},
				"east": {"uv": [0, 0, 5, 0.5], "texture": "#2"},
				"south": {"uv": [8, 8.5, 8.5, 9], "texture": "#2"},
				"west": {"uv": [0, 0.5, 5, 1], "texture": "#2"},
				"up": {"uv": [0.5, 6, 0, 1], "texture": "#2"},
				"down": {"uv": [1, 1, 0.5, 6], "texture": "#2"}
			}
		},
		{
			"from": [7.65, 4, -2],
			"to": [7.9, 4.5, 8],
			"rotation": {"angle": 0, "axis": "x", "origin": [8, 3.225, 5.225]},
			"faces": {
				"north": {"uv": [8.5, 8, 9, 8.5], "texture": "#2"},
				"east": {"uv": [1, 1, 6, 1.5], "texture": "#2"},
				"south": {"uv": [8.5, 8.5, 9, 9], "texture": "#2"},
				"west": {"uv": [1, 1.5, 6, 2], "texture": "#2"},
				"up": {"uv": [1.5, 7, 1, 2], "texture": "#2"},
				"down": {"uv": [2, 2, 1.5, 7], "texture": "#2"}
			}
		},
		{
			"from": [6.9, 3.75, -2],
			"to": [7.9, 4, 8],
			"rotation": {"angle": 0, "axis": "x", "origin": [8, 3.225, 5.225]},
			"faces": {
				"north": {"uv": [3, 9, 3.5, 9.5], "texture": "#2"},
				"east": {"uv": [2, 2, 7, 2.5], "texture": "#2"},
				"south": {"uv": [3.5, 9, 4, 9.5], "texture": "#2"},
				"west": {"uv": [2, 2.5, 7, 3], "texture": "#2"},
				"up": {"uv": [2.5, 8, 2, 3], "texture": "#2"},
				"down": {"uv": [3, 3, 2.5, 8], "texture": "#2"}
			}
		},
		{
			"from": [6.9, 4, -2],
			"to": [7.15, 4.5, 8],
			"rotation": {"angle": 0, "axis": "x", "origin": [8, 3.225, 5.225]},
			"faces": {
				"north": {"uv": [9, 4, 9.5, 4.5], "texture": "#2"},
				"east": {"uv": [3, 3, 8, 3.5], "texture": "#2"},
				"south": {"uv": [9, 4.5, 9.5, 5], "texture": "#2"},
				"west": {"uv": [3, 3.5, 8, 4], "texture": "#2"},
				"up": {"uv": [3.5, 9, 3, 4], "texture": "#2"},
				"down": {"uv": [4, 4, 3.5, 9], "texture": "#2"}
			}
		},
		{
			"from": [7.9, 3.75, -1.75],
			"to": [8.1, 4.85, 7.75],
			"rotation": {"angle": 0, "axis": "x", "origin": [8, 3.225, 5.225]},
			"faces": {
				"north": {"uv": [9, 7, 9.5, 7.5], "texture": "#2"},
				"east": {"uv": [4, 4, 9, 4.5], "texture": "#2"},
				"south": {"uv": [9, 7.5, 9.5, 8], "texture": "#2"},
				"west": {"uv": [4, 4.5, 9, 5], "texture": "#2"},
				"up": {"uv": [4.5, 10, 4, 5], "texture": "#2"},
				"down": {"uv": [5, 5, 4.5, 10], "texture": "#2"}
			}
		},
		{
			"from": [8.1, 4.5, -2],
			"to": [9.1, 4.75, 8],
			"rotation": {"angle": 0, "axis": "x", "origin": [8, 3.225, 5.225]},
			"faces": {
				"north": {"uv": [8, 9, 8.5, 9.5], "texture": "#2"},
				"east": {"uv": [5, 0, 10, 0.5], "texture": "#2"},
				"south": {"uv": [9, 8, 9.5, 8.5], "texture": "#2"},
				"west": {"uv": [5, 0.5, 10, 1], "texture": "#2"},
				"up": {"uv": [5.5, 10, 5, 5], "texture": "#2"},
				"down": {"uv": [6, 5, 5.5, 10], "texture": "#2"}
			}
		},
		{
			"from": [8.85, 4, -2],
			"to": [9.1, 4.5, 8],
			"rotation": {"angle": 0, "axis": "x", "origin": [8, 3.225, 5.225]},
			"faces": {
				"north": {"uv": [8.5, 9, 9, 9.5], "texture": "#2"},
				"east": {"uv": [6, 1, 11, 1.5], "texture": "#2"},
				"south": {"uv": [9, 8.5, 9.5, 9], "texture": "#2"},
				"west": {"uv": [6, 1.5, 11, 2], "texture": "#2"},
				"up": {"uv": [0.5, 11, 0, 6], "texture": "#2"},
				"down": {"uv": [1, 6, 0.5, 11], "texture": "#2"}
			}
		},
		{
			"from": [8.1, 3.75, -2],
			"to": [9.1, 4, 8],
			"rotation": {"angle": 0, "axis": "x", "origin": [8, 3.225, 5.225]},
			"faces": {
				"north": {"uv": [9, 9, 9.5, 9.5], "texture": "#2"},
				"east": {"uv": [6, 5, 11, 5.5], "texture": "#2"},
				"south": {"uv": [3, 9.5, 3.5, 10], "texture": "#2"},
				"west": {"uv": [6, 5.5, 11, 6], "texture": "#2"},
				"up": {"uv": [6.5, 11, 6, 6], "texture": "#2"},
				"down": {"uv": [7, 6, 6.5, 11], "texture": "#2"}
			}
		},
		{
			"from": [8.1, 4, -2],
			"to": [8.35, 4.5, 8],
			"rotation": {"angle": 0, "axis": "x", "origin": [8, 3.225, 5.225]},
			"faces": {
				"north": {"uv": [3.5, 9.5, 4, 10], "texture": "#2"},
				"east": {"uv": [7, 2, 12, 2.5], "texture": "#2"},
				"south": {"uv": [9.5, 4, 10, 4.5], "texture": "#2"},
				"west": {"uv": [7, 2.5, 12, 3], "texture": "#2"},
				"up": {"uv": [1.5, 12, 1, 7], "texture": "#2"},
				"down": {"uv": [2, 7, 1.5, 12], "texture": "#2"}
			}
		},
		{
			"from": [7.15, 4.5, 9.5],
			"to": [7.15, 4.5, 9.5],
			"rotation": {"angle": 0, "axis": "x", "origin": [8, 3.225, 5.225]},
			"faces": {
				"north": {"uv": [2, 4, 3, 5], "texture": "#4"},
				"east": {"uv": [0, 0, 3, 1], "texture": "#4"},
				"south": {"uv": [4, 4, 5, 5], "texture": "#4"},
				"west": {"uv": [0, 2, 3, 3], "texture": "#4"},
				"up": {"uv": [1, 7, 0, 4], "texture": "#4"},
				"down": {"uv": [5, 0, 4, 3], "texture": "#4"}
			}
		},
		{
			"from": [8.35, 4.5, 9.5],
			"to": [8.35, 4.5, 9.5],
			"rotation": {"angle": 0, "axis": "x", "origin": [8, 3.225, 5.225]},
			"faces": {
				"north": {"uv": [2, 4, 3, 5], "texture": "#4"},
				"east": {"uv": [0, 0, 3, 1], "texture": "#4"},
				"south": {"uv": [4, 4, 5, 5], "texture": "#4"},
				"west": {"uv": [0, 2, 3, 3], "texture": "#4"},
				"up": {"uv": [1, 7, 0, 4], "texture": "#4"},
				"down": {"uv": [5, 0, 4, 3], "texture": "#4"}
			}
		},
		{
			"from": [7.15, 4, 6.5],
			"to": [7.65, 4.5, 8],
			"rotation": {"angle": 0, "axis": "x", "origin": [8, 3.225, 5.225]},
			"faces": {
				"north": {"uv": [2, 4, 3, 5], "texture": "#4"},
				"east": {"uv": [0, 0, 3, 1], "texture": "#4"},
				"south": {"uv": [4, 4, 5, 5], "texture": "#4"},
				"west": {"uv": [0, 2, 3, 3], "texture": "#4"},
				"up": {"uv": [1, 7, 0, 4], "texture": "#4"},
				"down": {"uv": [5, 0, 4, 3], "texture": "#4"}
			}
		},
		{
			"from": [8.35, 4, 6.5],
			"to": [8.85, 4.5, 8],
			"rotation": {"angle": 0, "axis": "x", "origin": [8, 3.225, 5.225]},
			"faces": {
				"north": {"uv": [2, 4, 3, 5], "texture": "#4"},
				"east": {"uv": [0, 0, 3, 1], "texture": "#4"},
				"south": {"uv": [4, 4, 5, 5], "texture": "#4"},
				"west": {"uv": [0, 2, 3, 3], "texture": "#4"},
				"up": {"uv": [1, 7, 0, 4], "texture": "#4"},
				"down": {"uv": [5, 0, 4, 3], "texture": "#4"}
			}
		},
		{
			"from": [7.5, 0.75, 10],
			"to": [8.5, 2.75, 12],
			"rotation": {"angle": 0, "axis": "x", "origin": [8, 1.225, 13.225]},
			"faces": {
				"north": {"uv": [4, 6, 5, 8], "texture": "#3"},
				"east": {"uv": [5, 2, 7, 4], "texture": "#3"},
				"south": {"uv": [5, 6, 6, 8], "texture": "#3"},
				"west": {"uv": [5, 4, 7, 6], "texture": "#3"},
				"up": {"uv": [7, 8, 6, 6], "texture": "#3"},
				"down": {"uv": [8, 0, 7, 2], "texture": "#3"}
			}
		},
		{
			"from": [7.4, 0.23, 11.41],
			"to": [8.6, 2.23, 14.41],
			"rotation": {"angle": 22.5, "axis": "x", "origin": [8, 1.225, 13.225]},
			"faces": {
				"north": {"uv": [7, 2, 8, 4], "texture": "#3"},
				"east": {"uv": [2, 2, 5, 4], "texture": "#3"},
				"south": {"uv": [7, 4, 8, 6], "texture": "#3"},
				"west": {"uv": [2, 4, 5, 6], "texture": "#3"},
				"up": {"uv": [3, 9, 2, 6], "texture": "#3"},
				"down": {"uv": [4, 6, 3, 9], "texture": "#3"}
			}
		},
		{
			"from": [7.5, 1, 8],
			"to": [8.5, 1.5, 10],
			"rotation": {"angle": 0, "axis": "x", "origin": [8, 1.225, 13.225]},
			"faces": {
				"north": {"uv": [6, 11, 7, 11.5], "texture": "#3"},
				"east": {"uv": [9, 5, 11, 5.5], "texture": "#3"},
				"south": {"uv": [11, 6, 12, 6.5], "texture": "#3"},
				"west": {"uv": [8, 9, 10, 9.5], "texture": "#3"},
				"up": {"uv": [8, 8, 7, 6], "texture": "#3"},
				"down": {"uv": [9, 0, 8, 2], "texture": "#3"}
			}
		},
		{
			"from": [7.5, 1.5, 7.5],
			"to": [8.5, 2.75, 8],
			"rotation": {"angle": 0, "axis": "x", "origin": [8, 1.225, 13.225]},
			"faces": {
				"north": {"uv": [1, 9, 2, 10.5], "texture": "#3"},
				"east": {"uv": [8, 10, 8.5, 11.5], "texture": "#3"},
				"south": {"uv": [2, 9, 3, 10.5], "texture": "#3"},
				"west": {"uv": [10, 8, 10.5, 9.5], "texture": "#3"},
				"up": {"uv": [8, 11.5, 7, 11], "texture": "#3"},
				"down": {"uv": [12, 7, 11, 7.5], "texture": "#3"}
			}
		},
		{
			"from": [7.5, 2.75, 4.5],
			"to": [8.5, 3.75, 11],
			"rotation": {"angle": 0, "axis": "x", "origin": [8, 1.225, 13.225]},
			"faces": {
				"north": {"uv": [9, 8, 10, 9], "texture": "#3"},
				"east": {"uv": [0, 0, 6.5, 1], "texture": "#3"},
				"south": {"uv": [10, 0, 11, 1], "texture": "#3"},
				"west": {"uv": [0, 1, 6.5, 2], "texture": "#3"},
				"up": {"uv": [1, 8.5, 0, 2], "texture": "#3"},
				"down": {"uv": [2, 2, 1, 8.5], "texture": "#3"}
			}
		},
		{
			"from": [6.9, 3.75, 8],
			"to": [7.9, 4.75, 10],
			"rotation": {"angle": 0, "axis": "x", "origin": [8, 1.225, 13.225]},
			"faces": {
				"north": {"uv": [10, 1, 11, 2], "texture": "#3"},
				"east": {"uv": [8, 2, 10, 3], "texture": "#3"},
				"south": {"uv": [10, 2, 11, 3], "texture": "#3"},
				"west": {"uv": [8, 3, 10, 4], "texture": "#3"},
				"up": {"uv": [5, 10, 4, 8], "texture": "#3"},
				"down": {"uv": [9, 4, 8, 6], "texture": "#3"}
			}
		},
		{
			"from": [7.9, 3.75, 7.75],
			"to": [8.1, 4.75, 9.95],
			"rotation": {"angle": 0, "axis": "x", "origin": [8, 1.225, 13.225]},
			"faces": {
				"north": {"uv": [11, 8, 11.5, 9], "texture": "#3"},
				"east": {"uv": [5, 8, 7, 9], "texture": "#3"},
				"south": {"uv": [9, 11, 9.5, 12], "texture": "#3"},
				"west": {"uv": [8, 6, 10, 7], "texture": "#3"},
				"up": {"uv": [4.5, 12, 4, 10], "texture": "#3"},
				"down": {"uv": [5.5, 10, 5, 12], "texture": "#3"}
			}
		},
		{
			"from": [8.1, 3.75, 8],
			"to": [9.1, 4.75, 10],
			"rotation": {"angle": 0, "axis": "x", "origin": [8, 1.225, 13.225]},
			"faces": {
				"north": {"uv": [10, 3, 11, 4], "texture": "#3"},
				"east": {"uv": [7, 8, 9, 9], "texture": "#3"},
				"south": {"uv": [6, 10, 7, 11], "texture": "#3"},
				"west": {"uv": [8, 7, 10, 8], "texture": "#3"},
				"up": {"uv": [1, 11, 0, 9], "texture": "#3"},
				"down": {"uv": [10, 0, 9, 2], "texture": "#3"}
			}
		},
		{
			"from": [7.6, 0.43713, 9.86585],
			"to": [8.4, 1.43713, 11.36585],
			"rotation": {"angle": 45, "axis": "x", "origin": [8, 1.225, 13.225]},
			"faces": {
				"north": {"uv": [10, 6, 11, 7], "texture": "#3"},
				"east": {"uv": [9, 4, 10.5, 5], "texture": "#3"},
				"south": {"uv": [10, 7, 11, 8], "texture": "#3"},
				"west": {"uv": [5, 9, 6.5, 10], "texture": "#3"},
				"up": {"uv": [4, 10.5, 3, 9], "texture": "#3"},
				"down": {"uv": [8, 9, 7, 10.5], "texture": "#3"}
			}
		},
		{
			"from": [7.25, 3, 5],
			"to": [8.75, 3.5, 5.5],
			"rotation": {"angle": 0, "axis": "x", "origin": [8, 1.225, 13.225]},
			"faces": {
				"north": {"uv": [9, 10, 10.5, 10.5], "texture": "#3"},
				"east": {"uv": [11, 9, 11.5, 9.5], "texture": "#3"},
				"south": {"uv": [0, 11, 1.5, 11.5], "texture": "#3"},
				"west": {"uv": [10, 11, 10.5, 11.5], "texture": "#3"},
				"up": {"uv": [12.5, 0.5, 11, 0], "texture": "#3"},
				"down": {"uv": [12.5, 1, 11, 1.5], "texture": "#3"}
			}
		},
		{
			"from": [7.75, 0.14594, 9.06184],
			"to": [8.25, 1.64594, 9.31184],
			"rotation": {"angle": 22.5, "axis": "x", "origin": [8, 1.225, 13.225]},
			"faces": {
				"north": {"uv": [2, 11, 2.5, 12.5], "texture": "#3"},
				"east": {"uv": [11, 2, 11.5, 3.5], "texture": "#3"},
				"south": {"uv": [3, 11, 3.5, 12.5], "texture": "#3"},
				"west": {"uv": [11, 4, 11.5, 5.5], "texture": "#3"},
				"up": {"uv": [11.5, 10.5, 11, 10], "texture": "#3"},
				"down": {"uv": [11.5, 11, 11, 11.5], "texture": "#3"}
			}
		}
	],
	"display": {
		"thirdperson_righthand": {
			"translation": [-0.5, 5.5, -1]
		},
		"thirdperson_lefthand": {
			"translation": [-0.5, 5.5, -1]
		},
		"firstperson_righthand": {
			"rotation": [0, -5, 0],
			"translation": [0, 7, 0.25]
		},
		"firstperson_lefthand": {
			"rotation": [0, -5, 0],
			"translation": [0, 7, 0.25]
		},
		"ground": {
			"translation": [0, 5.5, 0]
		},
		"gui": {
			"rotation": [0, -90, 0],
			"translation": [-1.75, 4, 0],
			"scale": [0.85, 0.85, 0.85]
		},
		"head": {
			"scale": [0, 0, 0]
		},
		"fixed": {
			"rotation": [-180, 80, 90],
			"translation": [4.25, -1, -17.25],
			"scale": [2.5625, 2.5625, 2.5625]
		}
	},
	"groups": [
		{
			"name": "Shotgun",
			"origin": [8, 8, 8],
			"color": 0,
			"children": [
				{
					"name": "Barrel",
					"origin": [8, 3.225, 5.225],
					"color": 0,
					"children": [
						0,
						1,
						2,
						3,
						4,
						5,
						6,
						7,
						8,
						9,
						10,
						{
							"name": "Shells",
							"origin": [8, 3.225, 5.225],
							"color": 0,
							"children": [11, 12, 13, 14]
						}
					]
				},
				{
					"name": "Handle",
					"origin": [8, 1.225, 13.225],
					"color": 0,
					"children": [15, 16, 17, 18, 19, 20, 21, 22, 23, 24, 25]
				}
			]
		}
	]
}