{
	"credit": "Made with Blockbench",
	"texture_size": [32, 32],
	"textures": {
		"0": "item/flamethrower",
		"particle": "item/flamethrower"
	},
	"elements": [
		{
			"from": [7.5, 1, 2],
			"to": [8.5, 2, 4],
			"rotation": {"angle": 22.5, "axis": "x", "origin": [8, 0.5, 3]},
			"faces": {
				"north": {"uv": [3.5, 4.5, 4, 5], "texture": "#0"},
				"east": {"uv": [2.5, 4.5, 3.5, 5], "texture": "#0"},
				"south": {"uv": [11, 8, 11.5, 8.5], "texture": "#0"},
				"west": {"uv": [0, 10.5, 1, 11], "texture": "#0"},
				"up": {"uv": [4.5, 10.5, 4, 9.5], "texture": "#0"},
				"down": {"uv": [11, 0, 10.5, 1], "texture": "#0"}
			}
		},
		{
			"from": [7.75, 0.82388, 1.13268],
			"to": [8.25, 1.32388, 2.88268],
			"rotation": {"angle": 45, "axis": "x", "origin": [8, 1.42388, 3.38268]},
			"faces": {
				"north": {"uv": [12.5, 2.5, 12.75, 2.75], "texture": "#0"},
				"east": {"uv": [8.5, 11, 9.5, 11.25], "texture": "#0"},
				"south": {"uv": [3.5, 12.5, 3.75, 12.75], "texture": "#0"},
				"west": {"uv": [11, 8.5, 12, 8.75], "texture": "#0"},
				"up": {"uv": [11.25, 10, 11, 9], "texture": "#0"},
				"down": {"uv": [9.75, 11, 9.5, 12], "texture": "#0"}
			}
		},
		{
			"from": [7.8, 2.57388, 1.38268],
			"to": [8.2, 3.27388, 1.68268],
			"rotation": {"angle": 0, "axis": "x", "origin": [8, 1.42388, 3.38268]},
			"faces": {
				"north": {"uv": [4, 12.5, 4.25, 12.75], "texture": "#0"},
				"east": {"uv": [4.5, 12.5, 4.75, 12.75], "texture": "#0"},
				"south": {"uv": [12.5, 4.5, 12.75, 4.75], "texture": "#0"},
				"west": {"uv": [5, 12.5, 5.25, 12.75], "texture": "#0"},
				"up": {"uv": [12.75, 5.25, 12.5, 5], "texture": "#0"},
				"down": {"uv": [5.75, 12.5, 5.5, 12.75], "texture": "#0"}
			}
		},
		{
			"from": [8, 3.27388, 1.38268],
			"to": [8, 3.77388, 1.68268],
			"rotation": {"angle": 0, "axis": "x", "origin": [8, 3.47388, 1.53268]},
			"faces": {
				"north": {"uv": [0, 0, 0, 0.25], "texture": "#0"},
				"east": {"uv": [12.5, 5.5, 12.75, 5.75], "texture": "#0"},
				"south": {"uv": [0, 0, 0, 0.25], "texture": "#0"},
				"west": {"uv": [6, 12.5, 6.25, 12.75], "texture": "#0"},
				"up": {"uv": [0, 0.25, 0, 0], "texture": "#0"},
				"down": {"uv": [0, 0, 0, 0.25], "texture": "#0"}
			}
		},
		{
			"from": [6.9, 0.65, 3.75],
			"to": [7.9, 1.85, 7.95],
			"rotation": {"angle": 0, "axis": "z", "origin": [8, 1.3, 4.75]},
			"faces": {
				"north": {"uv": [10, 11, 10.5, 11.5], "texture": "#0"},
				"east": {"uv": [6.5, 9, 8.5, 9.5], "texture": "#0"},
				"south": {"uv": [11, 10, 11.5, 10.5], "texture": "#0"},
				"west": {"uv": [9, 8, 11, 8.5], "texture": "#0"},
				"up": {"uv": [4.5, 8, 4, 6], "texture": "#0"},
				"down": {"uv": [9, 9, 8.5, 11], "texture": "#0"}
			}
		},
		{
			"from": [7.35728, 1.35, 3.01708],
			"to": [7.55728, 1.65, 4.11708],
			"rotation": {"angle": -22.5, "axis": "y", "origin": [8, 1.5, 3.34228]},
			"faces": {
				"north": {"uv": [12.5, 7, 12.75, 7.25], "texture": "#0"},
				"east": {"uv": [12, 10, 12.5, 10.25], "texture": "#0"},
				"south": {"uv": [7.5, 12.5, 7.75, 12.75], "texture": "#0"},
				"west": {"uv": [12, 10.5, 12.5, 10.75], "texture": "#0"},
				"up": {"uv": [12.25, 11.5, 12, 11], "texture": "#0"},
				"down": {"uv": [11.75, 12, 11.5, 12.5], "texture": "#0"}
			}
		},
		{
			"from": [7.1, 2.15, 2.95],
			"to": [8.9, 3.35, 8.05],
			"rotation": {"angle": 0, "axis": "z", "origin": [8, 1.3, 4.75]},
			"faces": {
				"north": {"uv": [1, 10.5, 2, 11], "texture": "#0"},
				"east": {"uv": [0, 4.5, 2.5, 5], "texture": "#0"},
				"south": {"uv": [10.5, 1, 11.5, 1.5], "texture": "#0"},
				"west": {"uv": [2, 9, 4.5, 9.5], "texture": "#0"},
				"up": {"uv": [1, 10.5, 0, 8], "texture": "#0"},
				"down": {"uv": [2, 8, 1, 10.5], "texture": "#0"}
			}
		},
		{
			"from": [7.5, 1.15, 3.85],
			"to": [8.5, 2.35, 7.85],
			"rotation": {"angle": 0, "axis": "z", "origin": [8, 1.3, 4.75]},
			"faces": {
				"north": {"uv": [11, 11, 11.5, 11.5], "texture": "#0"},
				"east": {"uv": [6.5, 9.5, 8.5, 10], "texture": "#0"},
				"south": {"uv": [11.5, 1, 12, 1.5], "texture": "#0"},
				"west": {"uv": [9, 9.5, 11, 10], "texture": "#0"},
				"up": {"uv": [3.5, 11.5, 3, 9.5], "texture": "#0"},
				"down": {"uv": [4, 9.5, 3.5, 11.5], "texture": "#0"}
			}
		},
		{
			"from": [7.6, 1.5, 6.85],
			"to": [8.4, 2.5, 8.6],
			"rotation": {"angle": 0, "axis": "z", "origin": [8, 1.3, 4.75]},
			"faces": {
				"north": {"uv": [11.5, 1.5, 12, 2], "texture": "#0"},
				"east": {"uv": [10.5, 1.5, 11.5, 2], "texture": "#0"},
				"south": {"uv": [2, 11.5, 2.5, 12], "texture": "#0"},
				"west": {"uv": [10.5, 2, 11.5, 2.5], "texture": "#0"},
				"up": {"uv": [4.5, 11.5, 4, 10.5], "texture": "#0"},
				"down": {"uv": [11, 4, 10.5, 5], "texture": "#0"}
			}
		},
		{
			"from": [6.25, 3.75, 8.6],
			"to": [9.75, 4.4, 12.6],
			"rotation": {"angle": 0, "axis": "z", "origin": [8, 1.3, 4.75]},
			"faces": {
				"north": {"uv": [10.5, 7, 12.25, 7.25], "texture": "#0"},
				"east": {"uv": [10.5, 2.5, 12.5, 2.75], "texture": "#0"},
				"south": {"uv": [10.5, 7.5, 12.25, 7.75], "texture": "#0"},
				"west": {"uv": [4.5, 10.5, 6.5, 10.75], "texture": "#0"},
				"up": {"uv": [1.75, 8, 0, 6], "texture": "#0"},
				"down": {"uv": [3.75, 6, 2, 8], "texture": "#0"}
			}
		},
		{
			"from": [5.65, 2.15, 11.6],
			"to": [10.35, 4.3, 15.6],
			"rotation": {"angle": 0, "axis": "z", "origin": [8, 1.3, 4.75]},
			"faces": {
				"north": {"uv": [2, 8, 4.25, 9], "texture": "#0"},
				"east": {"uv": [8.5, 4, 10.5, 5], "texture": "#0"},
				"south": {"uv": [6.5, 8, 8.75, 9], "texture": "#0"},
				"west": {"uv": [8.5, 5, 10.5, 6], "texture": "#0"},
				"up": {"uv": [6.25, 2, 4, 0], "texture": "#0"},
				"down": {"uv": [6.25, 2, 4, 4], "texture": "#0"}
			}
		},
		{
			"from": [6.25, 1.5, 8.6],
			"to": [9.75, 3.75, 8.975],
			"rotation": {"angle": 0, "axis": "z", "origin": [8, 1.3, 4.75]},
			"faces": {
				"north": {"uv": [8.5, 0, 10.25, 1.25], "texture": "#0"},
				"east": {"uv": [6.5, 11, 6.75, 12.25], "texture": "#0"},
				"south": {"uv": [8.5, 1.5, 10.25, 2.75], "texture": "#0"},
				"west": {"uv": [7, 11, 7.25, 12.25], "texture": "#0"},
				"up": {"uv": [12.75, 0.25, 11, 0], "texture": "#0"},
				"down": {"uv": [12.75, 0.5, 11, 0.75], "texture": "#0"}
			}
		},
		{
			"from": [9.75, 1.5, 8.6],
			"to": [10.25, 4.4, 12.6],
			"rotation": {"angle": 0, "axis": "z", "origin": [8, 1.3, 4.75]},
			"faces": {
				"north": {"uv": [5.5, 11, 5.75, 12.5], "texture": "#0"},
				"east": {"uv": [6.5, 5, 8.5, 6.5], "texture": "#0"},
				"south": {"uv": [6, 11, 6.25, 12.5], "texture": "#0"},
				"west": {"uv": [6.5, 6.5, 8.5, 8], "texture": "#0"},
				"up": {"uv": [0.75, 13, 0.5, 11], "texture": "#0"},
				"down": {"uv": [1.25, 11, 1, 13], "texture": "#0"}
			}
		},
		{
			"from": [5.75, 1.5, 8.6],
			"to": [6.25, 4.4, 12.6],
			"rotation": {"angle": 0, "axis": "z", "origin": [8, 1.3, 4.75]},
			"faces": {
				"north": {"uv": [1.5, 11, 1.75, 12.5], "texture": "#0"},
				"east": {"uv": [6.5, 0, 8.5, 1.5], "texture": "#0"},
				"south": {"uv": [11, 4.5, 11.25, 6], "texture": "#0"},
				"west": {"uv": [6.5, 1.5, 8.5, 3], "texture": "#0"},
				"up": {"uv": [10.75, 7, 10.5, 5], "texture": "#0"},
				"down": {"uv": [0.25, 11, 0, 13], "texture": "#0"}
			}
		},
		{
			"from": [7.2, 3.5, 4],
			"to": [8.8, 4.6, 14.8],
			"rotation": {"angle": 0, "axis": "z", "origin": [8, 1.3, 4.75]},
			"faces": {
				"north": {"uv": [11, 4, 11.75, 4.5], "texture": "#0"},
				"east": {"uv": [6.5, 3, 12, 3.5], "texture": "#0"},
				"south": {"uv": [4.5, 11, 5.25, 11.5], "texture": "#0"},
				"west": {"uv": [6.5, 3.5, 12, 4], "texture": "#0"},
				"up": {"uv": [5.25, 10.5, 4.5, 5], "texture": "#0"},
				"down": {"uv": [6.25, 5, 5.5, 10.5], "texture": "#0"}
			}
		},
		{
			"from": [7.65, 1.55, 9.85],
			"to": [8.35, 3.65, 10.05],
			"rotation": {"angle": 22.5, "axis": "x", "origin": [8, 2.05, 10.7]},
			"faces": {
				"north": {"uv": [11.5, 10, 11.75, 11], "texture": "#0"},
				"east": {"uv": [10.5, 11.5, 10.75, 12.5], "texture": "#0"},
				"south": {"uv": [11, 11.5, 11.25, 12.5], "texture": "#0"},
				"west": {"uv": [11.5, 11, 11.75, 12], "texture": "#0"},
				"up": {"uv": [2.25, 13.25, 2, 13], "texture": "#0"},
				"down": {"uv": [13.25, 2, 13, 2.25], "texture": "#0"}
			}
		},
		{
			"from": [8.35, 3.85, 2.4],
			"to": [8.55, 4.25, 4],
			"rotation": {"angle": 0, "axis": "z", "origin": [8, 1.3, 4.75]},
			"faces": {
				"north": {"uv": [12.5, 1.5, 12.75, 1.75], "texture": "#0"},
				"east": {"uv": [11, 6, 12, 6.25], "texture": "#0"},
				"south": {"uv": [12.5, 2, 12.75, 2.25], "texture": "#0"},
				"west": {"uv": [11, 6.5, 12, 6.75], "texture": "#0"},
				"up": {"uv": [7.75, 12, 7.5, 11], "texture": "#0"},
				"down": {"uv": [8.25, 11, 8, 12], "texture": "#0"}
			}
		},
		{
			"from": [7.45, 3.85, 2.4],
			"to": [7.65, 4.25, 4],
			"rotation": {"angle": 0, "axis": "z", "origin": [8, 1.3, 4.75]},
			"faces": {
				"north": {"uv": [1.5, 13, 1.75, 13.25], "texture": "#0"},
				"east": {"uv": [11.5, 8, 12.5, 8.25], "texture": "#0"},
				"south": {"uv": [13, 1.5, 13.25, 1.75], "texture": "#0"},
				"west": {"uv": [8.5, 11.5, 9.5, 11.75], "texture": "#0"},
				"up": {"uv": [11.75, 10, 11.5, 9], "texture": "#0"},
				"down": {"uv": [10.25, 11.5, 10, 12.5], "texture": "#0"}
			}
		},
		{
			"from": [7.55, 3.65, 2.4],
			"to": [8.45, 3.85, 4],
			"rotation": {"angle": 0, "axis": "z", "origin": [8, 1.3, 4.75]},
			"faces": {
				"north": {"uv": [12, 6, 12.75, 6.25], "texture": "#0"},
				"east": {"uv": [4.5, 11.5, 5.5, 11.75], "texture": "#0"},
				"south": {"uv": [12, 6.5, 12.75, 6.75], "texture": "#0"},
				"west": {"uv": [11.5, 4.5, 12.5, 4.75], "texture": "#0"},
				"up": {"uv": [7.25, 11, 6.5, 10], "texture": "#0"},
				"down": {"uv": [8.25, 10, 7.5, 11], "texture": "#0"}
			}
		},
		{
			"from": [7.55, 4.25, 2.4],
			"to": [8.45, 4.45, 4],
			"rotation": {"angle": 0, "axis": "z", "origin": [8, 1.3, 4.75]},
			"faces": {
				"north": {"uv": [7.5, 12, 8.25, 12.25], "texture": "#0"},
				"east": {"uv": [11.5, 5, 12.5, 5.25], "texture": "#0"},
				"south": {"uv": [8.5, 12, 9.25, 12.25], "texture": "#0"},
				"west": {"uv": [11.5, 5.5, 12.5, 5.75], "texture": "#0"},
				"up": {"uv": [9.75, 11, 9, 10], "texture": "#0"},
				"down": {"uv": [10.75, 10, 10, 11], "texture": "#0"}
			}
		},
		{
			"from": [6.2, 4.6, 5.5],
			"to": [9.8, 6.6, 14.3],
			"rotation": {"angle": 0, "axis": "z", "origin": [8, 1.3, 4.75]},
			"faces": {
				"north": {"uv": [8.5, 6, 10.25, 7], "texture": "#0"},
				"east": {"uv": [4, 4, 8.5, 5], "texture": "#0"},
				"south": {"uv": [8.5, 7, 10.25, 8], "texture": "#0"},
				"west": {"uv": [0, 5, 4.5, 6], "texture": "#0"},
				"up": {"uv": [1.75, 4.5, 0, 0], "texture": "#0"},
				"down": {"uv": [3.75, 0, 2, 4.5], "texture": "#0"}
			}
		},
		{
			"from": [7.3, 1.25, 8.05],
			"to": [8.7, 1.45, 8.25],
			"rotation": {"angle": 0, "axis": "z", "origin": [8, 1.3, 4.75]},
			"faces": {
				"north": {"uv": [12, 3, 12.75, 3.25], "texture": "#0"},
				"east": {"uv": [12.5, 11, 12.75, 11.25], "texture": "#0"},
				"south": {"uv": [12, 3.5, 12.75, 3.75], "texture": "#0"},
				"west": {"uv": [11.5, 12.5, 11.75, 12.75], "texture": "#0"},
				"up": {"uv": [12.75, 4.25, 12, 4], "texture": "#0"},
				"down": {"uv": [5.25, 12, 4.5, 12.25], "texture": "#0"}
			}
		},
		{
			"from": [8.5, 1.45, 8.05],
			"to": [8.7, 3.05, 8.25],
			"rotation": {"angle": 0, "axis": "z", "origin": [8, 1.3, 4.75]},
			"faces": {
				"north": {"uv": [12, 1, 12.25, 1.75], "texture": "#0"},
				"east": {"uv": [2, 12, 2.25, 12.75], "texture": "#0"},
				"south": {"uv": [2.5, 12, 2.75, 12.75], "texture": "#0"},
				"west": {"uv": [3, 12, 3.25, 12.75], "texture": "#0"},
				"up": {"uv": [12.75, 9.25, 12.5, 9], "texture": "#0"},
				"down": {"uv": [9.75, 12.5, 9.5, 12.75], "texture": "#0"}
			}
		},
		{
			"from": [8.5, 1.55, 8.25],
			"to": [8.7, 2.75, 8.35],
			"rotation": {"angle": 0, "axis": "z", "origin": [8, 1.3, 4.75]},
			"faces": {
				"north": {"uv": [12, 11.5, 12.25, 12], "texture": "#0"},
				"east": {"uv": [12, 12, 12.25, 12.5], "texture": "#0"},
				"south": {"uv": [12.5, 1, 12.75, 1.5], "texture": "#0"},
				"west": {"uv": [1.5, 12.5, 1.75, 13], "texture": "#0"},
				"up": {"uv": [0.75, 13.25, 0.5, 13], "texture": "#0"},
				"down": {"uv": [13.25, 0.5, 13, 0.75], "texture": "#0"}
			}
		},
		{
			"from": [8.4, 2.75, 8.05],
			"to": [8.8, 3.15, 8.15],
			"rotation": {"angle": 0, "axis": "z", "origin": [8, 1.3, 4.75]},
			"faces": {
				"north": {"uv": [12.5, 11.5, 12.75, 11.75], "texture": "#0"},
				"east": {"uv": [12, 12.5, 12.25, 12.75], "texture": "#0"},
				"south": {"uv": [12.5, 12, 12.75, 12.25], "texture": "#0"},
				"west": {"uv": [12.5, 12.5, 12.75, 12.75], "texture": "#0"},
				"up": {"uv": [0.25, 13.25, 0, 13], "texture": "#0"},
				"down": {"uv": [13.25, 0, 13, 0.25], "texture": "#0"}
			}
		},
		{
			"from": [7.2, 1.15, 7.95],
			"to": [7.6, 1.55, 8.05],
			"rotation": {"angle": 0, "axis": "z", "origin": [8, 1.3, 4.75]},
			"faces": {
				"north": {"uv": [12.5, 7.5, 12.75, 7.75], "texture": "#0"},
				"east": {"uv": [8, 12.5, 8.25, 12.75], "texture": "#0"},
				"south": {"uv": [12.5, 8, 12.75, 8.25], "texture": "#0"},
				"west": {"uv": [8.5, 12.5, 8.75, 12.75], "texture": "#0"},
				"up": {"uv": [12.75, 8.75, 12.5, 8.5], "texture": "#0"},
				"down": {"uv": [9.25, 12.5, 9, 12.75], "texture": "#0"}
			}
		},
		{
			"from": [8.1, 0.65, 3.75],
			"to": [9.1, 1.85, 7.95],
			"rotation": {"angle": 0, "axis": "z", "origin": [8, 1.3, 4.75]},
			"faces": {
				"north": {"uv": [10.5, 11, 11, 11.5], "texture": "#0"},
				"east": {"uv": [9, 8.5, 11, 9], "texture": "#0"},
				"south": {"uv": [11, 10.5, 11.5, 11], "texture": "#0"},
				"west": {"uv": [9, 9, 11, 9.5], "texture": "#0"},
				"up": {"uv": [2.5, 11.5, 2, 9.5], "texture": "#0"},
				"down": {"uv": [3, 9.5, 2.5, 11.5], "texture": "#0"}
			}
		},
		{
			"from": [8.44272, 1.35, 3.01708],
			"to": [8.64272, 1.65, 4.11708],
			"rotation": {"angle": 22.5, "axis": "y", "origin": [8, 1.5, 3.34228]},
			"faces": {
				"north": {"uv": [6.5, 12.5, 6.75, 12.75], "texture": "#0"},
				"east": {"uv": [12, 8.5, 12.5, 8.75], "texture": "#0"},
				"south": {"uv": [7, 12.5, 7.25, 12.75], "texture": "#0"},
				"west": {"uv": [12, 9, 12.5, 9.25], "texture": "#0"},
				"up": {"uv": [9.75, 12.5, 9.5, 12], "texture": "#0"},
				"down": {"uv": [12.25, 9.5, 12, 10], "texture": "#0"}
			}
		},
		{
			"from": [8.4, 1.15, 7.95],
			"to": [8.8, 1.55, 8.05],
			"rotation": {"angle": 0, "axis": "z", "origin": [8, 1.3, 4.75]},
			"faces": {
				"north": {"uv": [12.5, 9.5, 12.75, 9.75], "texture": "#0"},
				"east": {"uv": [10, 12.5, 10.25, 12.75], "texture": "#0"},
				"south": {"uv": [12.5, 10, 12.75, 10.25], "texture": "#0"},
				"west": {"uv": [10.5, 12.5, 10.75, 12.75], "texture": "#0"},
				"up": {"uv": [12.75, 10.75, 12.5, 10.5], "texture": "#0"},
				"down": {"uv": [11.25, 12.5, 11, 12.75], "texture": "#0"}
			}
		}
	],
	"gui_light": "front",
	"display": {
		"thirdperson_righthand": {
			"translation": [0, 3.75, -0.75]
		},
		"thirdperson_lefthand": {
			"translation": [0, 3.75, -0.75]
		},
		"firstperson_righthand": {
			"rotation": [-176, 171, 180],
			"translation": [-2.75, 9.5, 2.75]
		},
		"firstperson_lefthand": {
			"rotation": [-176, 171, 180],
			"translation": [-2.75, 9.5, 2.75]
		},
		"ground": {
			"translation": [0, 4.75, 0]
		},
		"gui": {
			"rotation": [0, -90, 0],
			"translation": [0.5, 4.25, 0],
			"scale": [1.1, 1.1, 1.1]
		},
		"head": {
			"scale": [0, 0, 0]
		},
		"fixed": {
			"rotation": [90, -26.25, 0],
			"translation": [0, 0, 1.5],
			"scale": [2, 2, 2]
		}
	},
	"groups": [
		{
			"name": "igniter",
			"origin": [8, 1.42388, 3.38268],
			"color": 0,
			"children": [0, 1, 2, 3]
		},
		4,
		5,
		6,
		7,
		8,
		9,
		10,
		11,
		12,
		13,
		14,
		15,
		16,
		17,
		18,
		19,
		20,
		21,
		22,
		23,
		24,
		25,
		26,
		27,
		28
	]
}