{
	"credit": "Made with Blockbench",
	"texture_size": [64, 64],
	"textures": {
		"0": "item/deadlockarms",
		"1": "item/deadlockult",
		"2": "item/sea_lantern",
		"particle": "item/deadlockult"
	},
	"elements": [
		{
			"name": "Left Arm",
			"from": [6.65, -2, 6.65],
			"to": [9.45, 6.467, 9.45],
			"rotation": {"angle": 0, "axis": "y", "origin": [8, 0, 8]},
			"faces": {
				"north": {"uv": [9, 13, 10, 16], "texture": "#0"},
				"east": {"uv": [8, 13, 9, 16], "texture": "#0"},
				"south": {"uv": [11, 13, 12, 16], "texture": "#0"},
				"west": {"uv": [10, 13, 11, 16], "texture": "#0"},
				"up": {"uv": [10, 13, 9, 12], "texture": "#0"},
				"down": {"uv": [11, 12, 10, 13], "texture": "#0"}
			}
		},
		{
			"name": "Left Arm Layer",
			"from": [6.4, -1.6, 6.4],
			"to": [9.7, 6.867, 9.7],
			"rotation": {"angle": 0, "axis": "y", "origin": [8, 0, 8]},
			"faces": {
				"north": {"uv": [13, 13, 14, 16], "texture": "#0"},
				"east": {"uv": [12, 13, 13, 16], "texture": "#0"},
				"south": {"uv": [15, 13, 16, 16], "texture": "#0"},
				"west": {"uv": [14, 13, 15, 16], "texture": "#0"},
				"up": {"uv": [14, 13, 13, 12], "texture": "#0"},
				"down": {"uv": [15, 12, 14, 13], "texture": "#0"}
			}
		},
		{
			"from": [9, -0.5, 4.5],
			"to": [10, 0.5, 11.5],
			"rotation": {"angle": 0, "axis": "x", "origin": [6.8125, 0, 8]},
			"faces": {
				"north": {"uv": [2, 12, 1.5, 11.5], "rotation": 180, "texture": "#2"},
				"east": {"uv": [1.5, 10, 2, 13.5], "rotation": 90, "texture": "#2"},
				"south": {"uv": [2.5, 11.5, 2, 12], "texture": "#2"},
				"west": {"uv": [1, 10.5, 1.5, 14], "rotation": 270, "texture": "#2"},
				"up": {"uv": [1, 10, 1.5, 13.5], "texture": "#2"},
				"down": {"uv": [1, 10, 1.5, 13.5], "rotation": 180, "texture": "#2"}
			}
		},
		{
			"from": [4, -0.5, 4.5],
			"to": [9, 0.5, 5.5],
			"rotation": {"angle": 0, "axis": "x", "origin": [6.8125, 0, 8]},
			"faces": {
				"north": {"uv": [14, 1.5, 11.5, 1], "rotation": 180, "texture": "#2"},
				"east": {"uv": [11, 1.5, 11.5, 2], "rotation": 90, "texture": "#2"},
				"south": {"uv": [14, 1.5, 11.5, 2], "texture": "#2"},
				"west": {"uv": [11.5, 1.5, 12, 2], "rotation": 270, "texture": "#2"},
				"up": {"uv": [11.5, 1.5, 14, 2], "texture": "#2"},
				"down": {"uv": [11.5, 1.5, 14, 2], "rotation": 180, "texture": "#2"}
			}
		},
		{
			"from": [3, -0.5, 4.5],
			"to": [4, 0.5, 11.5],
			"rotation": {"angle": 0, "axis": "x", "origin": [6.8125, 0, 8]},
			"faces": {
				"north": {"uv": [1.5, 10, 1, 9.5], "rotation": 180, "texture": "#2"},
				"east": {"uv": [1.5, 5, 2, 8.5], "rotation": 90, "texture": "#2"},
				"south": {"uv": [2, 7.5, 1.5, 8], "texture": "#2"},
				"west": {"uv": [1.5, 2, 2, 5.5], "rotation": 270, "texture": "#2"},
				"up": {"uv": [1, 2, 1.5, 5.5], "texture": "#2"},
				"down": {"uv": [1, 6, 1.5, 9.5], "rotation": 180, "texture": "#2"}
			}
		},
		{
			"from": [4, -0.5, 10.5],
			"to": [9, 0.5, 11.5],
			"rotation": {"angle": 0, "axis": "x", "origin": [6.8125, 0, 8]},
			"faces": {
				"north": {"uv": [5.5, 14, 3, 13.5], "rotation": 180, "texture": "#2"},
				"east": {"uv": [6, 13.5, 6.5, 14], "rotation": 90, "texture": "#2"},
				"south": {"uv": [5.5, 14, 3, 14.5], "texture": "#2"},
				"west": {"uv": [4.5, 13.5, 5, 14], "rotation": 270, "texture": "#2"},
				"up": {"uv": [4.5, 14, 7, 14.5], "texture": "#2"},
				"down": {"uv": [4.5, 14, 7, 14.5], "rotation": 180, "texture": "#2"}
			}
		},
		{
			"from": [3, -1, 11],
			"to": [6.5, -0.5, 12],
			"rotation": {"angle": 0, "axis": "x", "origin": [6.8125, 0, 8]},
			"faces": {
				"north": {"uv": [4.5, 5.5, 2.5, 5], "rotation": 180, "texture": "#1"},
				"east": {"uv": [11, 0, 11.5, 0.5], "rotation": 90, "texture": "#1"},
				"south": {"uv": [6.5, 5, 4.5, 5.5], "texture": "#1"},
				"west": {"uv": [11, 0.5, 11.5, 1], "rotation": 270, "texture": "#1"},
				"up": {"uv": [0.5, 5, 2.5, 5.5], "texture": "#1"},
				"down": {"uv": [3.5, 4.5, 5.5, 5], "rotation": 180, "texture": "#1"}
			}
		},
		{
			"from": [2.5, -1, 8],
			"to": [3.5, -0.5, 11.5],
			"rotation": {"angle": 0, "axis": "x", "origin": [6.8125, 0, 8]},
			"faces": {
				"north": {"uv": [11.5, 2.5, 11, 2], "rotation": 180, "texture": "#1"},
				"east": {"uv": [1, 6, 1.5, 8], "rotation": 90, "texture": "#1"},
				"south": {"uv": [11.5, 2.5, 11, 3], "texture": "#1"},
				"west": {"uv": [6, 1.5, 6.5, 3.5], "rotation": 270, "texture": "#1"},
				"up": {"uv": [1.5, 6, 2, 8], "texture": "#1"},
				"down": {"uv": [0.5, 6, 1, 8], "rotation": 180, "texture": "#1"}
			}
		},
		{
			"from": [2.5, -1, 4.5],
			"to": [3.5, -0.5, 8],
			"rotation": {"angle": 0, "axis": "x", "origin": [6.8125, 0, 8]},
			"faces": {
				"north": {"uv": [11.5, 3.5, 11, 3], "rotation": 180, "texture": "#1"},
				"east": {"uv": [2.5, 6, 3, 8], "rotation": 90, "texture": "#1"},
				"south": {"uv": [11.5, 3.5, 11, 4], "texture": "#1"},
				"west": {"uv": [3.5, 6, 4, 8], "rotation": 270, "texture": "#1"},
				"up": {"uv": [3, 6, 3.5, 8], "texture": "#1"},
				"down": {"uv": [2, 6, 2.5, 8], "rotation": 180, "texture": "#1"}
			}
		},
		{
			"from": [9.5, -1, 4.5],
			"to": [10.5, -0.5, 8],
			"rotation": {"angle": 0, "axis": "x", "origin": [6.8125, 0, 8]},
			"faces": {
				"north": {"uv": [5.5, 11.5, 5, 11], "rotation": 180, "texture": "#1"},
				"east": {"uv": [6.5, 0, 7, 2], "rotation": 90, "texture": "#1"},
				"south": {"uv": [11.5, 5, 11, 5.5], "texture": "#1"},
				"west": {"uv": [6.5, 5, 7, 7], "rotation": 270, "texture": "#1"},
				"up": {"uv": [6.5, 2, 7, 4], "texture": "#1"},
				"down": {"uv": [6, 6, 6.5, 8], "rotation": 180, "texture": "#1"}
			}
		},
		{
			"from": [9.5, -1, 8],
			"to": [10.5, -0.5, 11.5],
			"rotation": {"angle": 0, "axis": "x", "origin": [6.8125, 0, 8]},
			"faces": {
				"north": {"uv": [11.5, 4.5, 11, 4], "rotation": 180, "texture": "#1"},
				"east": {"uv": [4.5, 6, 5, 8], "rotation": 90, "texture": "#1"},
				"south": {"uv": [11.5, 4.5, 11, 5], "texture": "#1"},
				"west": {"uv": [5.5, 6, 6, 8], "rotation": 270, "texture": "#1"},
				"up": {"uv": [5, 6, 5.5, 8], "texture": "#1"},
				"down": {"uv": [4, 6, 4.5, 8], "rotation": 180, "texture": "#1"}
			}
		},
		{
			"from": [6.5, -1, 11],
			"to": [10, -0.5, 12],
			"rotation": {"angle": 0, "axis": "x", "origin": [6.8125, 0, 8]},
			"faces": {
				"north": {"uv": [6.5, 6, 4.5, 5.5], "rotation": 180, "texture": "#1"},
				"east": {"uv": [11, 1, 11.5, 1.5], "rotation": 90, "texture": "#1"},
				"south": {"uv": [7.5, 4.5, 5.5, 5], "texture": "#1"},
				"west": {"uv": [11, 1.5, 11.5, 2], "rotation": 270, "texture": "#1"},
				"up": {"uv": [2.5, 5.5, 4.5, 6], "texture": "#1"},
				"down": {"uv": [0.5, 5.5, 2.5, 6], "rotation": 180, "texture": "#1"}
			}
		},
		{
			"from": [3, -1, 4],
			"to": [6.5, -0.5, 5],
			"rotation": {"angle": 0, "axis": "x", "origin": [6.8125, 0, 8]},
			"faces": {
				"north": {"uv": [9, 3, 7, 2.5], "rotation": 180, "texture": "#1"},
				"east": {"uv": [11, 6, 11.5, 6.5], "rotation": 90, "texture": "#1"},
				"south": {"uv": [9, 3, 7, 3.5], "texture": "#1"},
				"west": {"uv": [6.5, 11, 7, 11.5], "rotation": 270, "texture": "#1"},
				"up": {"uv": [7, 2, 9, 2.5], "texture": "#1"},
				"down": {"uv": [7, 1.5, 9, 2], "rotation": 180, "texture": "#1"}
			}
		},
		{
			"from": [6.5, -1, 4],
			"to": [10, -0.5, 5],
			"rotation": {"angle": 0, "axis": "x", "origin": [6.8125, 0, 8]},
			"faces": {
				"north": {"uv": [9, 1, 7, 0.5], "rotation": 180, "texture": "#1"},
				"east": {"uv": [5.5, 11, 6, 11.5], "rotation": 90, "texture": "#1"},
				"south": {"uv": [9, 1, 7, 1.5], "texture": "#1"},
				"west": {"uv": [11, 5.5, 11.5, 6], "rotation": 270, "texture": "#1"},
				"up": {"uv": [7, 0, 9, 0.5], "texture": "#1"},
				"down": {"uv": [6.5, 4, 8.5, 4.5], "rotation": 180, "texture": "#1"}
			}
		},
		{
			"from": [3, 0.5, 4],
			"to": [6.5, 1, 5],
			"rotation": {"angle": 0, "axis": "x", "origin": [6.8125, 0, 8]},
			"faces": {
				"north": {"uv": [11, 2, 9, 1.5], "rotation": 180, "texture": "#1"},
				"east": {"uv": [3, 11.5, 3.5, 12], "rotation": 90, "texture": "#1"},
				"south": {"uv": [11, 2, 9, 2.5], "texture": "#1"},
				"west": {"uv": [11.5, 3, 12, 3.5], "rotation": 270, "texture": "#1"},
				"up": {"uv": [9, 1, 11, 1.5], "texture": "#1"},
				"down": {"uv": [9, 0.5, 11, 1], "rotation": 180, "texture": "#1"}
			}
		},
		{
			"from": [6.5, 0.5, 4],
			"to": [10, 1, 5],
			"rotation": {"angle": 0, "axis": "x", "origin": [6.8125, 0, 8]},
			"faces": {
				"north": {"uv": [9.5, 9, 7.5, 8.5], "rotation": 180, "texture": "#1"},
				"east": {"uv": [11.5, 2, 12, 2.5], "rotation": 90, "texture": "#1"},
				"south": {"uv": [11, 0, 9, 0.5], "texture": "#1"},
				"west": {"uv": [11.5, 2.5, 12, 3], "rotation": 270, "texture": "#1"},
				"up": {"uv": [8.5, 6, 10.5, 6.5], "texture": "#1"},
				"down": {"uv": [8.5, 5.5, 10.5, 6], "rotation": 180, "texture": "#1"}
			}
		},
		{
			"from": [3, 0.5, 11],
			"to": [6.5, 1, 12],
			"rotation": {"angle": 0, "axis": "x", "origin": [6.8125, 0, 8]},
			"faces": {
				"north": {"uv": [10.5, 5, 8.5, 4.5], "rotation": 180, "texture": "#1"},
				"east": {"uv": [11.5, 1, 12, 1.5], "rotation": 90, "texture": "#1"},
				"south": {"uv": [10.5, 5, 8.5, 5.5], "texture": "#1"},
				"west": {"uv": [11.5, 1.5, 12, 2], "rotation": 270, "texture": "#1"},
				"up": {"uv": [8.5, 4, 10.5, 4.5], "texture": "#1"},
				"down": {"uv": [8, 8, 10, 8.5], "rotation": 180, "texture": "#1"}
			}
		},
		{
			"from": [6.5, 0.5, 11],
			"to": [10, 1, 12],
			"rotation": {"angle": 0, "axis": "x", "origin": [6.8125, 0, 8]},
			"faces": {
				"north": {"uv": [10, 7.5, 8, 7], "rotation": 180, "texture": "#1"},
				"east": {"uv": [11.5, 0, 12, 0.5], "rotation": 90, "texture": "#1"},
				"south": {"uv": [10, 7.5, 8, 8], "texture": "#1"},
				"west": {"uv": [11.5, 0.5, 12, 1], "rotation": 270, "texture": "#1"},
				"up": {"uv": [8, 6.5, 10, 7], "texture": "#1"},
				"down": {"uv": [7, 3.5, 9, 4], "rotation": 180, "texture": "#1"}
			}
		},
		{
			"from": [2.5, 0.5, 8],
			"to": [3.5, 1, 11.5],
			"rotation": {"angle": 0, "axis": "x", "origin": [6.8125, 0, 8]},
			"faces": {
				"north": {"uv": [11.5, 11.5, 11, 11], "rotation": 180, "texture": "#1"},
				"east": {"uv": [4, 8, 4.5, 10], "rotation": 90, "texture": "#1"},
				"south": {"uv": [0.5, 11.5, 0, 12], "texture": "#1"},
				"west": {"uv": [8, 4.5, 8.5, 6.5], "rotation": 270, "texture": "#1"},
				"up": {"uv": [4.5, 8, 5, 10], "texture": "#1"},
				"down": {"uv": [3.5, 8, 4, 10], "rotation": 180, "texture": "#1"}
			}
		},
		{
			"from": [2.5, 0.5, 4.5],
			"to": [3.5, 1, 8],
			"rotation": {"angle": 0, "axis": "x", "origin": [6.8125, 0, 8]},
			"faces": {
				"north": {"uv": [9.5, 11.5, 9, 11], "rotation": 180, "texture": "#1"},
				"east": {"uv": [2, 8, 2.5, 10], "rotation": 90, "texture": "#1"},
				"south": {"uv": [11.5, 10.5, 11, 11], "texture": "#1"},
				"west": {"uv": [3, 8, 3.5, 10], "rotation": 270, "texture": "#1"},
				"up": {"uv": [2.5, 8, 3, 10], "texture": "#1"},
				"down": {"uv": [1.5, 8, 2, 10], "rotation": 180, "texture": "#1"}
			}
		},
		{
			"from": [9.5, 0.5, 8],
			"to": [10.5, 1, 11.5],
			"rotation": {"angle": 0, "axis": "x", "origin": [6.8125, 0, 8]},
			"faces": {
				"north": {"uv": [8.5, 11.5, 8, 11], "rotation": 180, "texture": "#1"},
				"east": {"uv": [7.5, 6.5, 8, 8.5], "rotation": 90, "texture": "#1"},
				"south": {"uv": [9, 11, 8.5, 11.5], "texture": "#1"},
				"west": {"uv": [1, 8, 1.5, 10], "rotation": 270, "texture": "#1"},
				"up": {"uv": [0.5, 8, 1, 10], "texture": "#1"},
				"down": {"uv": [7.5, 4.5, 8, 6.5], "rotation": 180, "texture": "#1"}
			}
		},
		{
			"from": [9.5, 0.5, 4.5],
			"to": [10.5, 1, 8],
			"rotation": {"angle": 0, "axis": "x", "origin": [6.8125, 0, 8]},
			"faces": {
				"north": {"uv": [7.5, 11.5, 7, 11], "rotation": 180, "texture": "#1"},
				"east": {"uv": [7, 5, 7.5, 7], "rotation": 90, "texture": "#1"},
				"south": {"uv": [8, 11, 7.5, 11.5], "texture": "#1"},
				"west": {"uv": [7, 7, 7.5, 9], "rotation": 270, "texture": "#1"},
				"up": {"uv": [6.5, 7, 7, 9], "texture": "#1"},
				"down": {"uv": [0, 7, 0.5, 9], "rotation": 180, "texture": "#1"}
			}
		},
		{
			"from": [3.5, -0.5, 4],
			"to": [6.5, 0.5, 4.5],
			"rotation": {"angle": 0, "axis": "x", "origin": [6.8125, 0, 8]},
			"faces": {
				"north": {"uv": [12, 10, 10, 9.5], "rotation": 180, "texture": "#1"},
				"east": {"uv": [7, 11.5, 7.5, 12], "rotation": 90, "texture": "#1"},
				"south": {"uv": [12, 10, 10, 10.5], "texture": "#1"},
				"west": {"uv": [7.5, 11.5, 8, 12], "rotation": 270, "texture": "#1"},
				"up": {"uv": [10, 9, 12, 9.5], "texture": "#1"},
				"down": {"uv": [10, 8.5, 12, 9], "rotation": 180, "texture": "#1"}
			}
		},
		{
			"from": [6.5, -0.5, 4],
			"to": [9.5, 0.5, 4.5],
			"rotation": {"angle": 0, "axis": "x", "origin": [6.8125, 0, 8]},
			"faces": {
				"north": {"uv": [12, 8, 10, 7.5], "rotation": 180, "texture": "#1"},
				"east": {"uv": [11.5, 6, 12, 6.5], "rotation": 90, "texture": "#1"},
				"south": {"uv": [12, 8, 10, 8.5], "texture": "#1"},
				"west": {"uv": [6.5, 11.5, 7, 12], "rotation": 270, "texture": "#1"},
				"up": {"uv": [10, 7, 12, 7.5], "texture": "#1"},
				"down": {"uv": [10, 6.5, 12, 7], "rotation": 180, "texture": "#1"}
			}
		},
		{
			"from": [3.5, -0.5, 11.5],
			"to": [6.5, 0.5, 12],
			"rotation": {"angle": 0, "axis": "x", "origin": [6.8125, 0, 8]},
			"faces": {
				"north": {"uv": [11, 4, 9, 3.5], "rotation": 180, "texture": "#1"},
				"east": {"uv": [11.5, 5.5, 12, 6], "rotation": 90, "texture": "#1"},
				"south": {"uv": [5, 10, 3, 10.5], "texture": "#1"},
				"west": {"uv": [6, 11.5, 6.5, 12], "rotation": 270, "texture": "#1"},
				"up": {"uv": [9, 3, 11, 3.5], "texture": "#1"},
				"down": {"uv": [9, 2.5, 11, 3], "rotation": 180, "texture": "#1"}
			}
		},
		{
			"from": [6.5, -0.5, 11.5],
			"to": [9.5, 0.5, 12],
			"rotation": {"angle": 0, "axis": "x", "origin": [6.8125, 0, 8]},
			"faces": {
				"north": {"uv": [6.5, 1.5, 4.5, 1], "rotation": 180, "texture": "#1"},
				"east": {"uv": [10.5, 6, 11, 6.5], "rotation": 90, "texture": "#1"},
				"south": {"uv": [3.5, 4.5, 1.5, 5], "texture": "#1"},
				"west": {"uv": [0, 11, 0.5, 11.5], "rotation": 270, "texture": "#1"},
				"up": {"uv": [4.5, 0.5, 6.5, 1], "texture": "#1"},
				"down": {"uv": [4.5, 0, 6.5, 0.5], "rotation": 180, "texture": "#1"}
			}
		},
		{
			"from": [2.5, -0.5, 8],
			"to": [3, 0.5, 11],
			"rotation": {"angle": 0, "axis": "x", "origin": [6.8125, 0, 8]},
			"faces": {
				"north": {"uv": [12, 5.5, 11.5, 5], "rotation": 180, "texture": "#1"},
				"east": {"uv": [1.5, 10, 2, 12], "rotation": 90, "texture": "#1"},
				"south": {"uv": [6, 11.5, 5.5, 12], "texture": "#1"},
				"west": {"uv": [2.5, 10, 3, 12], "rotation": 270, "texture": "#1"},
				"up": {"uv": [2, 10, 2.5, 12], "texture": "#1"},
				"down": {"uv": [1, 10, 1.5, 12], "rotation": 180, "texture": "#1"}
			}
		},
		{
			"from": [2.5, -0.5, 5],
			"to": [3, 0.5, 8],
			"rotation": {"angle": 0, "axis": "x", "origin": [6.8125, 0, 8]},
			"faces": {
				"north": {"uv": [12, 5, 11.5, 4.5], "rotation": 180, "texture": "#1"},
				"east": {"uv": [9, 9, 9.5, 11], "rotation": 90, "texture": "#1"},
				"south": {"uv": [5.5, 11.5, 5, 12], "texture": "#1"},
				"west": {"uv": [0.5, 10, 1, 12], "rotation": 270, "texture": "#1"},
				"up": {"uv": [9.5, 8.5, 10, 10.5], "texture": "#1"},
				"down": {"uv": [8.5, 9, 9, 11], "rotation": 180, "texture": "#1"}
			}
		},
		{
			"from": [10, -0.5, 8],
			"to": [10.5, 0.5, 11],
			"rotation": {"angle": 0, "axis": "x", "origin": [6.8125, 0, 8]},
			"faces": {
				"north": {"uv": [12, 4.5, 11.5, 4], "rotation": 180, "texture": "#1"},
				"east": {"uv": [7, 9, 7.5, 11], "rotation": 90, "texture": "#1"},
				"south": {"uv": [5, 11.5, 4.5, 12], "texture": "#1"},
				"west": {"uv": [8, 9, 8.5, 11], "rotation": 270, "texture": "#1"},
				"up": {"uv": [7.5, 9, 8, 11], "texture": "#1"},
				"down": {"uv": [6.5, 9, 7, 11], "rotation": 180, "texture": "#1"}
			}
		},
		{
			"from": [10, -0.5, 5],
			"to": [10.5, 0.5, 8],
			"rotation": {"angle": 0, "axis": "x", "origin": [6.8125, 0, 8]},
			"faces": {
				"north": {"uv": [4, 12, 3.5, 11.5], "rotation": 180, "texture": "#1"},
				"east": {"uv": [5.5, 8, 6, 10], "rotation": 90, "texture": "#1"},
				"south": {"uv": [12, 3.5, 11.5, 4], "texture": "#1"},
				"west": {"uv": [0, 9, 0.5, 11], "rotation": 270, "texture": "#1"},
				"up": {"uv": [6, 8, 6.5, 10], "texture": "#1"},
				"down": {"uv": [5, 8, 5.5, 10], "rotation": 180, "texture": "#1"}
			}
		},
		{
			"from": [9.4, -1.15, 6.75],
			"to": [10.65, 1.15, 9.25],
			"rotation": {"angle": 0, "axis": "x", "origin": [6.8125, 0, 8]},
			"faces": {
				"north": {"uv": [11, 5, 10.5, 4], "rotation": 180, "texture": "#1"},
				"east": {"uv": [3.5, 0, 4.5, 1.5], "rotation": 90, "texture": "#1"},
				"south": {"uv": [5, 10.5, 4.5, 11.5], "texture": "#1"},
				"west": {"uv": [0.5, 3.5, 1.5, 5], "rotation": 270, "texture": "#1"},
				"up": {"uv": [4, 10.5, 4.5, 12], "texture": "#1"},
				"down": {"uv": [6, 10, 6.5, 11.5], "rotation": 180, "texture": "#1"}
			}
		},
		{
			"from": [9.8, -0.65, 7.35],
			"to": [11.05, 0.65, 8.65],
			"rotation": {"angle": 0, "axis": "x", "origin": [6.8125, 0, 8]},
			"faces": {
				"north": {"uv": [7, 12.5, 6.5, 12], "rotation": 180, "texture": "#1"},
				"east": {"uv": [12, 5.5, 12.5, 6], "rotation": 90, "texture": "#1"},
				"south": {"uv": [12.5, 6.5, 12, 7], "texture": "#1"},
				"west": {"uv": [12, 6, 12.5, 6.5], "rotation": 270, "texture": "#1"},
				"up": {"uv": [6, 12, 6.5, 12.5], "texture": "#1"},
				"down": {"uv": [5.5, 12, 6, 12.5], "rotation": 180, "texture": "#1"}
			}
		},
		{
			"from": [9.95, -0.4, 7.6],
			"to": [11.2, 0.4, 8.4],
			"rotation": {"angle": 0, "axis": "x", "origin": [6.8125, 0, 8]},
			"faces": {
				"north": {"uv": [8.5, 12.5, 8, 12], "rotation": 180, "texture": "#1"},
				"east": {"uv": [12, 7, 12.5, 7.5], "rotation": 90, "texture": "#1"},
				"south": {"uv": [12.5, 8, 12, 8.5], "texture": "#1"},
				"west": {"uv": [12, 7.5, 12.5, 8], "rotation": 270, "texture": "#1"},
				"up": {"uv": [7.5, 12, 8, 12.5], "texture": "#1"},
				"down": {"uv": [7, 12, 7.5, 12.5], "rotation": 180, "texture": "#1"}
			}
		},
		{
			"from": [10.75, -0.1, 7.2],
			"to": [11, 0.1, 7.4],
			"rotation": {"angle": 0, "axis": "x", "origin": [6.8125, 0, 8]},
			"faces": {
				"north": {"uv": [12.5, 9, 12, 8.5], "rotation": 180, "texture": "#1"},
				"east": {"uv": [12, 8.5, 12.5, 9], "rotation": 90, "texture": "#1"},
				"south": {"uv": [12.5, 8.5, 12, 9], "texture": "#1"},
				"west": {"uv": [12, 8.5, 12.5, 9], "rotation": 270, "texture": "#1"},
				"up": {"uv": [12, 8.5, 12.5, 9], "texture": "#1"},
				"down": {"uv": [12, 8.5, 12.5, 9], "rotation": 180, "texture": "#1"}
			}
		},
		{
			"from": [10.75, -0.1, 8.6],
			"to": [11, 0.1, 8.8],
			"rotation": {"angle": 0, "axis": "x", "origin": [6.8125, 0, 8]},
			"faces": {
				"north": {"uv": [12.5, 9, 12, 8.5], "rotation": 180, "texture": "#1"},
				"east": {"uv": [12, 8.5, 12.5, 9], "rotation": 90, "texture": "#1"},
				"south": {"uv": [12.5, 8.5, 12, 9], "texture": "#1"},
				"west": {"uv": [12, 8.5, 12.5, 9], "rotation": 270, "texture": "#1"},
				"up": {"uv": [12, 8.5, 12.5, 9], "texture": "#1"},
				"down": {"uv": [12, 8.5, 12.5, 9], "rotation": 180, "texture": "#1"}
			}
		},
		{
			"from": [10.75, 0.6, 7.9],
			"to": [11, 0.8, 8.1],
			"rotation": {"angle": 0, "axis": "x", "origin": [6.8125, 0, 8]},
			"faces": {
				"north": {"uv": [12.5, 9, 12, 8.5], "rotation": 180, "texture": "#1"},
				"east": {"uv": [12, 8.5, 12.5, 9], "rotation": 90, "texture": "#1"},
				"south": {"uv": [12.5, 8.5, 12, 9], "texture": "#1"},
				"west": {"uv": [12, 8.5, 12.5, 9], "rotation": 270, "texture": "#1"},
				"up": {"uv": [12, 8.5, 12.5, 9], "texture": "#1"},
				"down": {"uv": [12, 8.5, 12.5, 9], "rotation": 180, "texture": "#1"}
			}
		},
		{
			"from": [10.75, -0.8, 7.9],
			"to": [11, -0.6, 8.1],
			"rotation": {"angle": 0, "axis": "x", "origin": [6.8125, 0, 8]},
			"faces": {
				"north": {"uv": [12.5, 9, 12, 8.5], "rotation": 180, "texture": "#1"},
				"east": {"uv": [12, 8.5, 12.5, 9], "rotation": 90, "texture": "#1"},
				"south": {"uv": [12.5, 8.5, 12, 9], "texture": "#1"},
				"west": {"uv": [12, 8.5, 12.5, 9], "rotation": 270, "texture": "#1"},
				"up": {"uv": [12, 8.5, 12.5, 9], "texture": "#1"},
				"down": {"uv": [12, 8.5, 12.5, 9], "rotation": 180, "texture": "#1"}
			}
		},
		{
			"from": [9.3, -1, 7],
			"to": [10.75, 1, 9],
			"rotation": {"angle": -45, "axis": "x", "origin": [6.8125, 0, 8]},
			"faces": {
				"north": {"uv": [10.5, 11.5, 10, 10.5], "rotation": 180, "texture": "#1"},
				"east": {"uv": [5, 10, 6, 11], "rotation": 90, "texture": "#1"},
				"south": {"uv": [11, 10.5, 10.5, 11.5], "texture": "#1"},
				"west": {"uv": [3, 10.5, 4, 11.5], "rotation": 270, "texture": "#1"},
				"up": {"uv": [9.5, 10.5, 10, 11.5], "texture": "#1"},
				"down": {"uv": [10.5, 5, 11, 6], "rotation": 180, "texture": "#1"}
			}
		},
		{
			"from": [9.4, 0.35, 6.25],
			"to": [10.65, 1.15, 6.75],
			"rotation": {"angle": 0, "axis": "x", "origin": [6.8125, 0, 8]},
			"faces": {
				"north": {"uv": [1, 12.5, 0.5, 12], "rotation": 180, "texture": "#1"},
				"east": {"uv": [11.5, 11.5, 12, 12], "rotation": 90, "texture": "#1"},
				"south": {"uv": [12.5, 0.5, 12, 1], "texture": "#1"},
				"west": {"uv": [12, 0, 12.5, 0.5], "rotation": 270, "texture": "#1"},
				"up": {"uv": [0, 12, 0.5, 12.5], "texture": "#1"},
				"down": {"uv": [11.5, 11, 12, 11.5], "rotation": 180, "texture": "#1"}
			}
		},
		{
			"from": [9.4, 0.35, 9.25],
			"to": [10.65, 1.15, 9.75],
			"rotation": {"angle": 0, "axis": "x", "origin": [6.8125, 0, 8]},
			"faces": {
				"north": {"uv": [2.5, 12.5, 2, 12], "rotation": 180, "texture": "#1"},
				"east": {"uv": [12, 1, 12.5, 1.5], "rotation": 90, "texture": "#1"},
				"south": {"uv": [12.5, 2, 12, 2.5], "texture": "#1"},
				"west": {"uv": [12, 1.5, 12.5, 2], "rotation": 270, "texture": "#1"},
				"up": {"uv": [1.5, 12, 2, 12.5], "texture": "#1"},
				"down": {"uv": [1, 12, 1.5, 12.5], "rotation": 180, "texture": "#1"}
			}
		},
		{
			"from": [9.4, -1.15, 6.25],
			"to": [10.65, -0.35, 6.75],
			"rotation": {"angle": 0, "axis": "x", "origin": [6.8125, 0, 8]},
			"faces": {
				"north": {"uv": [5.5, 12.5, 5, 12], "rotation": 180, "texture": "#1"},
				"east": {"uv": [12, 4, 12.5, 4.5], "rotation": 90, "texture": "#1"},
				"south": {"uv": [12.5, 5, 12, 5.5], "texture": "#1"},
				"west": {"uv": [12, 4.5, 12.5, 5], "rotation": 270, "texture": "#1"},
				"up": {"uv": [4.5, 12, 5, 12.5], "texture": "#1"},
				"down": {"uv": [4, 12, 4.5, 12.5], "rotation": 180, "texture": "#1"}
			}
		},
		{
			"from": [9.4, -1.15, 9.25],
			"to": [10.65, -0.35, 9.75],
			"rotation": {"angle": 0, "axis": "x", "origin": [6.8125, 0, 8]},
			"faces": {
				"north": {"uv": [4, 12.5, 3.5, 12], "rotation": 180, "texture": "#1"},
				"east": {"uv": [12, 2.5, 12.5, 3], "rotation": 90, "texture": "#1"},
				"south": {"uv": [12.5, 3.5, 12, 4], "texture": "#1"},
				"west": {"uv": [12, 3, 12.5, 3.5], "rotation": 270, "texture": "#1"},
				"up": {"uv": [3, 12, 3.5, 12.5], "texture": "#1"},
				"down": {"uv": [2.5, 12, 3, 12.5], "rotation": 180, "texture": "#1"}
			}
		}
	],
	"display": {
		"thirdperson_righthand": {
			"rotation": [90, 0, 0],
			"translation": [-12, -2, 9.85],
			"scale": [1.5, 1.5, 1.5]
		},
		"thirdperson_lefthand": {
			"rotation": [90, 0, 0],
			"translation": [0, -2, 14.85],
			"scale": [1.5, 1.5, 1.5]
		},
		"firstperson_righthand": {
			"rotation": [90, 0, 0],
			"translation": [-9, 3, -9.5]
		},
		"firstperson_lefthand": {
			"rotation": [90, 0, 0],
			"translation": [7.5, 0.25, -1],
			"scale": [1.5, 1.5, 1.5]
		}
	},
	"groups": [
		{
			"name": "Head",
			"origin": [8, 24, 8],
			"color": 0,
			"children": []
		},
		{
			"name": "Body",
			"origin": [8, 24, 8],
			"color": 0,
			"children": []
		},
		{
			"name": "RightArm",
			"origin": [13, 22, 8],
			"color": 0,
			"children": []
		},
		{
			"name": "LeftArm",
			"origin": [3, 22, 8],
			"color": 0,
			"children": [0, 1]
		},
		{
			"name": "RightLeg",
			"origin": [9.9, 12, 8],
			"color": 0,
			"children": []
		},
		{
			"name": "LeftLeg",
			"origin": [6.1, 12, 8],
			"color": 0,
			"children": []
		},
		{
			"name": "ult",
			"origin": [0, 0, 0],
			"color": 0,
			"children": [
				{
					"name": "nanowires",
					"origin": [0, 0, 0],
					"color": 0,
					"children": [2, 3, 4, 5]
				},
				6,
				7,
				8,
				9,
				10,
				11,
				12,
				13,
				14,
				15,
				16,
				17,
				18,
				19,
				20,
				21,
				22,
				23,
				24,
				25,
				26,
				27,
				28,
				29,
				30,
				31,
				32,
				33,
				34,
				35,
				36,
				37,
				38,
				39,
				40,
				41
			]
		}
	]
}