{
	"credit": "Made with Blockbench",
	"parent": "shotgun",
	"texture_size": [32, 32],
	"textures": {
		"0": "item/pumpshotgun",
		"particle": "item/pumpshotgun"
	},
	"elements": [
		{
			"from": [7.5, 2.5, 17.75],
			"to": [7.75, 2.75, 20.25],
			"rotation": {"angle": 0, "axis": "x", "origin": [8, 2.625, 20.25]},
			"faces": {
				"north": {"uv": [5.5, 3.5, 6, 4], "texture": "#0"},
				"east": {"uv": [7.5, 4, 9, 4.5], "texture": "#0"},
				"south": {"uv": [9, 4, 9.5, 4.5], "texture": "#0"},
				"west": {"uv": [7.5, 5, 9, 5.5], "texture": "#0"},
				"up": {"uv": [7.5, 3.5, 7, 2], "texture": "#0"},
				"down": {"uv": [6.5, 7.5, 6, 9], "texture": "#0"}
			}
		},
		{
			"from": [8.25, 2.5, 17.75],
			"to": [8.5, 2.75, 20.25],
			"rotation": {"angle": 0, "axis": "x", "origin": [8, 2.625, 20.25]},
			"faces": {
				"north": {"uv": [9, 5, 9.5, 5.5], "texture": "#0"},
				"east": {"uv": [6.5, 7.5, 8, 8], "texture": "#0"},
				"south": {"uv": [6, 10.5, 6.5, 11], "texture": "#0"},
				"west": {"uv": [7.5, 6.5, 9, 7], "texture": "#0"},
				"up": {"uv": [0.5, 9.5, 0, 8], "texture": "#0"},
				"down": {"uv": [1, 8, 0.5, 9.5], "texture": "#0"}
			}
		},
		{
			"from": [7.75, 2.5, 20],
			"to": [8.25, 2.75, 20.25],
			"rotation": {"angle": 0, "axis": "x", "origin": [8, 2.625, 20.25]},
			"faces": {
				"north": {"uv": [6.5, 10.5, 7, 11], "texture": "#0"},
				"east": {"uv": [10.5, 6.5, 11, 7], "texture": "#0"},
				"south": {"uv": [7, 10.5, 7.5, 11], "texture": "#0"},
				"west": {"uv": [10.5, 7, 11, 7.5], "texture": "#0"},
				"up": {"uv": [8, 11, 7.5, 10.5], "texture": "#0"},
				"down": {"uv": [8.5, 10.5, 8, 11], "texture": "#0"}
			}
		},
		{
			"from": [7.75, 2.5, 17.75],
			"to": [8.25, 2.75, 18],
			"rotation": {"angle": 0, "axis": "x", "origin": [8, 2.625, 20.25]},
			"faces": {
				"north": {"uv": [10.5, 8, 11, 8.5], "texture": "#0"},
				"east": {"uv": [8.5, 10.5, 9, 11], "texture": "#0"},
				"south": {"uv": [10.5, 8.5, 11, 9], "texture": "#0"},
				"west": {"uv": [10.5, 9, 11, 9.5], "texture": "#0"},
				"up": {"uv": [11, 10, 10.5, 9.5], "texture": "#0"},
				"down": {"uv": [11, 10, 10.5, 10.5], "texture": "#0"}
			}
		},
		{
			"from": [7.5, 0.75, 23],
			"to": [8.5, 2.75, 25],
			"rotation": {"angle": 0, "axis": "x", "origin": [8, 1.225, 26.225]},
			"faces": {
				"north": {"uv": [3, 9, 3.5, 10], "texture": "#0"},
				"east": {"uv": [6, 5.5, 7, 6.5], "texture": "#0"},
				"south": {"uv": [6, 9, 6.5, 10], "texture": "#0"},
				"west": {"uv": [4.5, 6.5, 5.5, 7.5], "texture": "#0"},
				"up": {"uv": [9.5, 7, 9, 6], "texture": "#0"},
				"down": {"uv": [9.5, 7, 9, 8], "texture": "#0"}
			}
		},
		{
			"from": [7.5, 0.25, 27],
			"to": [8.5, 2, 29],
			"rotation": {"angle": 0, "axis": "x", "origin": [8, 1.225, 26.225]},
			"faces": {
				"north": {"uv": [8, 9, 8.5, 10], "texture": "#0"},
				"east": {"uv": [5.5, 6.5, 6.5, 7.5], "texture": "#0"},
				"south": {"uv": [9, 8, 9.5, 9], "texture": "#0"},
				"west": {"uv": [6.5, 6.5, 7.5, 7.5], "texture": "#0"},
				"up": {"uv": [9, 10, 8.5, 9], "texture": "#0"},
				"down": {"uv": [9.5, 9, 9, 10], "texture": "#0"}
			}
		},
		{
			"from": [7.5, 2, 28.5],
			"to": [8.5, 3, 32],
			"rotation": {"angle": 0, "axis": "x", "origin": [8, 1.225, 26.225]},
			"faces": {
				"north": {"uv": [10.5, 10.5, 11, 11], "texture": "#0"},
				"east": {"uv": [6, 4.5, 8, 5], "texture": "#0"},
				"south": {"uv": [11, 0, 11.5, 0.5], "texture": "#0"},
				"west": {"uv": [7, 1.5, 9, 2], "texture": "#0"},
				"up": {"uv": [8, 4, 7.5, 2], "texture": "#0"},
				"down": {"uv": [5, 7.5, 4.5, 9.5], "texture": "#0"}
			}
		},
		{
			"from": [7.5, 0.75, 29],
			"to": [8.5, 2, 32],
			"rotation": {"angle": 0, "axis": "x", "origin": [8, 1.225, 26.225]},
			"faces": {
				"north": {"uv": [11, 0.5, 11.5, 1], "texture": "#0"},
				"east": {"uv": [7.5, 7, 9, 7.5], "texture": "#0"},
				"south": {"uv": [1, 11, 1.5, 11.5], "texture": "#0"},
				"west": {"uv": [8, 2, 9.5, 2.5], "texture": "#0"},
				"up": {"uv": [8.5, 4, 8, 2.5], "texture": "#0"},
				"down": {"uv": [7, 8, 6.5, 9.5], "texture": "#0"}
			}
		},
		{
			"from": [7.4, 0.23, 24.41],
			"to": [8.6, 2.23, 27.41],
			"rotation": {"angle": 22.5, "axis": "x", "origin": [8, 1.225, 26.225]},
			"faces": {
				"north": {"uv": [0, 9.5, 0.5, 10.5], "texture": "#0"},
				"east": {"uv": [5.5, 1.5, 7, 2.5], "texture": "#0"},
				"south": {"uv": [9.5, 0, 10, 1], "texture": "#0"},
				"west": {"uv": [5.5, 2.5, 7, 3.5], "texture": "#0"},
				"up": {"uv": [7.5, 9.5, 7, 8], "texture": "#0"},
				"down": {"uv": [8, 8, 7.5, 9.5], "texture": "#0"}
			}
		},
		{
			"from": [7.5, 1, 21],
			"to": [8.5, 1.5, 23],
			"rotation": {"angle": 0, "axis": "x", "origin": [8, 1.225, 26.225]},
			"faces": {
				"north": {"uv": [1.5, 11, 2, 11.5], "texture": "#0"},
				"east": {"uv": [8, 6, 9, 6.5], "texture": "#0"},
				"south": {"uv": [11, 1.5, 11.5, 2], "texture": "#0"},
				"west": {"uv": [9, 1.5, 10, 2], "texture": "#0"},
				"up": {"uv": [1, 10.5, 0.5, 9.5], "texture": "#0"},
				"down": {"uv": [10, 2, 9.5, 3], "texture": "#0"}
			}
		},
		{
			"from": [7.5, 1.5, 20.5],
			"to": [8.5, 2.75, 21],
			"rotation": {"angle": 0, "axis": "x", "origin": [8, 1.225, 26.225]},
			"faces": {
				"north": {"uv": [2, 11, 2.5, 11.5], "texture": "#0"},
				"east": {"uv": [2.5, 11, 3, 11.5], "texture": "#0"},
				"south": {"uv": [3, 11, 3.5, 11.5], "texture": "#0"},
				"west": {"uv": [11, 3, 11.5, 3.5], "texture": "#0"},
				"up": {"uv": [11.5, 4, 11, 3.5], "texture": "#0"},
				"down": {"uv": [11.5, 4, 11, 4.5], "texture": "#0"}
			}
		},
		{
			"from": [8.5, 2.75, 15.5],
			"to": [8.75, 4.75, 23.5],
			"rotation": {"angle": 0, "axis": "x", "origin": [8, 1.225, 26.225]},
			"faces": {
				"north": {"uv": [9.5, 3, 10, 4], "texture": "#0"},
				"east": {"uv": [0, 0, 4, 1], "texture": "#0"},
				"south": {"uv": [3.5, 9.5, 4, 10.5], "texture": "#0"},
				"west": {"uv": [0, 1, 4, 2], "texture": "#0"},
				"up": {"uv": [5.5, 4, 5, 0], "texture": "#0"},
				"down": {"uv": [2.5, 5, 2, 9], "texture": "#0"}
			}
		},
		{
			"from": [7.5, 2.75, 20.25],
			"to": [8.5, 4.75, 23.5],
			"rotation": {"angle": 0, "axis": "x", "origin": [8, 1.225, 26.225]},
			"faces": {
				"north": {"uv": [4, 9.5, 4.5, 10.5], "texture": "#0"},
				"east": {"uv": [4.5, 5.5, 6, 6.5], "texture": "#0"},
				"south": {"uv": [9.5, 4, 10, 5], "texture": "#0"},
				"west": {"uv": [6, 3.5, 7.5, 4.5], "texture": "#0"},
				"up": {"uv": [8.5, 9, 8, 7.5], "texture": "#0"},
				"down": {"uv": [9, 2.5, 8.5, 4], "texture": "#0"}
			}
		},
		{
			"from": [7.5, 2.75, 15.5],
			"to": [8.5, 4.75, 17.75],
			"rotation": {"angle": 0, "axis": "x", "origin": [8, 1.225, 26.225]},
			"faces": {
				"north": {"uv": [4.5, 9.5, 5, 10.5], "texture": "#0"},
				"east": {"uv": [7, 5.5, 8, 6.5], "texture": "#0"},
				"south": {"uv": [9.5, 5, 10, 6], "texture": "#0"},
				"west": {"uv": [5, 7.5, 6, 8.5], "texture": "#0"},
				"up": {"uv": [10, 7, 9.5, 6], "texture": "#0"},
				"down": {"uv": [7, 9.5, 6.5, 10.5], "texture": "#0"}
			}
		},
		{
			"from": [7.5, 4, 17.75],
			"to": [8.5, 4.75, 20.25],
			"rotation": {"angle": 0, "axis": "x", "origin": [8, 1.225, 26.225]},
			"faces": {
				"north": {"uv": [11, 4.5, 11.5, 5], "texture": "#0"},
				"east": {"uv": [8, 4.5, 9.5, 5], "texture": "#0"},
				"south": {"uv": [5, 11, 5.5, 11.5], "texture": "#0"},
				"west": {"uv": [8, 5.5, 9.5, 6], "texture": "#0"},
				"up": {"uv": [5.5, 10, 5, 8.5], "texture": "#0"},
				"down": {"uv": [6, 8.5, 5.5, 10], "texture": "#0"}
			}
		},
		{
			"from": [7.25, 2.75, 15.5],
			"to": [7.5, 4.75, 23.5],
			"rotation": {"angle": 0, "axis": "x", "origin": [8, 1.225, 26.225]},
			"faces": {
				"north": {"uv": [7, 9.5, 7.5, 10.5], "texture": "#0"},
				"east": {"uv": [0, 2, 4, 3], "texture": "#0"},
				"south": {"uv": [9.5, 7, 10, 8], "texture": "#0"},
				"west": {"uv": [0, 3, 4, 4], "texture": "#0"},
				"up": {"uv": [3, 9, 2.5, 5], "texture": "#0"},
				"down": {"uv": [3.5, 5, 3, 9], "texture": "#0"}
			}
		},
		{
			"from": [7.5, 4.75, 21.25],
			"to": [8.5, 5, 23.25],
			"rotation": {"angle": 0, "axis": "x", "origin": [8, 1.225, 26.225]},
			"faces": {
				"north": {"uv": [11, 5, 11.5, 5.5], "texture": "#0"},
				"east": {"uv": [9.5, 1, 10.5, 1.5], "texture": "#0"},
				"south": {"uv": [11, 5.5, 11.5, 6], "texture": "#0"},
				"west": {"uv": [9.5, 8, 10.5, 8.5], "texture": "#0"},
				"up": {"uv": [8, 10.5, 7.5, 9.5], "texture": "#0"},
				"down": {"uv": [10, 8.5, 9.5, 9.5], "texture": "#0"}
			}
		},
		{
			"from": [7.5, 5, 22.25],
			"to": [7.75, 5.25, 23],
			"rotation": {"angle": 0, "axis": "x", "origin": [8, 1.225, 26.225]},
			"faces": {
				"north": {"uv": [6, 11, 6.5, 11.5], "texture": "#0"},
				"east": {"uv": [11, 6, 11.5, 6.5], "texture": "#0"},
				"south": {"uv": [6.5, 11, 7, 11.5], "texture": "#0"},
				"west": {"uv": [11, 6.5, 11.5, 7], "texture": "#0"},
				"up": {"uv": [7.5, 11.5, 7, 11], "texture": "#0"},
				"down": {"uv": [11.5, 7, 11, 7.5], "texture": "#0"}
			}
		},
		{
			"from": [8.25, 5, 22.25],
			"to": [8.5, 5.25, 23],
			"rotation": {"angle": 0, "axis": "x", "origin": [8, 1.225, 26.225]},
			"faces": {
				"north": {"uv": [7.5, 11, 8, 11.5], "texture": "#0"},
				"east": {"uv": [11, 7.5, 11.5, 8], "texture": "#0"},
				"south": {"uv": [8, 11, 8.5, 11.5], "texture": "#0"},
				"west": {"uv": [11, 8, 11.5, 8.5], "texture": "#0"},
				"up": {"uv": [9, 11.5, 8.5, 11], "texture": "#0"},
				"down": {"uv": [11.5, 8.5, 11, 9], "texture": "#0"}
			}
		},
		{
			"from": [7.625, 4, 5.25],
			"to": [8.375, 4.75, 15.5],
			"rotation": {"angle": 0, "axis": "x", "origin": [8, 1.225, 26.225]},
			"faces": {
				"north": {"uv": [9, 11, 9.5, 11.5], "texture": "#0"},
				"east": {"uv": [1, 4, 6, 4.5], "texture": "#0"},
				"south": {"uv": [11, 9, 11.5, 9.5], "texture": "#0"},
				"west": {"uv": [1, 4.5, 6, 5], "texture": "#0"},
				"up": {"uv": [1.5, 10, 1, 5], "texture": "#0"},
				"down": {"uv": [2, 5, 1.5, 10], "texture": "#0"}
			}
		},
		{
			"from": [7.5, 4.625, 4.25],
			"to": [8.5, 4.875, 6.5],
			"rotation": {"angle": 0, "axis": "x", "origin": [8, 1.225, 26.225]},
			"faces": {
				"north": {"uv": [9.5, 11, 10, 11.5], "texture": "#0"},
				"east": {"uv": [9.5, 9.5, 10.5, 10], "texture": "#0"},
				"south": {"uv": [11, 9.5, 11.5, 10], "texture": "#0"},
				"west": {"uv": [10, 0, 11, 0.5], "texture": "#0"},
				"up": {"uv": [1.5, 11, 1, 10], "texture": "#0"},
				"down": {"uv": [2, 10, 1.5, 11], "texture": "#0"}
			}
		},
		{
			"from": [7.5, 3.875, 4.25],
			"to": [8.5, 4.125, 6.5],
			"rotation": {"angle": 0, "axis": "x", "origin": [8, 1.225, 26.225]},
			"faces": {
				"north": {"uv": [10, 11, 10.5, 11.5], "texture": "#0"},
				"east": {"uv": [10, 0.5, 11, 1], "texture": "#0"},
				"south": {"uv": [11, 10, 11.5, 10.5], "texture": "#0"},
				"west": {"uv": [10, 1.5, 11, 2], "texture": "#0"},
				"up": {"uv": [10.5, 3, 10, 2], "texture": "#0"},
				"down": {"uv": [3.5, 10, 3, 11], "texture": "#0"}
			}
		},
		{
			"from": [8.25, 4.125, 4.25],
			"to": [8.5, 4.625, 6.5],
			"rotation": {"angle": 0, "axis": "x", "origin": [8, 1.225, 26.225]},
			"faces": {
				"north": {"uv": [10.5, 11, 11, 11.5], "texture": "#0"},
				"east": {"uv": [10, 3, 11, 3.5], "texture": "#0"},
				"south": {"uv": [11, 10.5, 11.5, 11], "texture": "#0"},
				"west": {"uv": [10, 3.5, 11, 4], "texture": "#0"},
				"up": {"uv": [10.5, 5, 10, 4], "texture": "#0"},
				"down": {"uv": [5.5, 10, 5, 11], "texture": "#0"}
			}
		},
		{
			"from": [7.5, 4.125, 4.25],
			"to": [7.75, 4.625, 6.5],
			"rotation": {"angle": 0, "axis": "x", "origin": [8, 1.225, 26.225]},
			"faces": {
				"north": {"uv": [11, 11, 11.5, 11.5], "texture": "#0"},
				"east": {"uv": [10, 5, 11, 5.5], "texture": "#0"},
				"south": {"uv": [0, 11.5, 0.5, 12], "texture": "#0"},
				"west": {"uv": [5.5, 10, 6.5, 10.5], "texture": "#0"},
				"up": {"uv": [10.5, 6.5, 10, 5.5], "texture": "#0"},
				"down": {"uv": [10.5, 6.5, 10, 7.5], "texture": "#0"}
			}
		},
		{
			"from": [7.875, 4.75, 6.25],
			"to": [8.125, 5, 8.5],
			"rotation": {"angle": 0, "axis": "x", "origin": [8, 1.225, 26.225]},
			"faces": {
				"north": {"uv": [11.5, 0, 12, 0.5], "texture": "#0"},
				"east": {"uv": [10, 7.5, 11, 8], "texture": "#0"},
				"south": {"uv": [0.5, 11.5, 1, 12], "texture": "#0"},
				"west": {"uv": [8, 10, 9, 10.5], "texture": "#0"},
				"up": {"uv": [10.5, 9.5, 10, 8.5], "texture": "#0"},
				"down": {"uv": [9.5, 10, 9, 11], "texture": "#0"}
			}
		},
		{
			"from": [7.875, 5, 6.5],
			"to": [8.125, 5.25, 7.25],
			"rotation": {"angle": 0, "axis": "x", "origin": [8, 1.225, 26.225]},
			"faces": {
				"north": {"uv": [11.5, 0.5, 12, 1], "texture": "#0"},
				"east": {"uv": [1, 11.5, 1.5, 12], "texture": "#0"},
				"south": {"uv": [11.5, 1, 12, 1.5], "texture": "#0"},
				"west": {"uv": [1.5, 11.5, 2, 12], "texture": "#0"},
				"up": {"uv": [12, 2, 11.5, 1.5], "texture": "#0"},
				"down": {"uv": [2.5, 11.5, 2, 12], "texture": "#0"}
			}
		},
		{
			"from": [7.625, 2.75, 7.5],
			"to": [8.375, 3.5, 15.5],
			"rotation": {"angle": 0, "axis": "x", "origin": [8, 1.225, 26.225]},
			"faces": {
				"north": {"uv": [11.5, 2, 12, 2.5], "texture": "#0"},
				"east": {"uv": [3.5, 5, 7.5, 5.5], "texture": "#0"},
				"south": {"uv": [2.5, 11.5, 3, 12], "texture": "#0"},
				"west": {"uv": [5.5, 0, 9.5, 0.5], "texture": "#0"},
				"up": {"uv": [4, 9.5, 3.5, 5.5], "texture": "#0"},
				"down": {"uv": [4.5, 5.5, 4, 9.5], "texture": "#0"}
			}
		},
		{
			"from": [7.75, 2.875, 7.375],
			"to": [8.25, 3.375, 7.875],
			"rotation": {"angle": 0, "axis": "x", "origin": [8, 1.225, 26.225]},
			"faces": {
				"north": {"uv": [11.5, 2.5, 12, 3], "texture": "#0"},
				"east": {"uv": [3, 11.5, 3.5, 12], "texture": "#0"},
				"south": {"uv": [11.5, 3, 12, 3.5], "texture": "#0"},
				"west": {"uv": [3.5, 11.5, 4, 12], "texture": "#0"},
				"up": {"uv": [12, 4, 11.5, 3.5], "texture": "#0"},
				"down": {"uv": [4.5, 11.5, 4, 12], "texture": "#0"}
			}
		},
		{
			"from": [7.375, 2.625, 8.5],
			"to": [8.625, 4.5, 9.25],
			"rotation": {"angle": 0, "axis": "x", "origin": [8, 1.225, 26.225]},
			"faces": {
				"north": {"uv": [9.5, 10, 10, 11], "texture": "#0"},
				"east": {"uv": [10, 10, 10.5, 11], "texture": "#0"},
				"south": {"uv": [0, 10.5, 0.5, 11.5], "texture": "#0"},
				"west": {"uv": [0.5, 10.5, 1, 11.5], "texture": "#0"},
				"up": {"uv": [12, 4.5, 11.5, 4], "texture": "#0"},
				"down": {"uv": [5, 11.5, 4.5, 12], "texture": "#0"}
			}
		},
		{
			"from": [7.125, 2.5, 10],
			"to": [8.875, 3.75, 17.5],
			"rotation": {"angle": 0, "axis": "x", "origin": [8, 1.225, 26.225]},
			"faces": {
				"north": {"uv": [10.5, 1, 11.5, 1.5], "texture": "#0"},
				"east": {"uv": [5.5, 0.5, 9.5, 1], "texture": "#0"},
				"south": {"uv": [2, 10.5, 3, 11], "texture": "#0"},
				"west": {"uv": [5.5, 1, 9.5, 1.5], "texture": "#0"},
				"up": {"uv": [1, 8, 0, 4], "texture": "#0"},
				"down": {"uv": [5, 0, 4, 4], "texture": "#0"}
			}
		},
		{
			"from": [7.6, 1.51284, 27.25],
			"to": [8.4, 2.51284, 28.75],
			"rotation": {"angle": -45, "axis": "x", "origin": [8, 2.51284, 28.06558]},
			"faces": {
				"north": {"uv": [11.5, 4.5, 12, 5], "texture": "#0"},
				"east": {"uv": [10.5, 2, 11.5, 2.5], "texture": "#0"},
				"south": {"uv": [5, 11.5, 5.5, 12], "texture": "#0"},
				"west": {"uv": [10.5, 2.5, 11.5, 3], "texture": "#0"},
				"up": {"uv": [4, 11.5, 3.5, 10.5], "texture": "#0"},
				"down": {"uv": [4.5, 10.5, 4, 11.5], "texture": "#0"}
			}
		},
		{
			"from": [7.6, 2.27712, 23.13012],
			"to": [8.4, 4.77712, 24.13012],
			"rotation": {"angle": -45, "axis": "x", "origin": [8, 3.52712, 24.13012]},
			"faces": {
				"north": {"uv": [8.5, 7.5, 9, 9], "texture": "#0"},
				"east": {"uv": [2, 9, 2.5, 10.5], "texture": "#0"},
				"south": {"uv": [2.5, 9, 3, 10.5], "texture": "#0"},
				"west": {"uv": [9, 2.5, 9.5, 4], "texture": "#0"},
				"up": {"uv": [12, 5.5, 11.5, 5], "texture": "#0"},
				"down": {"uv": [6, 11.5, 5.5, 12], "texture": "#0"}
			}
		},
		{
			"from": [7.75, 0.14594, 22.06184],
			"to": [8.25, 1.64594, 22.31184],
			"rotation": {"angle": 22.5, "axis": "x", "origin": [8, 1.225, 26.225]},
			"faces": {
				"north": {"uv": [10.5, 4, 11, 5], "texture": "#0"},
				"east": {"uv": [4.5, 10.5, 5, 11.5], "texture": "#0"},
				"south": {"uv": [5.5, 10.5, 6, 11.5], "texture": "#0"},
				"west": {"uv": [10.5, 5.5, 11, 6.5], "texture": "#0"},
				"up": {"uv": [12, 6, 11.5, 5.5], "texture": "#0"},
				"down": {"uv": [6.5, 11.5, 6, 12], "texture": "#0"}
			}
		}
	],
	"gui_light": "front",
	"display": {
		"thirdperson_righthand": {
			"translation": [-2, 5.5, -14]
		},
		"thirdperson_lefthand": {
			"translation": [-2, 5.5, -14]
		},
		"firstperson_righthand": {
			"rotation": [0, 2.5, 0],
			"translation": [-2.5, 9.25, -11.75]
		},
		"firstperson_lefthand": {
			"rotation": [0, 2.5, 0],
			"translation": [-2.5, 9.25, -11.75]
		},
		"ground": {
			"translation": [0, 5.5, -9]
		},
		"gui": {
			"rotation": [0, -90, 0],
			"translation": [5.5, 2.5, 0],
			"scale": [0.55, 0.55, 0.55]
		},
		"head": {
			"scale": [0, 0, 0]
		},
		"fixed": {
			"rotation": [-82.94, 79.92, 82.84],
			"translation": [-30, 6.75, -2.75],
			"scale": [2.5625, 2.5625, 2.5625]
		}
	},
	"groups": [
		{
			"name": "feeding system",
			"origin": [8, 2.875, 20],
			"color": 0,
			"children": [0, 1, 2, 3]
		},
		4,
		5,
		6,
		7,
		8,
		9,
		10,
		11,
		12,
		13,
		14,
		15,
		16,
		17,
		18,
		19,
		20,
		21,
		22,
		23,
		24,
		25,
		26,
		27,
		28,
		29,
		30,
		31,
		32
	]
}