{
	"credit": "Made with Blockbench",
	"parent": "iron_shovel",
	"texture_size": [32, 32],
	"textures": {
		"0": "item/blow_dart",
		"particle": "item/blow_dart"
	},
	"elements": [
		{
			"from": [7.5, 0.25, 2.5],
			"to": [7.75, 0.75, 13.5],
			"rotation": {"angle": 0, "axis": "y", "origin": [8, 0.5, 8]},
			"faces": {
				"north": {"uv": [4, 4, 4.5, 4.5], "texture": "#0"},
				"east": {"uv": [0, 0, 5.5, 0.5], "texture": "#0"},
				"south": {"uv": [4, 4.5, 4.5, 5], "texture": "#0"},
				"west": {"uv": [0, 0.5, 5.5, 1], "texture": "#0"},
				"up": {"uv": [0.5, 6.5, 0, 1], "texture": "#0"},
				"down": {"uv": [1, 1, 0.5, 6.5], "texture": "#0"}
			}
		},
		{
			"from": [7.75, 0.75, 2.5],
			"to": [8.25, 1, 13.5],
			"rotation": {"angle": 0, "axis": "y", "origin": [8, 0.5, 8]},
			"faces": {
				"north": {"uv": [4.5, 4, 5, 4.5], "texture": "#0"},
				"east": {"uv": [1, 1, 6.5, 1.5], "texture": "#0"},
				"south": {"uv": [4.5, 4.5, 5, 5], "texture": "#0"},
				"west": {"uv": [1, 1.5, 6.5, 2], "texture": "#0"},
				"up": {"uv": [1.5, 7.5, 1, 2], "texture": "#0"},
				"down": {"uv": [2, 2, 1.5, 7.5], "texture": "#0"}
			}
		},
		{
			"from": [7.75, 0, 2.5],
			"to": [8.25, 0.25, 13.5],
			"rotation": {"angle": 0, "axis": "y", "origin": [8, 0.5, 8]},
			"faces": {
				"north": {"uv": [4, 5, 4.5, 5.5], "texture": "#0"},
				"east": {"uv": [2, 2, 7.5, 2.5], "texture": "#0"},
				"south": {"uv": [5, 4, 5.5, 4.5], "texture": "#0"},
				"west": {"uv": [2, 2.5, 7.5, 3], "texture": "#0"},
				"up": {"uv": [2.5, 8.5, 2, 3], "texture": "#0"},
				"down": {"uv": [3, 3, 2.5, 8.5], "texture": "#0"}
			}
		},
		{
			"from": [8.25, 0.25, 2.5],
			"to": [8.5, 0.75, 13.5],
			"rotation": {"angle": 0, "axis": "y", "origin": [8, 0.5, 8]},
			"faces": {
				"north": {"uv": [4.5, 5, 5, 5.5], "texture": "#0"},
				"east": {"uv": [3, 3, 8.5, 3.5], "texture": "#0"},
				"south": {"uv": [5, 4.5, 5.5, 5], "texture": "#0"},
				"west": {"uv": [3, 3.5, 8.5, 4], "texture": "#0"},
				"up": {"uv": [3.5, 9.5, 3, 4], "texture": "#0"},
				"down": {"uv": [4, 4, 3.5, 9.5], "texture": "#0"}
			}
		}
	],
	"display": {
		"thirdperson_righthand": {
			"rotation": [-16.68, 9.46, -1],
			"translation": [0, 7, -1.25]
		},
		"thirdperson_lefthand": {
			"rotation": [-16.68, 9.46, -1],
			"translation": [0, 7, -1.25]
		},
		"firstperson_righthand": {
			"rotation": [-12.65, -15.01, 2.48],
			"translation": [-3.25, 11.75, 0]
		},
		"firstperson_lefthand": {
			"rotation": [-12.65, -15.01, 2.48],
			"translation": [-3.25, 11.75, 0]
		},
		"ground": {
			"translation": [0, 5, 0]
		},
		"gui": {
			"rotation": [-180, 90, -180],
			"translation": [0, 7, 0]
		},
		"head": {
			"scale": [0, 0, 0]
		},
		"fixed": {
			"rotation": [90, -18.75, 0],
			"translation": [0, 0, 7]
		}
	},
	"groups": [
		{
			"name": "group",
			"origin": [0, 0, 0],
			"color": 0,
			"children": [0, 1, 2, 3]
		}
	]
}