{
	"credit": "Made with Blockbench",
	"texture_size": [32, 32],
	"textures": {
		"0": "item/pistol",
		"particle": "item/pistol"
	},
	"elements": [
		{
			"from": [7.725, -1.8661, 7.66043],
			"to": [8.275, 1.1339, 9.66043],
			"rotation": {"angle": -22.5, "axis": "x", "origin": [8, 5.84233, 2.25]},
			"faces": {
				"north": {"uv": [5.5, 6, 6, 7.5], "texture": "#0"},
				"east": {"uv": [1, 6.5, 2, 8], "texture": "#0"},
				"south": {"uv": [2, 7.5, 2.5, 9], "texture": "#0"},
				"west": {"uv": [6.5, 4, 7.5, 5.5], "texture": "#0"},
				"up": {"uv": [9.5, 1, 9, 0], "texture": "#0"},
				"down": {"uv": [9.5, 4, 9, 5], "texture": "#0"}
			}
		},
		{
			"from": [7.35, -2.1161, 7.16043],
			"to": [8.65, -1.8661, 9.66043],
			"rotation": {"angle": -22.5, "axis": "x", "origin": [8, 5.84233, 2.25]},
			"faces": {
				"north": {"uv": [7.5, 9.5, 8, 10], "texture": "#0"},
				"east": {"uv": [7.5, 4, 9, 4.5], "texture": "#0"},
				"south": {"uv": [9.5, 7.5, 10, 8], "texture": "#0"},
				"west": {"uv": [7.5, 4.5, 9, 5], "texture": "#0"},
				"up": {"uv": [3, 9, 2.5, 7.5], "texture": "#0"},
				"down": {"uv": [8, 5, 7.5, 6.5], "texture": "#0"}
			}
		},
		{
			"from": [7.5, 5.9, 2],
			"to": [7.75, 6.75, 11],
			"rotation": {"angle": 0, "axis": "y", "origin": [8, 5.84233, 2.25]},
			"faces": {
				"north": {"uv": [8, 9.5, 8.5, 10], "texture": "#0"},
				"east": {"uv": [0, 0, 4.5, 0.5], "texture": "#0"},
				"south": {"uv": [9.5, 8, 10, 8.5], "texture": "#0"},
				"west": {"uv": [0, 0.5, 4.5, 1], "texture": "#0"},
				"up": {"uv": [0.5, 5.5, 0, 1], "texture": "#0"},
				"down": {"uv": [1, 1, 0.5, 5.5], "texture": "#0"}
			}
		},
		{
			"from": [7.75, 5.75, 2],
			"to": [8.25, 6.875, 11],
			"rotation": {"angle": 0, "axis": "y", "origin": [8, 5.84233, 2.25]},
			"faces": {
				"north": {"uv": [8.5, 9.5, 9, 10], "texture": "#0"},
				"east": {"uv": [1, 1, 5.5, 1.5], "texture": "#0"},
				"south": {"uv": [9.5, 8.5, 10, 9], "texture": "#0"},
				"west": {"uv": [1, 1.5, 5.5, 2], "texture": "#0"},
				"up": {"uv": [1.5, 6.5, 1, 2], "texture": "#0"},
				"down": {"uv": [2, 2, 1.5, 6.5], "texture": "#0"}
			}
		},
		{
			"from": [8.25, 5.9, 2],
			"to": [8.5, 6.75, 11],
			"rotation": {"angle": 0, "axis": "y", "origin": [8, 5.84233, 2.25]},
			"faces": {
				"north": {"uv": [9, 9.5, 9.5, 10], "texture": "#0"},
				"east": {"uv": [2, 2, 6.5, 2.5], "texture": "#0"},
				"south": {"uv": [9.5, 9, 10, 9.5], "texture": "#0"},
				"west": {"uv": [2, 2.5, 6.5, 3], "texture": "#0"},
				"up": {"uv": [2.5, 7.5, 2, 3], "texture": "#0"},
				"down": {"uv": [3, 3, 2.5, 7.5], "texture": "#0"}
			}
		},
		{
			"from": [8.3, -1.8661, 7.41043],
			"to": [8.6, 1.1339, 9.91043],
			"rotation": {"angle": -22.5, "axis": "x", "origin": [8, 5.84233, 2.25]},
			"faces": {
				"north": {"uv": [5.5, 7.5, 6, 9], "texture": "#0"},
				"east": {"uv": [3, 3, 4.5, 4.5], "texture": "#0"},
				"south": {"uv": [6, 7.5, 6.5, 9], "texture": "#0"},
				"west": {"uv": [3, 4.5, 4.5, 6], "texture": "#0"},
				"up": {"uv": [7, 9, 6.5, 7.5], "texture": "#0"},
				"down": {"uv": [8, 6.5, 7.5, 8], "texture": "#0"}
			}
		},
		{
			"from": [7.7, -1.8661, 9.66043],
			"to": [8.3, 1.1339, 9.91043],
			"rotation": {"angle": -22.5, "axis": "x", "origin": [8, 5.84233, 2.25]},
			"faces": {
				"north": {"uv": [7, 7.5, 7.5, 9], "texture": "#0"},
				"east": {"uv": [1, 8, 1.5, 9.5], "texture": "#0"},
				"south": {"uv": [1.5, 8, 2, 9.5], "texture": "#0"},
				"west": {"uv": [8, 5, 8.5, 6.5], "texture": "#0"},
				"up": {"uv": [10, 10, 9.5, 9.5], "texture": "#0"},
				"down": {"uv": [0.5, 10, 0, 10.5], "texture": "#0"}
			}
		},
		{
			"from": [7.7, -1.8661, 7.41043],
			"to": [8.3, 1.1339, 7.66043],
			"rotation": {"angle": -22.5, "axis": "x", "origin": [8, 5.84233, 2.25]},
			"faces": {
				"north": {"uv": [8, 6.5, 8.5, 8], "texture": "#0"},
				"east": {"uv": [7.5, 8, 8, 9.5], "texture": "#0"},
				"south": {"uv": [8, 8, 8.5, 9.5], "texture": "#0"},
				"west": {"uv": [8.5, 5, 9, 6.5], "texture": "#0"},
				"up": {"uv": [10.5, 0.5, 10, 0], "texture": "#0"},
				"down": {"uv": [1, 10, 0.5, 10.5], "texture": "#0"}
			}
		},
		{
			"from": [7.4, -1.8661, 7.41043],
			"to": [7.7, 1.1339, 9.91043],
			"rotation": {"angle": -22.5, "axis": "x", "origin": [8, 5.84233, 2.25]},
			"faces": {
				"north": {"uv": [8.5, 6.5, 9, 8], "texture": "#0"},
				"east": {"uv": [4.5, 3, 6, 4.5], "texture": "#0"},
				"south": {"uv": [8.5, 8, 9, 9.5], "texture": "#0"},
				"west": {"uv": [4.5, 4.5, 6, 6], "texture": "#0"},
				"up": {"uv": [2.5, 10.5, 2, 9], "texture": "#0"},
				"down": {"uv": [3, 9, 2.5, 10.5], "texture": "#0"}
			}
		},
		{
			"from": [7.5, 3.25, 9],
			"to": [8.5, 5.25, 11.25],
			"rotation": {"angle": 0, "axis": "y", "origin": [8, 5.84233, 2.25]},
			"faces": {
				"north": {"uv": [9, 5, 9.5, 6], "texture": "#0"},
				"east": {"uv": [6.5, 5.5, 7.5, 6.5], "texture": "#0"},
				"south": {"uv": [5.5, 9, 6, 10], "texture": "#0"},
				"west": {"uv": [6.5, 6.5, 7.5, 7.5], "texture": "#0"},
				"up": {"uv": [6.5, 10, 6, 9], "texture": "#0"},
				"down": {"uv": [9.5, 6, 9, 7], "texture": "#0"}
			}
		},
		{
			"from": [7.5, 5.25, 2],
			"to": [8.5, 5.75, 11],
			"rotation": {"angle": 0, "axis": "y", "origin": [8, 5.84233, 2.25]},
			"faces": {
				"north": {"uv": [10, 0.5, 10.5, 1], "texture": "#0"},
				"east": {"uv": [4.5, 0, 9, 0.5], "texture": "#0"},
				"south": {"uv": [10, 1, 10.5, 1.5], "texture": "#0"},
				"west": {"uv": [4.5, 0.5, 9, 1], "texture": "#0"},
				"up": {"uv": [0.5, 10, 0, 5.5], "texture": "#0"},
				"down": {"uv": [1, 5.5, 0.5, 10], "texture": "#0"}
			}
		},
		{
			"from": [7.5, 5.75, 2],
			"to": [7.75, 5.9, 11],
			"rotation": {"angle": 0, "axis": "y", "origin": [8, 5.84233, 2.25]},
			"faces": {
				"north": {"uv": [10, 1.5, 10.5, 2], "texture": "#0"},
				"east": {"uv": [5.5, 1, 10, 1.5], "texture": "#0"},
				"south": {"uv": [10, 4, 10.5, 4.5], "texture": "#0"},
				"west": {"uv": [5.5, 1.5, 10, 2], "texture": "#0"},
				"up": {"uv": [3.5, 10.5, 3, 6], "texture": "#0"},
				"down": {"uv": [6.5, 3, 6, 7.5], "texture": "#0"}
			}
		},
		{
			"from": [8.25, 5.75, 2],
			"to": [8.5, 5.9, 11],
			"rotation": {"angle": 0, "axis": "y", "origin": [8, 5.84233, 2.25]},
			"faces": {
				"north": {"uv": [4.5, 10, 5, 10.5], "texture": "#0"},
				"east": {"uv": [6.5, 2, 11, 2.5], "texture": "#0"},
				"south": {"uv": [10, 4.5, 10.5, 5], "texture": "#0"},
				"west": {"uv": [6.5, 2.5, 11, 3], "texture": "#0"},
				"up": {"uv": [4, 10.5, 3.5, 6], "texture": "#0"},
				"down": {"uv": [4.5, 6, 4, 10.5], "texture": "#0"}
			}
		},
		{
			"from": [7.75, 6, 1.99],
			"to": [8.25, 6.5, 9.75],
			"rotation": {"angle": 0, "axis": "y", "origin": [8, 5.84233, 2.25]},
			"faces": {
				"north": {"uv": [5, 10, 5.5, 10.5], "texture": "#0"},
				"east": {"uv": [6.5, 3, 10.5, 3.5], "texture": "#0"},
				"south": {"uv": [10, 5, 10.5, 5.5], "texture": "#0"},
				"west": {"uv": [6.5, 3.5, 10.5, 4], "texture": "#0"},
				"up": {"uv": [5, 10, 4.5, 6], "texture": "#0"},
				"down": {"uv": [5.5, 6, 5, 10], "texture": "#0"}
			}
		},
		{
			"from": [7.75, 3.5, 7],
			"to": [8.25, 4, 9],
			"rotation": {"angle": 0, "axis": "y", "origin": [8, 5.84233, 2.25]},
			"faces": {
				"north": {"uv": [5.5, 10, 6, 10.5], "texture": "#0"},
				"east": {"uv": [6.5, 9, 7.5, 9.5], "texture": "#0"},
				"south": {"uv": [10, 5.5, 10.5, 6], "texture": "#0"},
				"west": {"uv": [9, 7, 10, 7.5], "texture": "#0"},
				"up": {"uv": [9.5, 8.5, 9, 7.5], "texture": "#0"},
				"down": {"uv": [9.5, 8.5, 9, 9.5], "texture": "#0"}
			}
		},
		{
			"from": [7.75, 4, 6.5],
			"to": [8.25, 5.5, 7],
			"rotation": {"angle": 0, "axis": "y", "origin": [8, 5.84233, 2.25]},
			"faces": {
				"north": {"uv": [9.5, 0, 10, 1], "texture": "#0"},
				"east": {"uv": [1, 9.5, 1.5, 10.5], "texture": "#0"},
				"south": {"uv": [1.5, 9.5, 2, 10.5], "texture": "#0"},
				"west": {"uv": [9.5, 4, 10, 5], "texture": "#0"},
				"up": {"uv": [6.5, 10.5, 6, 10], "texture": "#0"},
				"down": {"uv": [10.5, 6, 10, 6.5], "texture": "#0"}
			}
		},
		{
			"from": [7.75, 6.62438, 8.11281],
			"to": [8.25, 8.12438, 8.36281],
			"rotation": {"angle": 22.5, "axis": "x", "origin": [8, 5.84233, 2.25]},
			"faces": {
				"north": {"uv": [9.5, 5, 10, 6], "texture": "#0"},
				"east": {"uv": [9.5, 6, 10, 7], "texture": "#0"},
				"south": {"uv": [6.5, 9.5, 7, 10.5], "texture": "#0"},
				"west": {"uv": [7, 9.5, 7.5, 10.5], "texture": "#0"},
				"up": {"uv": [10.5, 7, 10, 6.5], "texture": "#0"},
				"down": {"uv": [10.5, 7, 10, 7.5], "texture": "#0"}
			}
		}
	],
	"gui_light": "front",
	"display": {
		"thirdperson_righthand": {
			"translation": [-0.75, 3, 0]
		},
		"thirdperson_lefthand": {
			"translation": [-0.75, 3, 0]
		},
		"firstperson_righthand": {
			"rotation": [0, -3, 0],
			"translation": [0, 6.5, -2]
		},
		"firstperson_lefthand": {
			"rotation": [0, -3, 0],
			"translation": [0, 6.5, -2]
		},
		"ground": {
			"translation": [0, 4, 0]
		},
		"gui": {
			"rotation": [0, -90, 0],
			"translation": [-1.25, 5.25, 0],
			"scale": [1.5, 1.5, 1.5]
		},
		"head": {
			"scale": [0, 0, 0]
		},
		"fixed": {
			"rotation": [90, 80, 90],
			"translation": [0.5, -9.25, -1.25],
			"scale": [2.5625, 2.5625, 2.5625]
		}
	},
	"groups": [
		{
			"name": "Pistol",
			"origin": [8, 5.84233, 7.25],
			"color": 0,
			"children": [
				{
					"name": "Magazine",
					"origin": [8, 5.84233, 2.25],
					"color": 0,
					"children": [0, 1]
				},
				{
					"name": "Slide",
					"origin": [8, 5.84233, 2.25],
					"color": 0,
					"children": [2, 3, 4]
				},
				5,
				6,
				7,
				8,
				9,
				10,
				11,
				12,
				13,
				14,
				15,
				16
			]
		}
	]
}