{
	"credit": "Made with Blockbench",
	"texture_size": [64, 64],
	"textures": {
		"0": "item/champs2021outline",
		"1": "item/champs2021",
		"particle": "item/champs2021outline"
	},
	"elements": [
		{
			"from": [7.30761, 8.98097, 7.75],
			"to": [8.05761, 9.23097, 8.25],
			"rotation": {"angle": 22.5, "axis": "z", "origin": [7.35597, 8.97067, 8]},
			"faces": {
				"north": {"uv": [6.75, 6.5, 7, 6.75], "texture": "#1"},
				"east": {"uv": [7.5, 1.5, 7.75, 1.75], "texture": "#1"},
				"south": {"uv": [7.25, 7.5, 7.5, 7.75], "texture": "#1"},
				"west": {"uv": [7.5, 7.5, 7.75, 7.75], "texture": "#1"},
				"up": {"uv": [0.5, 8, 0.25, 7.75], "texture": "#1"},
				"down": {"uv": [1.25, 7.75, 1, 8], "texture": "#1"}
			}
		},
		{
			"from": [7.94239, 8.98097, 7.75],
			"to": [8.69239, 9.23097, 8.25],
			"rotation": {"angle": -22.5, "axis": "z", "origin": [8.64403, 8.97067, 8]},
			"faces": {
				"north": {"uv": [1.25, 7.75, 1.5, 8], "texture": "#1"},
				"east": {"uv": [7.75, 1.5, 8, 1.75], "texture": "#1"},
				"south": {"uv": [7.75, 1.75, 8, 2], "texture": "#1"},
				"west": {"uv": [7.75, 2, 8, 2.25], "texture": "#1"},
				"up": {"uv": [8, 2.5, 7.75, 2.25], "texture": "#1"},
				"down": {"uv": [8, 2.5, 7.75, 2.75], "texture": "#1"}
			}
		},
		{
			"from": [7.25, 6.75, 8],
			"to": [8.75, 7.75, 8],
			"rotation": {"angle": 0, "axis": "y", "origin": [8, 5.84233, 7.25]},
			"faces": {
				"north": {"uv": [8.6875, 0.6875, 9.3125, 1.0625], "texture": "#1"},
				"east": {"uv": [0, 0, 0, 0.25], "texture": "#1"},
				"south": {"uv": [8.6875, 0.6875, 9.3125, 1.0625], "texture": "#1"},
				"west": {"uv": [0, 0, 0, 0.25], "texture": "#1"},
				"up": {"uv": [0.5, 0, 0, 0], "texture": "#1"},
				"down": {"uv": [0.5, 0, 0, 0], "texture": "#1"}
			}
		},
		{
			"from": [7.5, -2.5, 6.85],
			"to": [8.5, 4.75, 10.6],
			"rotation": {"angle": 22.5, "axis": "x", "origin": [8, 4.125, 8.5]},
			"faces": {
				"north": {"uv": [3.5, 6.25, 3.75, 8], "texture": "#1"},
				"east": {"uv": [2, 2, 3, 3.75], "texture": "#1"},
				"south": {"uv": [3.75, 6.25, 4, 8], "texture": "#1"},
				"west": {"uv": [3, 2, 4, 3.75], "texture": "#1"},
				"up": {"uv": [7, 1, 6.75, 0], "texture": "#1"},
				"down": {"uv": [0.5, 6.75, 0.25, 7.75], "texture": "#1"}
			}
		},
		{
			"from": [5.93097, 7.87067, 4.775],
			"to": [7.23097, 8.37067, 5.025],
			"rotation": {"angle": 0, "axis": "y", "origin": [6.73097, 8.22067, 1]},
			"faces": {
				"north": {"uv": [7.75, 2.75, 8, 3], "texture": "#1"},
				"east": {"uv": [7.75, 3, 8, 3.25], "texture": "#1"},
				"south": {"uv": [7.75, 3.25, 8, 3.5], "texture": "#1"},
				"west": {"uv": [7.75, 3.5, 8, 3.75], "texture": "#1"},
				"up": {"uv": [8, 4, 7.75, 3.75], "texture": "#1"},
				"down": {"uv": [4.25, 7.75, 4, 8], "texture": "#1"}
			}
		},
		{
			"from": [6.98097, 7.84567, 4.75],
			"to": [7.23097, 8.34567, 12.25],
			"rotation": {"angle": 0, "axis": "y", "origin": [7.60597, 9.22067, 8]},
			"faces": {
				"north": {"uv": [7.75, 4, 8, 4.25], "texture": "#1"},
				"east": {"uv": [5, 4.5, 7, 4.75], "texture": "#1"},
				"south": {"uv": [4.25, 7.75, 4.5, 8], "texture": "#1"},
				"west": {"uv": [5, 5.25, 7, 5.5], "texture": "#1"},
				"up": {"uv": [5.25, 7.5, 5, 5.5], "texture": "#1"},
				"down": {"uv": [5.5, 5.5, 5.25, 7.5], "texture": "#1"}
			}
		},
		{
			"from": [7, 5.25, 6],
			"to": [9, 7.25, 21],
			"rotation": {"angle": 0, "axis": "y", "origin": [8, 5.84233, 7.25]},
			"faces": {
				"north": {"uv": [6.25, 3.5, 6.75, 4], "texture": "#1"},
				"east": {"uv": [1, 1, 5, 1.5], "texture": "#1"},
				"south": {"uv": [0.5, 6.75, 1, 7.25], "texture": "#1"},
				"west": {"uv": [1, 1.5, 5, 2], "texture": "#1"},
				"up": {"uv": [1.5, 6, 1, 2], "texture": "#1"},
				"down": {"uv": [2, 2, 1.5, 6], "texture": "#1"}
			}
		},
		{
			"from": [7.4, 4.25, 16],
			"to": [8.6, 5.25, 21],
			"rotation": {"angle": 0, "axis": "y", "origin": [8, 5.84233, 7.25]},
			"faces": {
				"north": {"uv": [7.75, 4.25, 8, 4.5], "texture": "#1"},
				"east": {"uv": [6, 2.5, 7.5, 2.75], "texture": "#1"},
				"south": {"uv": [7.75, 4.5, 8, 4.75], "texture": "#1"},
				"west": {"uv": [6, 2.75, 7.5, 3], "texture": "#1"},
				"up": {"uv": [4.25, 7.75, 4, 6.25], "texture": "#1"},
				"down": {"uv": [4.5, 6.25, 4.25, 7.75], "texture": "#1"}
			}
		},
		{
			"from": [7.4, -1.8661, 12.41043],
			"to": [8.6, 1.1339, 14.41043],
			"rotation": {"angle": -22.5, "axis": "x", "origin": [8, 5.84233, 7.25]},
			"faces": {
				"north": {"uv": [7, 6.5, 7.25, 7.25], "texture": "#1"},
				"east": {"uv": [6.25, 1, 6.75, 1.75], "texture": "#1"},
				"south": {"uv": [0.5, 7.25, 0.75, 8], "texture": "#1"},
				"west": {"uv": [5.5, 6.5, 6, 7.25], "texture": "#1"},
				"up": {"uv": [7.5, 4, 7.25, 3.5], "texture": "#1"},
				"down": {"uv": [7.5, 4, 7.25, 4.5], "texture": "#1"}
			}
		},
		{
			"from": [7, 7.25, -4.5],
			"to": [9, 8.75, 18.25],
			"rotation": {"angle": 0, "axis": "y", "origin": [8, 5.84233, 7.25]},
			"faces": {
				"north": {"uv": [6.75, 1, 7.25, 1.5], "texture": "#1"},
				"east": {"uv": [0, 0, 5.75, 0.5], "texture": "#1"},
				"south": {"uv": [6.75, 1.5, 7.25, 2], "texture": "#1"},
				"west": {"uv": [0, 0.5, 5.75, 1], "texture": "#1"},
				"up": {"uv": [0.5, 6.75, 0, 1], "texture": "#1"},
				"down": {"uv": [1, 1, 0.5, 6.75], "texture": "#1"}
			}
		},
		{
			"from": [7.4, 6.6, -9.25],
			"to": [8.6, 8.5, -8.5],
			"rotation": {"angle": 0, "axis": "y", "origin": [8, 5.84233, 7.25]},
			"faces": {
				"north": {"uv": [7.25, 4.75, 7.5, 5.25], "texture": "#1"},
				"east": {"uv": [5.5, 7.25, 5.75, 7.75], "texture": "#1"},
				"south": {"uv": [7.25, 5.5, 7.5, 6], "texture": "#1"},
				"west": {"uv": [5.75, 7.25, 6, 7.75], "texture": "#1"},
				"up": {"uv": [8, 5, 7.75, 4.75], "texture": "#1"},
				"down": {"uv": [8, 5, 7.75, 5.25], "texture": "#1"}
			}
		},
		{
			"from": [7.5, 8.75, 17.25],
			"to": [7.75, 9.5, 18],
			"rotation": {"angle": 0, "axis": "y", "origin": [8, 5.84233, 7.25]},
			"faces": {
				"north": {"uv": [7.75, 5.25, 8, 5.5], "texture": "#1"},
				"east": {"uv": [5.5, 7.75, 5.75, 8], "texture": "#1"},
				"south": {"uv": [7.75, 5.5, 8, 5.75], "texture": "#1"},
				"west": {"uv": [5.75, 7.75, 6, 8], "texture": "#1"},
				"up": {"uv": [8, 6, 7.75, 5.75], "texture": "#1"},
				"down": {"uv": [6.25, 7.75, 6, 8], "texture": "#1"}
			}
		},
		{
			"from": [7.75, 8.75, -4.25],
			"to": [8.25, 9.5, -2.5],
			"rotation": {"angle": 0, "axis": "y", "origin": [8, 5.84233, 7.25]},
			"faces": {
				"north": {"uv": [7.75, 6, 8, 6.25], "texture": "#1"},
				"east": {"uv": [7.25, 6, 7.75, 6.25], "texture": "#1"},
				"south": {"uv": [6.25, 7.75, 6.5, 8], "texture": "#1"},
				"west": {"uv": [7.25, 6.25, 7.75, 6.5], "texture": "#1"},
				"up": {"uv": [6.75, 7.75, 6.5, 7.25], "texture": "#1"},
				"down": {"uv": [7.5, 6.5, 7.25, 7], "texture": "#1"}
			}
		},
		{
			"from": [7.25, 8.75, 6.25],
			"to": [8.75, 9, 10.5],
			"rotation": {"angle": 0, "axis": "y", "origin": [8, 5.84233, 7.25]},
			"faces": {
				"north": {"uv": [6.75, 7.25, 7.25, 7.5], "texture": "#1"},
				"east": {"uv": [4, 3.5, 5, 3.75], "texture": "#1"},
				"south": {"uv": [7.25, 7, 7.75, 7.25], "texture": "#1"},
				"west": {"uv": [2, 6.75, 3, 7], "texture": "#1"},
				"up": {"uv": [6, 6.5, 5.5, 5.5], "texture": "#1"},
				"down": {"uv": [6.25, 0, 5.75, 1], "texture": "#1"}
			}
		},
		{
			"from": [7.25, 9, 8.25],
			"to": [8.75, 9.25, 9.25],
			"rotation": {"angle": 0, "axis": "y", "origin": [8, 5.84233, 7.25]},
			"faces": {
				"north": {"uv": [7.25, 7.25, 7.75, 7.5], "texture": "#1"},
				"east": {"uv": [7.75, 6.25, 8, 6.5], "texture": "#1"},
				"south": {"uv": [7.5, 0, 8, 0.25], "texture": "#1"},
				"west": {"uv": [6.5, 7.75, 6.75, 8], "texture": "#1"},
				"up": {"uv": [8, 0.5, 7.5, 0.25], "texture": "#1"},
				"down": {"uv": [8, 0.5, 7.5, 0.75], "texture": "#1"}
			}
		},
		{
			"from": [7.25, 9, 7.25],
			"to": [8.75, 9.25, 7.75],
			"rotation": {"angle": 0, "axis": "y", "origin": [8, 5.84233, 7.25]},
			"faces": {
				"north": {"uv": [7.5, 0.75, 8, 1], "texture": "#1"},
				"east": {"uv": [7.75, 6.5, 8, 6.75], "texture": "#1"},
				"south": {"uv": [1, 7.5, 1.5, 7.75], "texture": "#1"},
				"west": {"uv": [7.75, 6.75, 8, 7], "texture": "#1"},
				"up": {"uv": [8, 1.25, 7.5, 1], "texture": "#1"},
				"down": {"uv": [8, 1.25, 7.5, 1.5], "texture": "#1"}
			}
		},
		{
			"from": [8.25, 8.75, 17.25],
			"to": [8.5, 9.5, 18],
			"rotation": {"angle": 0, "axis": "y", "origin": [8, 5.84233, 7.25]},
			"faces": {
				"north": {"uv": [7.75, 7, 8, 7.25], "texture": "#1"},
				"east": {"uv": [7.25, 7.75, 7.5, 8], "texture": "#1"},
				"south": {"uv": [7.75, 7.25, 8, 7.5], "texture": "#1"},
				"west": {"uv": [7.5, 7.75, 7.75, 8], "texture": "#1"},
				"up": {"uv": [8, 7.75, 7.75, 7.5], "texture": "#1"},
				"down": {"uv": [8, 7.75, 7.75, 8], "texture": "#1"}
			}
		},
		{
			"from": [7.25, 14.16493, 12.99619],
			"to": [8.75, 15.66493, 15.24619],
			"rotation": {"angle": 45, "axis": "x", "origin": [8, 5.84233, 7.25]},
			"faces": {
				"north": {"uv": [6.75, 3.5, 7.25, 4], "texture": "#1"},
				"east": {"uv": [6.75, 4.75, 7.25, 5.25], "texture": "#1"},
				"south": {"uv": [6.75, 5.5, 7.25, 6], "texture": "#1"},
				"west": {"uv": [6.75, 6, 7.25, 6.5], "texture": "#1"},
				"up": {"uv": [7, 7.25, 6.5, 6.75], "texture": "#1"},
				"down": {"uv": [7.5, 0, 7, 0.5], "texture": "#1"}
			}
		},
		{
			"from": [7, 5.5, -2],
			"to": [9, 7.25, 6],
			"rotation": {"angle": 0, "axis": "y", "origin": [8, 5.84233, 7.25]},
			"faces": {
				"north": {"uv": [7, 0.5, 7.5, 1], "texture": "#1"},
				"east": {"uv": [4, 2, 6, 2.5], "texture": "#1"},
				"south": {"uv": [1, 7, 1.5, 7.5], "texture": "#1"},
				"west": {"uv": [4, 2.5, 6, 3], "texture": "#1"},
				"up": {"uv": [2.5, 6.75, 2, 4.75], "texture": "#1"},
				"down": {"uv": [3, 4.75, 2.5, 6.75], "texture": "#1"}
			}
		},
		{
			"from": [7.99537, 5.8377, -14],
			"to": [8.99537, 6.8377, 0],
			"rotation": {"angle": 45, "axis": "z", "origin": [8, 5.84233, 7.25]},
			"faces": {
				"north": {"uv": [0, 8, 0.25, 8.25], "texture": "#1"},
				"east": {"uv": [4, 3, 7.5, 3.25], "texture": "#1"},
				"south": {"uv": [8, 0, 8.25, 0.25], "texture": "#1"},
				"west": {"uv": [4, 3.25, 7.5, 3.5], "texture": "#1"},
				"up": {"uv": [3.25, 8.25, 3, 4.75], "texture": "#1"},
				"down": {"uv": [3.5, 4.75, 3.25, 8.25], "texture": "#1"}
			}
		},
		{
			"from": [9.14537, 6.9877, -9],
			"to": [9.84537, 7.6877, 0],
			"rotation": {"angle": 45, "axis": "z", "origin": [8, 5.84233, 7.25]},
			"faces": {
				"north": {"uv": [0.25, 8, 0.5, 8.25], "texture": "#1"},
				"east": {"uv": [5, 4, 7.25, 4.25], "texture": "#1"},
				"south": {"uv": [8, 0.25, 8.25, 0.5], "texture": "#1"},
				"west": {"uv": [5, 4.25, 7.25, 4.5], "texture": "#1"},
				"up": {"uv": [4.75, 7.5, 4.5, 5.25], "texture": "#1"},
				"down": {"uv": [5, 5.25, 4.75, 7.5], "texture": "#1"}
			}
		},
		{
			"from": [7, 3.75, 21],
			"to": [9, 7.25, 27],
			"rotation": {"angle": 0, "axis": "y", "origin": [8, 5.84233, 7.25]},
			"faces": {
				"north": {"uv": [1, 6, 1.5, 7], "texture": "#1"},
				"east": {"uv": [2, 3.75, 3.5, 4.75], "texture": "#1"},
				"south": {"uv": [1.5, 6, 2, 7], "texture": "#1"},
				"west": {"uv": [3.5, 3.75, 5, 4.75], "texture": "#1"},
				"up": {"uv": [4, 6.25, 3.5, 4.75], "texture": "#1"},
				"down": {"uv": [4.5, 4.75, 4, 6.25], "texture": "#1"}
			}
		},
		{
			"from": [7.25, 2.25, 23.25],
			"to": [8.75, 3.75, 27],
			"rotation": {"angle": 0, "axis": "y", "origin": [8, 5.84233, 7.25]},
			"faces": {
				"north": {"uv": [1.5, 7, 2, 7.5], "texture": "#1"},
				"east": {"uv": [5.75, 4.75, 6.75, 5.25], "texture": "#1"},
				"south": {"uv": [2, 7, 2.5, 7.5], "texture": "#1"},
				"west": {"uv": [6, 2, 7, 2.5], "texture": "#1"},
				"up": {"uv": [6.5, 6.5, 6, 5.5], "texture": "#1"},
				"down": {"uv": [6.75, 0, 6.25, 1], "texture": "#1"}
			}
		},
		{
			"from": [8.5, 3.75, 6],
			"to": [8.75, 5.25, 11],
			"rotation": {"angle": 0, "axis": "y", "origin": [8, 5.84233, 7.25]},
			"faces": {
				"north": {"uv": [1.5, 7.5, 1.75, 8], "texture": "#1"},
				"east": {"uv": [4.5, 4.75, 5.75, 5.25], "texture": "#1"},
				"south": {"uv": [1.75, 7.5, 2, 8], "texture": "#1"},
				"west": {"uv": [5, 1, 6.25, 1.5], "texture": "#1"},
				"up": {"uv": [6.75, 6.75, 6.5, 5.5], "texture": "#1"},
				"down": {"uv": [6.25, 6.5, 6, 7.75], "texture": "#1"}
			}
		},
		{
			"from": [7.5, 3.75, 6],
			"to": [8.5, 5.25, 6.75],
			"rotation": {"angle": 0, "axis": "y", "origin": [8, 5.84233, 7.25]},
			"faces": {
				"north": {"uv": [2, 7.5, 2.25, 8], "texture": "#1"},
				"east": {"uv": [7.5, 2, 7.75, 2.5], "texture": "#1"},
				"south": {"uv": [2.25, 7.5, 2.5, 8], "texture": "#1"},
				"west": {"uv": [2.5, 7.5, 2.75, 8], "texture": "#1"},
				"up": {"uv": [0.75, 8.25, 0.5, 8], "texture": "#1"},
				"down": {"uv": [8.25, 0.5, 8, 0.75], "texture": "#1"}
			}
		},
		{
			"from": [7.5, 3.75, 10.25],
			"to": [8.5, 5.25, 11],
			"rotation": {"angle": 0, "axis": "y", "origin": [8, 5.84233, 7.25]},
			"faces": {
				"north": {"uv": [7.5, 2.5, 7.75, 3], "texture": "#1"},
				"east": {"uv": [2.75, 7.5, 3, 8], "texture": "#1"},
				"south": {"uv": [7.5, 3, 7.75, 3.5], "texture": "#1"},
				"west": {"uv": [7.5, 3.5, 7.75, 4], "texture": "#1"},
				"up": {"uv": [1, 8.25, 0.75, 8], "texture": "#1"},
				"down": {"uv": [8.25, 0.75, 8, 1], "texture": "#1"}
			}
		},
		{
			"from": [7.25, 3.75, 6],
			"to": [7.5, 5.25, 11],
			"rotation": {"angle": 0, "axis": "y", "origin": [8, 5.84233, 7.25]},
			"faces": {
				"north": {"uv": [7.5, 4, 7.75, 4.5], "texture": "#1"},
				"east": {"uv": [5, 1.5, 6.25, 2], "texture": "#1"},
				"south": {"uv": [4.5, 7.5, 4.75, 8], "texture": "#1"},
				"west": {"uv": [5, 3.5, 6.25, 4], "texture": "#1"},
				"up": {"uv": [6.5, 7.75, 6.25, 6.5], "texture": "#1"},
				"down": {"uv": [0.25, 6.75, 0, 8], "texture": "#1"}
			}
		},
		{
			"from": [7.5, 3.25, 14],
			"to": [8.5, 5.25, 16],
			"rotation": {"angle": 0, "axis": "y", "origin": [8, 5.84233, 7.25]},
			"faces": {
				"north": {"uv": [4.75, 7.5, 5, 8], "texture": "#1"},
				"east": {"uv": [7, 2, 7.5, 2.5], "texture": "#1"},
				"south": {"uv": [7.5, 4.75, 7.75, 5.25], "texture": "#1"},
				"west": {"uv": [2.5, 7, 3, 7.5], "texture": "#1"},
				"up": {"uv": [5.25, 8, 5, 7.5], "texture": "#1"},
				"down": {"uv": [5.5, 7.5, 5.25, 8], "texture": "#1"}
			}
		},
		{
			"from": [7.5, 3.5, 11],
			"to": [8.5, 4, 14],
			"rotation": {"angle": 0, "axis": "y", "origin": [8, 5.84233, 7.25]},
			"faces": {
				"north": {"uv": [1, 8, 1.25, 8.25], "texture": "#1"},
				"east": {"uv": [7, 4.5, 7.75, 4.75], "texture": "#1"},
				"south": {"uv": [8, 1, 8.25, 1.25], "texture": "#1"},
				"west": {"uv": [7, 5.25, 7.75, 5.5], "texture": "#1"},
				"up": {"uv": [1, 8, 0.75, 7.25], "texture": "#1"},
				"down": {"uv": [7.5, 1, 7.25, 1.75], "texture": "#1"}
			}
		},
		{
			"from": [7.75, 6.62438, 13.11281],
			"to": [8.25, 8.12438, 13.36281],
			"rotation": {"angle": 22.5, "axis": "x", "origin": [8, 5.84233, 7.25]},
			"faces": {
				"north": {"uv": [7.5, 5.5, 7.75, 6], "texture": "#1"},
				"east": {"uv": [7.5, 6.5, 7.75, 7], "texture": "#1"},
				"south": {"uv": [6.75, 7.5, 7, 8], "texture": "#1"},
				"west": {"uv": [7, 7.5, 7.25, 8], "texture": "#1"},
				"up": {"uv": [1.5, 8.25, 1.25, 8], "texture": "#1"},
				"down": {"uv": [8.25, 1.25, 8, 1.5], "texture": "#1"}
			}
		},
		{
			"from": [8.3, -2.6, 6.75],
			"to": [8.4, 4.85, 10.7],
			"rotation": {"angle": 22.5, "axis": "x", "origin": [8, 4.125, 8.5]},
			"faces": {
				"north": {"uv": [3.5, 6.25, 3.75, 8], "texture": "#0"},
				"east": {"uv": [2, 2, 3, 3.75], "texture": "#0"},
				"south": {"uv": [3.75, 6.25, 4, 8], "texture": "#0"},
				"west": {"uv": [3, 2, 4, 3.75], "texture": "#0"},
				"up": {"uv": [7, 1, 6.75, 0], "texture": "#0"},
				"down": {"uv": [0.5, 6.75, 0.25, 7.75], "texture": "#0"}
			}
		},
		{
			"from": [6.83097, 7.77067, 4.675],
			"to": [7.03097, 8.47067, 5.125],
			"rotation": {"angle": 0, "axis": "y", "origin": [6.73097, 8.22067, 1]},
			"faces": {
				"north": {"uv": [7.75, 2.75, 8, 3], "texture": "#0"},
				"east": {"uv": [7.75, 3, 8, 3.25], "texture": "#0"},
				"south": {"uv": [7.75, 3.25, 8, 3.5], "texture": "#0"},
				"west": {"uv": [7.75, 3.5, 8, 3.75], "texture": "#0"},
				"up": {"uv": [8, 4, 7.75, 3.75], "texture": "#0"},
				"down": {"uv": [4.25, 7.75, 4, 8], "texture": "#0"}
			}
		},
		{
			"from": [7.03097, 7.74567, 4.65],
			"to": [7.13097, 8.44567, 12.35],
			"rotation": {"angle": 0, "axis": "y", "origin": [7.60597, 9.22067, 8]},
			"faces": {
				"north": {"uv": [7.75, 4, 8, 4.25], "texture": "#0"},
				"east": {"uv": [5, 4.5, 7, 4.75], "texture": "#0"},
				"south": {"uv": [4.25, 7.75, 4.5, 8], "texture": "#0"},
				"west": {"uv": [5, 5.25, 7, 5.5], "texture": "#0"},
				"up": {"uv": [5.25, 7.5, 5, 5.5], "texture": "#0"},
				"down": {"uv": [5.5, 5.5, 5.25, 7.5], "texture": "#0"}
			}
		},
		{
			"from": [7.9, 5.15, 5.9],
			"to": [8.8, 7.35, 21.1],
			"rotation": {"angle": 0, "axis": "y", "origin": [8, 5.84233, 7.25]},
			"faces": {
				"north": {"uv": [6.25, 3.5, 6.75, 4], "texture": "#0"},
				"east": {"uv": [1, 1, 5, 1.5], "texture": "#0"},
				"south": {"uv": [0.5, 6.75, 1, 7.25], "texture": "#0"},
				"west": {"uv": [1, 1.5, 5, 2], "texture": "#0"},
				"up": {"uv": [1.5, 6, 1, 2], "texture": "#0"},
				"down": {"uv": [2, 2, 1.5, 6], "texture": "#0"}
			}
		},
		{
			"from": [8.3, 4.15, 15.9],
			"to": [8.4, 5.35, 21.1],
			"rotation": {"angle": 0, "axis": "y", "origin": [8, 5.84233, 7.25]},
			"faces": {
				"north": {"uv": [7.75, 4.25, 8, 4.5], "texture": "#0"},
				"east": {"uv": [6, 2.5, 7.5, 2.75], "texture": "#0"},
				"south": {"uv": [7.75, 4.5, 8, 4.75], "texture": "#0"},
				"west": {"uv": [6, 2.75, 7.5, 3], "texture": "#0"},
				"up": {"uv": [4.25, 7.75, 4, 6.25], "texture": "#0"},
				"down": {"uv": [4.5, 6.25, 4.25, 7.75], "texture": "#0"}
			}
		},
		{
			"from": [8.3, -1.9661, 12.31043],
			"to": [8.4, 1.2339, 14.51043],
			"rotation": {"angle": -22.5, "axis": "x", "origin": [8, 5.84233, 7.25]},
			"faces": {
				"north": {"uv": [7, 6.5, 7.25, 7.25], "texture": "#0"},
				"east": {"uv": [6.25, 1, 6.75, 1.75], "texture": "#0"},
				"south": {"uv": [0.5, 7.25, 0.75, 8], "texture": "#0"},
				"west": {"uv": [5.5, 6.5, 6, 7.25], "texture": "#0"},
				"up": {"uv": [7.5, 4, 7.25, 3.5], "texture": "#0"},
				"down": {"uv": [7.5, 4, 7.25, 4.5], "texture": "#0"}
			}
		},
		{
			"from": [7.9, 7.15, -4.6],
			"to": [8.8, 8.85, 18.35],
			"rotation": {"angle": 0, "axis": "y", "origin": [8, 5.84233, 7.25]},
			"faces": {
				"north": {"uv": [6.75, 1, 7.25, 1.5], "texture": "#0"},
				"east": {"uv": [0, 0, 5.75, 0.5], "texture": "#0"},
				"south": {"uv": [6.75, 1.5, 7.25, 2], "texture": "#0"},
				"west": {"uv": [0, 0.5, 5.75, 1], "texture": "#0"},
				"up": {"uv": [0.5, 6.75, 0, 1], "texture": "#0"},
				"down": {"uv": [1, 1, 0.5, 6.75], "texture": "#0"}
			}
		},
		{
			"from": [8.3, 6.5, -9.35],
			"to": [8.4, 8.6, -8.4],
			"rotation": {"angle": 0, "axis": "y", "origin": [8, 5.84233, 7.25]},
			"faces": {
				"north": {"uv": [7.25, 4.75, 7.5, 5.25], "texture": "#0"},
				"east": {"uv": [5.5, 7.25, 5.75, 7.75], "texture": "#0"},
				"south": {"uv": [7.25, 5.5, 7.5, 6], "texture": "#0"},
				"west": {"uv": [5.75, 7.25, 6, 7.75], "texture": "#0"},
				"up": {"uv": [8, 5, 7.75, 4.75], "texture": "#0"},
				"down": {"uv": [8, 5, 7.75, 5.25], "texture": "#0"}
			}
		},
		{
			"from": [7.55, 8.65, 17.15],
			"to": [7.65, 9.6, 18.1],
			"rotation": {"angle": 0, "axis": "y", "origin": [8, 5.84233, 7.25]},
			"faces": {
				"north": {"uv": [7.75, 5.25, 8, 5.5], "texture": "#0"},
				"east": {"uv": [5.5, 7.75, 5.75, 8], "texture": "#0"},
				"south": {"uv": [7.75, 5.5, 8, 5.75], "texture": "#0"},
				"west": {"uv": [5.75, 7.75, 6, 8], "texture": "#0"},
				"up": {"uv": [8, 6, 7.75, 5.75], "texture": "#0"},
				"down": {"uv": [6.25, 7.75, 6, 8], "texture": "#0"}
			}
		},
		{
			"from": [8.05, 8.65, -4.35],
			"to": [8.15, 9.6, -2.4],
			"rotation": {"angle": 0, "axis": "y", "origin": [8, 5.84233, 7.25]},
			"faces": {
				"north": {"uv": [7.75, 6, 8, 6.25], "texture": "#0"},
				"east": {"uv": [7.25, 6, 7.75, 6.25], "texture": "#0"},
				"south": {"uv": [6.25, 7.75, 6.5, 8], "texture": "#0"},
				"west": {"uv": [7.25, 6.25, 7.75, 6.5], "texture": "#0"},
				"up": {"uv": [6.75, 7.75, 6.5, 7.25], "texture": "#0"},
				"down": {"uv": [7.5, 6.5, 7.25, 7], "texture": "#0"}
			}
		},
		{
			"from": [8.15, 8.65, 6.15],
			"to": [8.55, 9.1, 10.6],
			"rotation": {"angle": 0, "axis": "y", "origin": [8, 5.84233, 7.25]},
			"faces": {
				"north": {"uv": [6.75, 7.25, 7.25, 7.5], "texture": "#0"},
				"east": {"uv": [4, 3.5, 5, 3.75], "texture": "#0"},
				"south": {"uv": [7.25, 7, 7.75, 7.25], "texture": "#0"},
				"west": {"uv": [2, 6.75, 3, 7], "texture": "#0"},
				"up": {"uv": [6, 6.5, 5.5, 5.5], "texture": "#0"},
				"down": {"uv": [6.25, 0, 5.75, 1], "texture": "#0"}
			}
		},
		{
			"from": [8.15, 8.9, 8.15],
			"to": [8.55, 9.35, 9.35],
			"rotation": {"angle": 0, "axis": "y", "origin": [8, 5.84233, 7.25]},
			"faces": {
				"north": {"uv": [7.25, 7.25, 7.75, 7.5], "texture": "#0"},
				"east": {"uv": [7.75, 6.25, 8, 6.5], "texture": "#0"},
				"south": {"uv": [7.5, 0, 8, 0.25], "texture": "#0"},
				"west": {"uv": [6.5, 7.75, 6.75, 8], "texture": "#0"},
				"up": {"uv": [8, 0.5, 7.5, 0.25], "texture": "#0"},
				"down": {"uv": [8, 0.5, 7.5, 0.75], "texture": "#0"}
			}
		},
		{
			"from": [8.15, 8.9, 7.15],
			"to": [8.55, 9.35, 7.85],
			"rotation": {"angle": 0, "axis": "y", "origin": [8, 5.84233, 7.25]},
			"faces": {
				"north": {"uv": [7.5, 0.75, 8, 1], "texture": "#0"},
				"east": {"uv": [7.75, 6.5, 8, 6.75], "texture": "#0"},
				"south": {"uv": [1, 7.5, 1.5, 7.75], "texture": "#0"},
				"west": {"uv": [7.75, 6.75, 8, 7], "texture": "#0"},
				"up": {"uv": [8, 1.25, 7.5, 1], "texture": "#0"},
				"down": {"uv": [8, 1.25, 7.5, 1.5], "texture": "#0"}
			}
		},
		{
			"from": [8.3, 8.65, 17.15],
			"to": [8.4, 9.6, 18.1],
			"rotation": {"angle": 0, "axis": "y", "origin": [8, 5.84233, 7.25]},
			"faces": {
				"north": {"uv": [7.75, 7, 8, 7.25], "texture": "#0"},
				"east": {"uv": [7.25, 7.75, 7.5, 8], "texture": "#0"},
				"south": {"uv": [7.75, 7.25, 8, 7.5], "texture": "#0"},
				"west": {"uv": [7.5, 7.75, 7.75, 8], "texture": "#0"},
				"up": {"uv": [8, 7.75, 7.75, 7.5], "texture": "#0"},
				"down": {"uv": [8, 7.75, 7.75, 8], "texture": "#0"}
			}
		},
		{
			"from": [8.15, 14.06493, 12.89619],
			"to": [8.55, 15.76493, 15.34619],
			"rotation": {"angle": 45, "axis": "x", "origin": [8, 5.84233, 7.25]},
			"faces": {
				"north": {"uv": [6.75, 3.5, 7.25, 4], "texture": "#0"},
				"east": {"uv": [6.75, 4.75, 7.25, 5.25], "texture": "#0"},
				"south": {"uv": [6.75, 5.5, 7.25, 6], "texture": "#0"},
				"west": {"uv": [6.75, 6, 7.25, 6.5], "texture": "#0"},
				"up": {"uv": [7, 7.25, 6.5, 6.75], "texture": "#0"},
				"down": {"uv": [7.5, 0, 7, 0.5], "texture": "#0"}
			}
		},
		{
			"from": [7.9, 5.4, -2.1],
			"to": [8.8, 7.35, 6.1],
			"rotation": {"angle": 0, "axis": "y", "origin": [8, 5.84233, 7.25]},
			"faces": {
				"north": {"uv": [7, 0.5, 7.5, 1], "texture": "#0"},
				"east": {"uv": [4, 2, 6, 2.5], "texture": "#0"},
				"south": {"uv": [1, 7, 1.5, 7.5], "texture": "#0"},
				"west": {"uv": [4, 2.5, 6, 3], "texture": "#0"},
				"up": {"uv": [2.5, 6.75, 2, 4.75], "texture": "#0"},
				"down": {"uv": [3, 4.75, 2.5, 6.75], "texture": "#0"}
			}
		},
		{
			"from": [8.79537, 5.7377, -14.1],
			"to": [8.89537, 6.9377, 0.1],
			"rotation": {"angle": 45, "axis": "z", "origin": [8, 5.84233, 7.25]},
			"faces": {
				"north": {"uv": [0, 8, 0.25, 8.25], "texture": "#0"},
				"east": {"uv": [4, 3, 7.5, 3.25], "texture": "#0"},
				"south": {"uv": [8, 0, 8.25, 0.25], "texture": "#0"},
				"west": {"uv": [4, 3.25, 7.5, 3.5], "texture": "#0"},
				"up": {"uv": [3.25, 8.25, 3, 4.75], "texture": "#0"},
				"down": {"uv": [3.5, 4.75, 3.25, 8.25], "texture": "#0"}
			}
		},
		{
			"from": [9.64537, 6.8877, -9.1],
			"to": [9.74537, 7.7877, 0.1],
			"rotation": {"angle": 45, "axis": "z", "origin": [8, 5.84233, 7.25]},
			"faces": {
				"north": {"uv": [0.25, 8, 0.5, 8.25], "texture": "#0"},
				"east": {"uv": [5, 4, 7.25, 4.25], "texture": "#0"},
				"south": {"uv": [8, 0.25, 8.25, 0.5], "texture": "#0"},
				"west": {"uv": [5, 4.25, 7.25, 4.5], "texture": "#0"},
				"up": {"uv": [4.75, 7.5, 4.5, 5.25], "texture": "#0"},
				"down": {"uv": [5, 5.25, 4.75, 7.5], "texture": "#0"}
			}
		},
		{
			"from": [7.9, 3.65, 20.9],
			"to": [8.8, 7.35, 27.1],
			"rotation": {"angle": 0, "axis": "y", "origin": [8, 5.84233, 7.25]},
			"faces": {
				"north": {"uv": [1, 6, 1.5, 7], "texture": "#0"},
				"east": {"uv": [2, 3.75, 3.5, 4.75], "texture": "#0"},
				"south": {"uv": [1.5, 6, 2, 7], "texture": "#0"},
				"west": {"uv": [3.5, 3.75, 5, 4.75], "texture": "#0"},
				"up": {"uv": [4, 6.25, 3.5, 4.75], "texture": "#0"},
				"down": {"uv": [4.5, 4.75, 4, 6.25], "texture": "#0"}
			}
		},
		{
			"from": [8.15, 2.15, 23.15],
			"to": [8.55, 3.85, 27.1],
			"rotation": {"angle": 0, "axis": "y", "origin": [8, 5.84233, 7.25]},
			"faces": {
				"north": {"uv": [1.5, 7, 2, 7.5], "texture": "#0"},
				"east": {"uv": [5.75, 4.75, 6.75, 5.25], "texture": "#0"},
				"south": {"uv": [2, 7, 2.5, 7.5], "texture": "#0"},
				"west": {"uv": [6, 2, 7, 2.5], "texture": "#0"},
				"up": {"uv": [6.5, 6.5, 6, 5.5], "texture": "#0"},
				"down": {"uv": [6.75, 0, 6.25, 1], "texture": "#0"}
			}
		},
		{
			"from": [8.55, 3.65, 5.9],
			"to": [8.65, 5.35, 11.1],
			"rotation": {"angle": 0, "axis": "y", "origin": [8, 5.84233, 7.25]},
			"faces": {
				"north": {"uv": [1.5, 7.5, 1.75, 8], "texture": "#0"},
				"east": {"uv": [4.5, 4.75, 5.75, 5.25], "texture": "#0"},
				"south": {"uv": [1.75, 7.5, 2, 8], "texture": "#0"},
				"west": {"uv": [5, 1, 6.25, 1.5], "texture": "#0"},
				"up": {"uv": [6.75, 6.75, 6.5, 5.5], "texture": "#0"},
				"down": {"uv": [6.25, 6.5, 6, 7.75], "texture": "#0"}
			}
		},
		{
			"from": [8.3, 3.65, 5.9],
			"to": [8.4, 5.35, 6.85],
			"rotation": {"angle": 0, "axis": "y", "origin": [8, 5.84233, 7.25]},
			"faces": {
				"north": {"uv": [2, 7.5, 2.25, 8], "texture": "#0"},
				"east": {"uv": [7.5, 2, 7.75, 2.5], "texture": "#0"},
				"south": {"uv": [2.25, 7.5, 2.5, 8], "texture": "#0"},
				"west": {"uv": [2.5, 7.5, 2.75, 8], "texture": "#0"},
				"up": {"uv": [0.75, 8.25, 0.5, 8], "texture": "#0"},
				"down": {"uv": [8.25, 0.5, 8, 0.75], "texture": "#0"}
			}
		},
		{
			"from": [8.3, 3.65, 10.15],
			"to": [8.4, 5.35, 11.1],
			"rotation": {"angle": 0, "axis": "y", "origin": [8, 5.84233, 7.25]},
			"faces": {
				"north": {"uv": [7.5, 2.5, 7.75, 3], "texture": "#0"},
				"east": {"uv": [2.75, 7.5, 3, 8], "texture": "#0"},
				"south": {"uv": [7.5, 3, 7.75, 3.5], "texture": "#0"},
				"west": {"uv": [7.5, 3.5, 7.75, 4], "texture": "#0"},
				"up": {"uv": [1, 8.25, 0.75, 8], "texture": "#0"},
				"down": {"uv": [8.25, 0.75, 8, 1], "texture": "#0"}
			}
		},
		{
			"from": [7.3, 3.65, 5.9],
			"to": [7.4, 5.35, 11.1],
			"rotation": {"angle": 0, "axis": "y", "origin": [8, 5.84233, 7.25]},
			"faces": {
				"north": {"uv": [7.5, 4, 7.75, 4.5], "texture": "#0"},
				"east": {"uv": [5, 1.5, 6.25, 2], "texture": "#0"},
				"south": {"uv": [4.5, 7.5, 4.75, 8], "texture": "#0"},
				"west": {"uv": [5, 3.5, 6.25, 4], "texture": "#0"},
				"up": {"uv": [6.5, 7.75, 6.25, 6.5], "texture": "#0"},
				"down": {"uv": [0.25, 6.75, 0, 8], "texture": "#0"}
			}
		},
		{
			"from": [8.3, 3.15, 13.9],
			"to": [8.4, 5.35, 16.1],
			"rotation": {"angle": 0, "axis": "y", "origin": [8, 5.84233, 7.25]},
			"faces": {
				"north": {"uv": [4.75, 7.5, 5, 8], "texture": "#0"},
				"east": {"uv": [7, 2, 7.5, 2.5], "texture": "#0"},
				"south": {"uv": [7.5, 4.75, 7.75, 5.25], "texture": "#0"},
				"west": {"uv": [2.5, 7, 3, 7.5], "texture": "#0"},
				"up": {"uv": [5.25, 8, 5, 7.5], "texture": "#0"},
				"down": {"uv": [5.5, 7.5, 5.25, 8], "texture": "#0"}
			}
		},
		{
			"from": [8.3, 3.4, 10.9],
			"to": [8.4, 4.1, 14.1],
			"rotation": {"angle": 0, "axis": "y", "origin": [8, 5.84233, 7.25]},
			"faces": {
				"north": {"uv": [1, 8, 1.25, 8.25], "texture": "#0"},
				"east": {"uv": [7, 4.5, 7.75, 4.75], "texture": "#0"},
				"south": {"uv": [8, 1, 8.25, 1.25], "texture": "#0"},
				"west": {"uv": [7, 5.25, 7.75, 5.5], "texture": "#0"},
				"up": {"uv": [1, 8, 0.75, 7.25], "texture": "#0"},
				"down": {"uv": [7.5, 1, 7.25, 1.75], "texture": "#0"}
			}
		},
		{
			"from": [8.05, 6.52438, 13.01281],
			"to": [8.15, 8.22438, 13.46281],
			"rotation": {"angle": 22.5, "axis": "x", "origin": [8, 5.84233, 7.25]},
			"faces": {
				"north": {"uv": [7.5, 5.5, 7.75, 6], "texture": "#0"},
				"east": {"uv": [7.5, 6.5, 7.75, 7], "texture": "#0"},
				"south": {"uv": [6.75, 7.5, 7, 8], "texture": "#0"},
				"west": {"uv": [7, 7.5, 7.25, 8], "texture": "#0"},
				"up": {"uv": [1.5, 8.25, 1.25, 8], "texture": "#0"},
				"down": {"uv": [8.25, 1.25, 8, 1.5], "texture": "#0"}
			}
		}
	],
	"gui_light": "front",
	"display": {
		"thirdperson_righthand": {
			"translation": [-2, 2.5, -3.5],
			"scale": [0.65, 0.65, 0.65]
		},
		"thirdperson_lefthand": {
			"translation": [-2, 2.5, -3.5],
			"scale": [0.65, 0.65, 0.65]
		},
		"firstperson_righthand": {
			"rotation": [0, -3, 0],
			"translation": [0, 5.75, -6]
		},
		"firstperson_lefthand": {
			"rotation": [0, -3, 0],
			"translation": [0, 5.75, -6]
		},
		"ground": {
			"translation": [0, 7.25, 0]
		},
		"gui": {
			"rotation": [0, -90, 0],
			"translation": [-0.5, 0, 0],
			"scale": [0.4, 0.4, 0.4]
		},
		"head": {
			"scale": [0, 0, 0]
		},
		"fixed": {
			"rotation": [90, 80, 90],
			"translation": [-1.75, -6.75, -2.5],
			"scale": [2.5625, 2.5625, 2.5625]
		}
	},
	"groups": [
		{
			"name": "Vandal",
			"origin": [8, 8, 8],
			"color": 0,
			"children": [
				{
					"name": "Sights",
					"origin": [8, 5.84233, 7.25],
					"color": 0,
					"children": [0, 1, 2]
				},
				{
					"name": "Magazine",
					"origin": [8, 5.84233, 7.25],
					"color": 0,
					"children": [3]
				},
				{
					"name": "Main",
					"origin": [8, 5.84233, 7.25],
					"color": 0,
					"children": [4, 5, 6, 7, 8, 9, 10, 11, 12, 13, 14, 15, 16, 17, 18, 19, 20, 21, 22, 23, 24, 25, 26, 27, 28, 29]
				}
			]
		},
		{
			"name": "Vandal",
			"origin": [8, 8, 8],
			"color": 0,
			"children": [
				{
					"name": "Magazine",
					"origin": [8, 5.84233, 7.25],
					"color": 0,
					"children": [30]
				},
				{
					"name": "Main",
					"origin": [8, 5.84233, 7.25],
					"color": 0,
					"children": [31, 32, 33, 34, 35, 36, 37, 38, 39, 40, 41, 42, 43, 44, 45, 46, 47, 48, 49, 50, 51, 52, 53, 54, 55, 56]
				}
			]
		}
	]
}