{
	"credit": "Made with Blockbench",
	"textures": {
		"0": "item/chambertripbase",
		"particle": "item/chambertripbase"
	},
	"elements": [
		{
			"from": [6.75, 1, 6.75],
			"to": [9.25, 1.5, 9.25],
			"faces": {
				"north": {"uv": [3, 0, 6, 1], "texture": "#0"},
				"east": {"uv": [3, 1, 6, 2], "texture": "#0"},
				"south": {"uv": [3, 2, 6, 3], "texture": "#0"},
				"west": {"uv": [3, 3, 6, 4], "texture": "#0"},
				"up": {"uv": [3, 3, 0, 0], "texture": "#0"},
				"down": {"uv": [3, 3, 0, 6], "texture": "#0"}
			}
		},
		{
			"from": [6.35, 0, 6.35],
			"to": [7.15, 1, 7.15],
			"faces": {
				"north": {"uv": [0, 6, 1, 7], "texture": "#0"},
				"east": {"uv": [6, 0, 7, 1], "texture": "#0"},
				"south": {"uv": [1, 6, 2, 7], "texture": "#0"},
				"west": {"uv": [6, 1, 7, 2], "texture": "#0"},
				"up": {"uv": [3, 7, 2, 6], "texture": "#0"},
				"down": {"uv": [7, 2, 6, 3], "texture": "#0"}
			}
		},
		{
			"from": [6.35, 0, 8.85],
			"to": [7.15, 1, 9.65],
			"faces": {
				"north": {"uv": [3, 4, 4, 5], "texture": "#0"},
				"east": {"uv": [4, 4, 5, 5], "texture": "#0"},
				"south": {"uv": [3, 5, 4, 6], "texture": "#0"},
				"west": {"uv": [4, 5, 5, 6], "texture": "#0"},
				"up": {"uv": [6, 5, 5, 4], "texture": "#0"},
				"down": {"uv": [6, 5, 5, 6], "texture": "#0"}
			}
		},
		{
			"from": [6.35, 0, 7.6],
			"to": [7.15, 1, 8.4],
			"faces": {
				"north": {"uv": [3, 6, 4, 7], "texture": "#0"},
				"east": {"uv": [6, 3, 7, 4], "texture": "#0"},
				"south": {"uv": [4, 6, 5, 7], "texture": "#0"},
				"west": {"uv": [6, 4, 7, 5], "texture": "#0"},
				"up": {"uv": [6, 7, 5, 6], "texture": "#0"},
				"down": {"uv": [7, 5, 6, 6], "texture": "#0"}
			}
		},
		{
			"from": [8.85, 0, 7.6],
			"to": [9.65, 1, 8.4],
			"faces": {
				"north": {"uv": [7, 5, 8, 6], "texture": "#0"},
				"east": {"uv": [6, 7, 7, 8], "texture": "#0"},
				"south": {"uv": [7, 6, 8, 7], "texture": "#0"},
				"west": {"uv": [7, 7, 8, 8], "texture": "#0"},
				"up": {"uv": [1, 9, 0, 8], "texture": "#0"},
				"down": {"uv": [9, 0, 8, 1], "texture": "#0"}
			}
		},
		{
			"from": [8.85, 0, 8.85],
			"to": [9.65, 1, 9.65],
			"faces": {
				"north": {"uv": [7, 2, 8, 3], "texture": "#0"},
				"east": {"uv": [3, 7, 4, 8], "texture": "#0"},
				"south": {"uv": [7, 3, 8, 4], "texture": "#0"},
				"west": {"uv": [4, 7, 5, 8], "texture": "#0"},
				"up": {"uv": [8, 5, 7, 4], "texture": "#0"},
				"down": {"uv": [6, 7, 5, 8], "texture": "#0"}
			}
		},
		{
			"from": [8.85, 0, 6.35],
			"to": [9.65, 1, 7.15],
			"faces": {
				"north": {"uv": [6, 6, 7, 7], "texture": "#0"},
				"east": {"uv": [0, 7, 1, 8], "texture": "#0"},
				"south": {"uv": [7, 0, 8, 1], "texture": "#0"},
				"west": {"uv": [1, 7, 2, 8], "texture": "#0"},
				"up": {"uv": [8, 2, 7, 1], "texture": "#0"},
				"down": {"uv": [3, 7, 2, 8], "texture": "#0"}
			}
		}
	],
	"display": {
		"thirdperson_righthand": {
			"scale": [0, 0, 0]
		},
		"thirdperson_lefthand": {
			"scale": [0, 0, 0]
		},
		"firstperson_righthand": {
			"translation": [0, 12.75, 0]
		},
		"firstperson_lefthand": {
			"translation": [0, 12.75, 0]
		},
		"head": {
			"translation": [0, -11.5, 0],
			"scale": [2.5, 2.5, 2.5]
		}
	}
}