{
	"credit": "Made with Blockbench",
	"textures": {
		"0": "item/chambercardtrip",
		"particle": "item/chambercardtrip"
	},
	"elements": [
		{
			"from": [5.5, 0, 4.5],
			"to": [10.5, 0.5, 11.5],
			"faces": {
				"north": {"uv": [0, 8, 5, 9], "texture": "#0"},
				"east": {"uv": [0, 7, 7, 8], "texture": "#0"},
				"south": {"uv": [5, 8, 10, 9], "texture": "#0"},
				"west": {"uv": [7, 7, 14, 8], "texture": "#0"},
				"up": {"uv": [5, 7, 0, 0], "texture": "#0"},
				"down": {"uv": [5, 0, 0, 7], "texture": "#0"}
			}
		}
	],
	"gui_light": "front",
	"display": {
		"thirdperson_righthand": {
			"rotation": [77.4, 16.27, -2.79],
			"translation": [-1.25, 3.5, 7.75]
		},
		"thirdperson_lefthand": {
			"rotation": [77.4, 16.27, -2.79],
			"translation": [-1.25, 3.5, 7.75]
		},
		"firstperson_righthand": {
			"rotation": [27.83, -3.99, 28.05],
			"translation": [-1.25, 8.5, -2]
		},
		"firstperson_lefthand": {
			"rotation": [27.83, -3.99, 28.05],
			"translation": [-1.25, 8.5, -2]
		},
		"ground": {
			"translation": [0, 5, 0]
		},
		"gui": {
			"rotation": [90, -45, 45],
			"translation": [-6, 6, 0],
			"scale": [1.5, 1.5, 1.5]
		}
	}
}