{
	"credit": "Made with Blockbench",
	"texture_size": [64, 64],
	"elements": [
		{
			"from": [8.5538, 8.9893, 7.75],
			"to": [9.3038, 9.2393, 8.25],
			"rotation": {"angle": 22.5, "axis": "z", "origin": [8, 5.84233, 7.25]},
			"faces": {
				"north": {"uv": [6.75, 6.5, 7, 6.75], "texture": "#missing"},
				"east": {"uv": [7.5, 1.5, 7.75, 1.75], "texture": "#missing"},
				"south": {"uv": [7.25, 7.5, 7.5, 7.75], "texture": "#missing"},
				"west": {"uv": [7.5, 7.5, 7.75, 7.75], "texture": "#missing"},
				"up": {"uv": [0.5, 8, 0.25, 7.75], "texture": "#missing"},
				"down": {"uv": [1.25, 7.75, 1, 8], "texture": "#missing"}
			}
		},
		{
			"from": [6.6962, 8.9893, 7.75],
			"to": [7.4462, 9.2393, 8.25],
			"rotation": {"angle": -22.5, "axis": "z", "origin": [8, 5.84233, 7.25]},
			"faces": {
				"north": {"uv": [1.25, 7.75, 1.5, 8], "texture": "#missing"},
				"east": {"uv": [7.75, 1.5, 8, 1.75], "texture": "#missing"},
				"south": {"uv": [7.75, 1.75, 8, 2], "texture": "#missing"},
				"west": {"uv": [7.75, 2, 8, 2.25], "texture": "#missing"},
				"up": {"uv": [8, 2.5, 7.75, 2.25], "texture": "#missing"},
				"down": {"uv": [8, 2.5, 7.75, 2.75], "texture": "#missing"}
			}
		},
		{
			"from": [7.25, 8, 8],
			"to": [8.75, 9, 8],
			"rotation": {"angle": 0, "axis": "y", "origin": [8, 5.84233, 7.25]},
			"faces": {
				"north": {"uv": [8.6875, 0.6875, 9.3125, 1.0625], "texture": "#missing"},
				"east": {"uv": [0, 0, 0, 0.25], "texture": "#missing"},
				"south": {"uv": [8.6875, 0.6875, 9.3125, 1.0625], "texture": "#missing"},
				"west": {"uv": [0, 0, 0, 0.25], "texture": "#missing"},
				"up": {"uv": [0.5, 0, 0, 0], "texture": "#missing"},
				"down": {"uv": [0.5, 0, 0, 0], "texture": "#missing"}
			}
		},
		{
			"from": [7.5, -2.5, 6.85],
			"to": [8.5, 4.75, 10.6],
			"rotation": {"angle": 22.5, "axis": "x", "origin": [8, 4.125, 8.5]},
			"faces": {
				"north": {"uv": [3.5, 6.25, 3.75, 8], "texture": "#missing"},
				"east": {"uv": [2, 2, 3, 3.75], "texture": "#missing"},
				"south": {"uv": [3.75, 6.25, 4, 8], "texture": "#missing"},
				"west": {"uv": [3, 2, 4, 3.75], "texture": "#missing"},
				"up": {"uv": [7, 1, 6.75, 0], "texture": "#missing"},
				"down": {"uv": [0.5, 6.75, 0.25, 7.75], "texture": "#missing"}
			}
		},
		{
			"from": [7.65, -2.85, 7.35],
			"to": [8.35, -2.5, 9.85],
			"rotation": {"angle": 22.5, "axis": "x", "origin": [8, 4.125, 8.5]},
			"faces": {
				"north": {"uv": [3.5, 6.25, 3.75, 8], "texture": "#missing"},
				"east": {"uv": [2, 2, 3, 3.75], "texture": "#missing"},
				"south": {"uv": [3.75, 6.25, 4, 8], "texture": "#missing"},
				"west": {"uv": [3, 2, 4, 3.75], "texture": "#missing"},
				"up": {"uv": [7, 1, 6.75, 0], "texture": "#missing"},
				"down": {"uv": [0.5, 6.75, 0.25, 7.75], "texture": "#missing"}
			}
		},
		{
			"from": [7.5, -2.5, 6.85],
			"to": [8.5, -1.25, 10.6],
			"rotation": {"angle": 22.5, "axis": "x", "origin": [8, 4.125, 8.5]},
			"faces": {
				"north": {"uv": [3.5, 6.25, 3.75, 8], "texture": "#missing"},
				"east": {"uv": [2, 2, 3, 3.75], "texture": "#missing"},
				"south": {"uv": [3.75, 6.25, 4, 8], "texture": "#missing"},
				"west": {"uv": [3, 2, 4, 3.75], "texture": "#missing"},
				"up": {"uv": [7, 1, 6.75, 0], "texture": "#missing"},
				"down": {"uv": [0.5, 6.75, 0.25, 7.75], "texture": "#missing"}
			}
		},
		{
			"from": [7.5, -1.25, 9.325],
			"to": [8.5, 1.25, 10.6],
			"rotation": {"angle": 22.5, "axis": "x", "origin": [8, 4.125, 8.5]},
			"faces": {
				"north": {"uv": [3.5, 6.25, 3.75, 8], "texture": "#missing"},
				"east": {"uv": [2, 2, 3, 3.75], "texture": "#missing"},
				"south": {"uv": [3.75, 6.25, 4, 8], "texture": "#missing"},
				"west": {"uv": [3, 2, 4, 3.75], "texture": "#missing"},
				"up": {"uv": [7, 1, 6.75, 0], "texture": "#missing"},
				"down": {"uv": [0.5, 6.75, 0.25, 7.75], "texture": "#missing"}
			}
		},
		{
			"from": [7.5, -1.3055, 5.21946],
			"to": [8.5, 0.4945, 8.71946],
			"rotation": {"angle": -22.5, "axis": "x", "origin": [8, -0.5805, 6.79446]},
			"faces": {
				"north": {"uv": [3.5, 6.25, 3.75, 8], "texture": "#missing"},
				"east": {"uv": [2, 2, 3, 3.75], "texture": "#missing"},
				"south": {"uv": [3.75, 6.25, 4, 8], "texture": "#missing"},
				"west": {"uv": [3, 2, 4, 3.75], "texture": "#missing"},
				"up": {"uv": [7, 1, 6.75, 0], "texture": "#missing"},
				"down": {"uv": [0.5, 6.75, 0.25, 7.75], "texture": "#missing"}
			}
		},
		{
			"from": [5.93097, 7.62067, 2.775],
			"to": [7.23097, 7.87067, 3.025],
			"rotation": {"angle": 0, "axis": "x", "origin": [6.73097, 8.22067, 1]},
			"faces": {
				"north": {"uv": [7.75, 2.75, 8, 3], "texture": "#missing"},
				"east": {"uv": [7.75, 3, 8, 3.25], "texture": "#missing"},
				"south": {"uv": [7.75, 3.25, 8, 3.5], "texture": "#missing"},
				"west": {"uv": [7.75, 3.5, 8, 3.75], "texture": "#missing"},
				"up": {"uv": [8, 4, 7.75, 3.75], "texture": "#missing"},
				"down": {"uv": [4.25, 7.75, 4, 8], "texture": "#missing"}
			}
		},
		{
			"from": [6.83097, 7.59567, 2.75],
			"to": [7.08097, 7.89567, 8.25],
			"rotation": {"angle": 0, "axis": "z", "origin": [7.60597, 9.22067, 8]},
			"faces": {
				"north": {"uv": [7.75, 4, 8, 4.25], "texture": "#missing"},
				"east": {"uv": [5, 4.5, 7, 4.75], "texture": "#missing"},
				"south": {"uv": [4.25, 7.75, 4.5, 8], "texture": "#missing"},
				"west": {"uv": [5, 5.25, 7, 5.5], "texture": "#missing"},
				"up": {"uv": [5.25, 7.5, 5, 5.5], "texture": "#missing"},
				"down": {"uv": [5.5, 5.5, 5.25, 7.5], "texture": "#missing"}
			}
		},
		{
			"from": [7.1, 5.25, 6],
			"to": [8.9, 6.2, 21],
			"rotation": {"angle": 0, "axis": "x", "origin": [8, 5.84233, 7.25]},
			"faces": {
				"north": {"uv": [6.25, 3.5, 6.75, 4], "texture": "#missing"},
				"east": {"uv": [1, 1, 5, 1.5], "texture": "#missing"},
				"south": {"uv": [0.5, 6.75, 1, 7.25], "texture": "#missing"},
				"west": {"uv": [1, 1.5, 5, 2], "texture": "#missing"},
				"up": {"uv": [1.5, 6, 1, 2], "texture": "#missing"},
				"down": {"uv": [2, 2, 1.5, 6], "texture": "#missing"}
			}
		},
		{
			"from": [7.35, 6.15, 6],
			"to": [8.65, 8.35, 10.25],
			"rotation": {"angle": 0, "axis": "x", "origin": [8, 5.84233, 7.25]},
			"faces": {
				"north": {"uv": [6.25, 3.5, 6.75, 4], "texture": "#missing"},
				"east": {"uv": [1, 1, 5, 1.5], "texture": "#missing"},
				"south": {"uv": [0.5, 6.75, 1, 7.25], "texture": "#missing"},
				"west": {"uv": [1, 1.5, 5, 2], "texture": "#missing"},
				"up": {"uv": [1.5, 6, 1, 2], "texture": "#missing"},
				"down": {"uv": [2, 2, 1.5, 6], "texture": "#missing"}
			}
		},
		{
			"from": [7.35, 6.15, 12.45],
			"to": [8.65, 6.85, 17],
			"rotation": {"angle": 0, "axis": "x", "origin": [8, 5.84233, 7.25]},
			"faces": {
				"north": {"uv": [6.25, 3.5, 6.75, 4], "texture": "#missing"},
				"east": {"uv": [1, 1, 5, 1.5], "texture": "#missing"},
				"south": {"uv": [0.5, 6.75, 1, 7.25], "texture": "#missing"},
				"west": {"uv": [1, 1.5, 5, 2], "texture": "#missing"},
				"up": {"uv": [1.5, 6, 1, 2], "texture": "#missing"},
				"down": {"uv": [2, 2, 1.5, 6], "texture": "#missing"}
			}
		},
		{
			"from": [7.35, 6.15, 10.25],
			"to": [8.65, 8.1, 11.35],
			"rotation": {"angle": 0, "axis": "x", "origin": [8, 5.84233, 7.25]},
			"faces": {
				"north": {"uv": [6.25, 3.5, 6.75, 4], "texture": "#missing"},
				"east": {"uv": [1, 1, 5, 1.5], "texture": "#missing"},
				"south": {"uv": [0.5, 6.75, 1, 7.25], "texture": "#missing"},
				"west": {"uv": [1, 1.5, 5, 2], "texture": "#missing"},
				"up": {"uv": [1.5, 6, 1, 2], "texture": "#missing"},
				"down": {"uv": [2, 2, 1.5, 6], "texture": "#missing"}
			}
		},
		{
			"from": [7.35, 7.8, 11.35],
			"to": [8.65, 8, 12.45],
			"rotation": {"angle": 0, "axis": "x", "origin": [8, 5.84233, 7.25]},
			"faces": {
				"north": {"uv": [6.25, 3.5, 6.75, 4], "texture": "#missing"},
				"east": {"uv": [1, 1, 5, 1.5], "texture": "#missing"},
				"south": {"uv": [0.5, 6.75, 1, 7.25], "texture": "#missing"},
				"west": {"uv": [1, 1.5, 5, 2], "texture": "#missing"},
				"up": {"uv": [1.5, 6, 1, 2], "texture": "#missing"},
				"down": {"uv": [2, 2, 1.5, 6], "texture": "#missing"}
			}
		},
		{
			"from": [7.35, 6.15, 11.35],
			"to": [8.65, 6.8, 12.45],
			"rotation": {"angle": 0, "axis": "x", "origin": [8, 5.84233, 7.25]},
			"faces": {
				"north": {"uv": [6.25, 3.5, 6.75, 4], "texture": "#missing"},
				"east": {"uv": [1, 1, 5, 1.5], "texture": "#missing"},
				"south": {"uv": [0.5, 6.75, 1, 7.25], "texture": "#missing"},
				"west": {"uv": [1, 1.5, 5, 2], "texture": "#missing"},
				"up": {"uv": [1.5, 6, 1, 2], "texture": "#missing"},
				"down": {"uv": [2, 2, 1.5, 6], "texture": "#missing"}
			}
		},
		{
			"from": [7.25, 5.25, 13.4],
			"to": [8.75, 6.65, 17.35],
			"rotation": {"angle": -22.5, "axis": "x", "origin": [8, 6.625, 15.125]},
			"faces": {
				"north": {"uv": [6.25, 3.5, 6.75, 4], "texture": "#missing"},
				"east": {"uv": [1, 1, 5, 1.5], "texture": "#missing"},
				"south": {"uv": [0.5, 6.75, 1, 7.25], "texture": "#missing"},
				"west": {"uv": [1, 1.5, 5, 2], "texture": "#missing"},
				"up": {"uv": [1.5, 6, 1, 2], "texture": "#missing"},
				"down": {"uv": [2, 2, 1.5, 6], "texture": "#missing"}
			}
		},
		{
			"from": [7, 6.2, 17.15],
			"to": [9, 7.5, 21],
			"rotation": {"angle": 0, "axis": "x", "origin": [8, 5.84233, 7.25]},
			"faces": {
				"north": {"uv": [6.25, 3.5, 6.75, 4], "texture": "#missing"},
				"east": {"uv": [1, 1, 5, 1.5], "texture": "#missing"},
				"south": {"uv": [0.5, 6.75, 1, 7.25], "texture": "#missing"},
				"west": {"uv": [1, 1.5, 5, 2], "texture": "#missing"},
				"up": {"uv": [1.5, 6, 1, 2], "texture": "#missing"},
				"down": {"uv": [2, 2, 1.5, 6], "texture": "#missing"}
			}
		},
		{
			"from": [7.4, 4.75, 15.65],
			"to": [8.6, 6.25, 21.25],
			"rotation": {"angle": -22.5, "axis": "x", "origin": [8, 4.75, 18.5]},
			"faces": {
				"north": {"uv": [7.75, 4.25, 8, 4.5], "texture": "#missing"},
				"east": {"uv": [6, 2.5, 7.5, 2.75], "texture": "#missing"},
				"south": {"uv": [7.75, 4.5, 8, 4.75], "texture": "#missing"},
				"west": {"uv": [6, 2.75, 7.5, 3], "texture": "#missing"},
				"up": {"uv": [4.25, 7.75, 4, 6.25], "texture": "#missing"},
				"down": {"uv": [4.5, 6.25, 4.25, 7.75], "texture": "#missing"}
			}
		},
		{
			"from": [7.4, -2.1161, 12.41043],
			"to": [8.6, 1.1339, 14.41043],
			"rotation": {"angle": -22.5, "axis": "x", "origin": [8, 5.84233, 7.25]},
			"faces": {
				"north": {"uv": [7, 6.5, 7.25, 7.25], "texture": "#missing"},
				"east": {"uv": [6.25, 1, 6.75, 1.75], "texture": "#missing"},
				"south": {"uv": [0.5, 7.25, 0.75, 8], "texture": "#missing"},
				"west": {"uv": [5.5, 6.5, 6, 7.25], "texture": "#missing"},
				"up": {"uv": [7.5, 4, 7.25, 3.5], "texture": "#missing"},
				"down": {"uv": [7.5, 4, 7.25, 4.5], "texture": "#missing"}
			}
		},
		{
			"from": [6.9, 6.5, 0.75],
			"to": [9.1, 8.75, 6.25],
			"rotation": {"angle": 0, "axis": "y", "origin": [8, 5.84233, 7.25]},
			"faces": {
				"north": {"uv": [6.75, 1, 7.25, 1.5], "texture": "#missing"},
				"east": {"uv": [0, 0, 5.75, 0.5], "texture": "#missing"},
				"south": {"uv": [6.75, 1.5, 7.25, 2], "texture": "#missing"},
				"west": {"uv": [0, 0.5, 5.75, 1], "texture": "#missing"},
				"up": {"uv": [0.5, 6.75, 0, 1], "texture": "#missing"},
				"down": {"uv": [1, 1, 0.5, 6.75], "texture": "#missing"}
			}
		},
		{
			"from": [7, 8.5, -8.35],
			"to": [7.3, 8.85, 6.15],
			"rotation": {"angle": 0, "axis": "y", "origin": [8, 5.84233, 7.25]},
			"faces": {
				"north": {"uv": [6.75, 1, 7.25, 1.5], "texture": "#missing"},
				"east": {"uv": [0, 0, 5.75, 0.5], "texture": "#missing"},
				"south": {"uv": [6.75, 1.5, 7.25, 2], "texture": "#missing"},
				"west": {"uv": [0, 0.5, 5.75, 1], "texture": "#missing"},
				"up": {"uv": [0.5, 6.75, 0, 1], "texture": "#missing"},
				"down": {"uv": [1, 1, 0.5, 6.75], "texture": "#missing"}
			}
		},
		{
			"from": [8.65, 8.5, -8.35],
			"to": [8.95, 8.85, 6.15],
			"rotation": {"angle": 0, "axis": "y", "origin": [8, 5.84233, 7.25]},
			"faces": {
				"north": {"uv": [6.75, 1, 7.25, 1.5], "texture": "#missing"},
				"east": {"uv": [0, 0, 5.75, 0.5], "texture": "#missing"},
				"south": {"uv": [6.75, 1.5, 7.25, 2], "texture": "#missing"},
				"west": {"uv": [0, 0.5, 5.75, 1], "texture": "#missing"},
				"up": {"uv": [0.5, 6.75, 0, 1], "texture": "#missing"},
				"down": {"uv": [1, 1, 0.5, 6.75], "texture": "#missing"}
			}
		},
		{
			"from": [7.3, 8.5, -8.35],
			"to": [8.65, 8.85, -8.1],
			"rotation": {"angle": 0, "axis": "y", "origin": [8, 5.84233, 7.25]},
			"faces": {
				"north": {"uv": [6.75, 1, 7.25, 1.5], "texture": "#missing"},
				"east": {"uv": [0, 0, 5.75, 0.5], "texture": "#missing"},
				"south": {"uv": [6.75, 1.5, 7.25, 2], "texture": "#missing"},
				"west": {"uv": [0, 0.5, 5.75, 1], "texture": "#missing"},
				"up": {"uv": [0.5, 6.75, 0, 1], "texture": "#missing"},
				"down": {"uv": [1, 1, 0.5, 6.75], "texture": "#missing"}
			}
		},
		{
			"from": [7, 6.5, -6.5],
			"to": [9, 7.525, -1.75],
			"rotation": {"angle": -45, "axis": "x", "origin": [8, 7, -4.125]},
			"faces": {
				"north": {"uv": [6.75, 1, 7.25, 1.5], "texture": "#missing"},
				"east": {"uv": [0, 0, 5.75, 0.5], "texture": "#missing"},
				"south": {"uv": [6.75, 1.5, 7.25, 2], "texture": "#missing"},
				"west": {"uv": [0, 0.5, 5.75, 1], "texture": "#missing"},
				"up": {"uv": [0.5, 6.75, 0, 1], "texture": "#missing"},
				"down": {"uv": [1, 1, 0.5, 6.75], "texture": "#missing"}
			}
		},
		{
			"from": [7, 7.82583, -3.09917],
			"to": [9, 8.97583, 2.70083],
			"rotation": {"angle": 22.5, "axis": "x", "origin": [8, 8.32583, -2.79917]},
			"faces": {
				"north": {"uv": [0.5, 6.75, 0, 1], "rotation": 180, "texture": "#missing"},
				"east": {"uv": [0, 0, 5.75, 0.5], "rotation": 90, "texture": "#missing"},
				"south": {"uv": [1, 1, 0.5, 6.75], "texture": "#missing"},
				"west": {"uv": [0, 0.5, 5.75, 1], "rotation": 270, "texture": "#missing"},
				"up": {"uv": [6.75, 1.5, 7.25, 2], "texture": "#missing"},
				"down": {"uv": [6.75, 1, 7.25, 1.5], "rotation": 180, "texture": "#missing"}
			}
		},
		{
			"from": [6.9, 8, 6.25],
			"to": [9.1, 8.75, 14],
			"rotation": {"angle": 0, "axis": "y", "origin": [8, 5.84233, 7.25]},
			"faces": {
				"north": {"uv": [6.75, 1, 7.25, 1.5], "texture": "#missing"},
				"east": {"uv": [0, 0, 5.75, 0.5], "texture": "#missing"},
				"south": {"uv": [6.75, 1.5, 7.25, 2], "texture": "#missing"},
				"west": {"uv": [0, 0.5, 5.75, 1], "texture": "#missing"},
				"up": {"uv": [0.5, 6.75, 0, 1], "texture": "#missing"},
				"down": {"uv": [1, 1, 0.5, 6.75], "texture": "#missing"}
			}
		},
		{
			"from": [7.15, 7.85, 13.825],
			"to": [8.85, 8.9, 14.375],
			"rotation": {"angle": -45, "axis": "x", "origin": [8, 8.375, 14.375]},
			"faces": {
				"north": {"uv": [6.75, 1, 7.25, 1.5], "texture": "#missing"},
				"east": {"uv": [0, 0, 5.75, 0.5], "texture": "#missing"},
				"south": {"uv": [6.75, 1.5, 7.25, 2], "texture": "#missing"},
				"west": {"uv": [0, 0.5, 5.75, 1], "texture": "#missing"},
				"up": {"uv": [0.5, 6.75, 0, 1], "texture": "#missing"},
				"down": {"uv": [1, 1, 0.5, 6.75], "texture": "#missing"}
			}
		},
		{
			"from": [7, 6.25, 7],
			"to": [9, 7.15, 10],
			"rotation": {"angle": -45, "axis": "x", "origin": [8, 5.84233, 7.25]},
			"faces": {
				"north": {"uv": [6.75, 1, 7.25, 1.5], "texture": "#missing"},
				"east": {"uv": [0, 0, 5.75, 0.5], "texture": "#missing"},
				"south": {"uv": [6.75, 1.5, 7.25, 2], "texture": "#missing"},
				"west": {"uv": [0, 0.5, 5.75, 1], "texture": "#missing"},
				"up": {"uv": [0.5, 6.75, 0, 1], "texture": "#missing"},
				"down": {"uv": [1, 1, 0.5, 6.75], "texture": "#missing"}
			}
		},
		{
			"from": [7, 7.15, 7],
			"to": [9, 8.15, 9],
			"rotation": {"angle": -45, "axis": "x", "origin": [8, 5.84233, 7.25]},
			"faces": {
				"north": {"uv": [6.75, 1, 7.25, 1.5], "texture": "#missing"},
				"east": {"uv": [0, 0, 5.75, 0.5], "texture": "#missing"},
				"south": {"uv": [6.75, 1.5, 7.25, 2], "texture": "#missing"},
				"west": {"uv": [0, 0.5, 5.75, 1], "texture": "#missing"},
				"up": {"uv": [0.5, 6.75, 0, 1], "texture": "#missing"},
				"down": {"uv": [1, 1, 0.5, 6.75], "texture": "#missing"}
			}
		},
		{
			"from": [7, 7.6, 13],
			"to": [9, 8, 14.75],
			"rotation": {"angle": 0, "axis": "y", "origin": [8, 5.84233, 7.25]},
			"faces": {
				"north": {"uv": [6.75, 1, 7.25, 1.5], "texture": "#missing"},
				"east": {"uv": [0, 0, 5.75, 0.5], "texture": "#missing"},
				"south": {"uv": [6.75, 1.5, 7.25, 2], "texture": "#missing"},
				"west": {"uv": [0, 0.5, 5.75, 1], "texture": "#missing"},
				"up": {"uv": [0.5, 6.75, 0, 1], "texture": "#missing"},
				"down": {"uv": [1, 1, 0.5, 6.75], "texture": "#missing"}
			}
		},
		{
			"from": [8.6, 8.55, -8.25],
			"to": [8.9, 9.3, -6.5],
			"rotation": {"angle": 0, "axis": "y", "origin": [8, 8.925, -7.375]},
			"faces": {
				"north": {"uv": [7.75, 6, 8, 6.25], "texture": "#missing"},
				"east": {"uv": [7.25, 6, 7.75, 6.25], "texture": "#missing"},
				"south": {"uv": [6.25, 7.75, 6.5, 8], "texture": "#missing"},
				"west": {"uv": [7.25, 6.25, 7.75, 6.5], "texture": "#missing"},
				"up": {"uv": [6.75, 7.75, 6.5, 7.25], "texture": "#missing"},
				"down": {"uv": [7.5, 6.5, 7.25, 7], "texture": "#missing"}
			}
		},
		{
			"from": [7.1, 8.55, -8.25],
			"to": [7.4, 9.3, -6.5],
			"rotation": {"angle": 0, "axis": "y", "origin": [8, 8.925, -7.375]},
			"faces": {
				"north": {"uv": [7.75, 6, 8, 6.25], "texture": "#missing"},
				"east": {"uv": [7.25, 6, 7.75, 6.25], "texture": "#missing"},
				"south": {"uv": [6.25, 7.75, 6.5, 8], "texture": "#missing"},
				"west": {"uv": [7.25, 6.25, 7.75, 6.5], "texture": "#missing"},
				"up": {"uv": [6.75, 7.75, 6.5, 7.25], "texture": "#missing"},
				"down": {"uv": [7.5, 6.5, 7.25, 7], "texture": "#missing"}
			}
		},
		{
			"from": [7.05, 7.575, -8.75],
			"to": [8.9, 8.55, -7.25],
			"rotation": {"angle": 0, "axis": "y", "origin": [8, 8.925, -7.375]},
			"faces": {
				"north": {"uv": [7.75, 6, 8, 6.25], "texture": "#missing"},
				"east": {"uv": [7.25, 6, 7.75, 6.25], "texture": "#missing"},
				"south": {"uv": [6.25, 7.75, 6.5, 8], "texture": "#missing"},
				"west": {"uv": [7.25, 6.25, 7.75, 6.5], "texture": "#missing"},
				"up": {"uv": [6.75, 7.75, 6.5, 7.25], "texture": "#missing"},
				"down": {"uv": [7.5, 6.5, 7.25, 7], "texture": "#missing"}
			}
		},
		{
			"from": [7.25, 8.75, 6.25],
			"to": [8.75, 9, 10.5],
			"rotation": {"angle": 0, "axis": "y", "origin": [8, 5.84233, 7.25]},
			"faces": {
				"north": {"uv": [6.75, 7.25, 7.25, 7.5], "texture": "#missing"},
				"east": {"uv": [4, 3.5, 5, 3.75], "texture": "#missing"},
				"south": {"uv": [7.25, 7, 7.75, 7.25], "texture": "#missing"},
				"west": {"uv": [2, 6.75, 3, 7], "texture": "#missing"},
				"up": {"uv": [6, 6.5, 5.5, 5.5], "texture": "#missing"},
				"down": {"uv": [6.25, 0, 5.75, 1], "texture": "#missing"}
			}
		},
		{
			"from": [7.25, 9, 8.25],
			"to": [8.75, 9.25, 9.25],
			"rotation": {"angle": 0, "axis": "y", "origin": [8, 5.84233, 7.25]},
			"faces": {
				"north": {"uv": [7.25, 7.25, 7.75, 7.5], "texture": "#missing"},
				"east": {"uv": [7.75, 6.25, 8, 6.5], "texture": "#missing"},
				"south": {"uv": [7.5, 0, 8, 0.25], "texture": "#missing"},
				"west": {"uv": [6.5, 7.75, 6.75, 8], "texture": "#missing"},
				"up": {"uv": [8, 0.5, 7.5, 0.25], "texture": "#missing"},
				"down": {"uv": [8, 0.5, 7.5, 0.75], "texture": "#missing"}
			}
		},
		{
			"from": [7.25, 9, 7.25],
			"to": [8.75, 9.25, 7.75],
			"rotation": {"angle": 0, "axis": "y", "origin": [8, 5.84233, 7.25]},
			"faces": {
				"north": {"uv": [7.5, 0.75, 8, 1], "texture": "#missing"},
				"east": {"uv": [7.75, 6.5, 8, 6.75], "texture": "#missing"},
				"south": {"uv": [1, 7.5, 1.5, 7.75], "texture": "#missing"},
				"west": {"uv": [7.75, 6.75, 8, 7], "texture": "#missing"},
				"up": {"uv": [8, 1.25, 7.5, 1], "texture": "#missing"},
				"down": {"uv": [8, 1.25, 7.5, 1.5], "texture": "#missing"}
			}
		},
		{
			"from": [6.9, 5.25, -5.25],
			"to": [9.1, 6.5, 6.75],
			"rotation": {"angle": 0, "axis": "y", "origin": [8, 5.84233, 7.25]},
			"faces": {
				"north": {"uv": [7, 0.5, 7.5, 1], "texture": "#missing"},
				"east": {"uv": [4, 2, 6, 2.5], "texture": "#missing"},
				"south": {"uv": [1, 7, 1.5, 7.5], "texture": "#missing"},
				"west": {"uv": [4, 2.5, 6, 3], "texture": "#missing"},
				"up": {"uv": [2.5, 6.75, 2, 4.75], "texture": "#missing"},
				"down": {"uv": [3, 4.75, 2.5, 6.75], "texture": "#missing"}
			}
		},
		{
			"from": [7.99537, 5.8377, -12],
			"to": [8.99537, 6.8377, 3],
			"rotation": {"angle": 45, "axis": "z", "origin": [8, 5.84233, 7.25]},
			"faces": {
				"north": {"uv": [0, 8, 0.25, 8.25], "texture": "#missing"},
				"east": {"uv": [4, 3, 7.5, 3.25], "texture": "#missing"},
				"south": {"uv": [8, 0, 8.25, 0.25], "texture": "#missing"},
				"west": {"uv": [4, 3.25, 7.5, 3.5], "texture": "#missing"},
				"up": {"uv": [3.25, 8.25, 3, 4.75], "texture": "#missing"},
				"down": {"uv": [3.5, 4.75, 3.25, 8.25], "texture": "#missing"}
			}
		},
		{
			"from": [7.4, 5.94289, -16],
			"to": [8.6, 7.14289, -10],
			"rotation": {"angle": 45, "axis": "z", "origin": [8, 6.54289, -13]},
			"faces": {
				"north": {"uv": [0, 8, 0.25, 8.25], "texture": "#missing"},
				"east": {"uv": [4, 3, 7.5, 3.25], "texture": "#missing"},
				"south": {"uv": [8, 0, 8.25, 0.25], "texture": "#missing"},
				"west": {"uv": [4, 3.25, 7.5, 3.5], "texture": "#missing"},
				"up": {"uv": [3.25, 8.25, 3, 4.75], "texture": "#missing"},
				"down": {"uv": [3.5, 4.75, 3.25, 8.25], "texture": "#missing"}
			}
		},
		{
			"from": [7.4, 7.6071, -8.85],
			"to": [8.6, 8.5571, 2],
			"rotation": {"angle": 0, "axis": "z", "origin": [8, 7.9571, -4.5]},
			"faces": {
				"north": {"uv": [0.25, 8, 0.5, 8.25], "texture": "#missing"},
				"east": {"uv": [5, 4, 7.25, 4.25], "texture": "#missing"},
				"south": {"uv": [8, 0.25, 8.25, 0.5], "texture": "#missing"},
				"west": {"uv": [5, 4.25, 7.25, 4.5], "texture": "#missing"},
				"up": {"uv": [4.75, 7.5, 4.5, 5.25], "texture": "#missing"},
				"down": {"uv": [5, 5.25, 4.75, 7.5], "texture": "#missing"}
			}
		},
		{
			"from": [7, 5.25, 21],
			"to": [9, 7.5, 27],
			"rotation": {"angle": 0, "axis": "y", "origin": [8, 5.84233, 7.25]},
			"faces": {
				"north": {"uv": [1, 6, 1.5, 7], "texture": "#missing"},
				"east": {"uv": [2, 3.75, 3.5, 4.75], "texture": "#missing"},
				"south": {"uv": [1.5, 6, 2, 7], "texture": "#missing"},
				"west": {"uv": [3.5, 3.75, 5, 4.75], "texture": "#missing"},
				"up": {"uv": [4, 6.25, 3.5, 4.75], "texture": "#missing"},
				"down": {"uv": [4.5, 4.75, 4, 6.25], "texture": "#missing"}
			}
		},
		{
			"from": [7.25, 4.5, 21],
			"to": [8.75, 5.25, 27],
			"rotation": {"angle": 0, "axis": "y", "origin": [8, 5.84233, 7.25]},
			"faces": {
				"north": {"uv": [1.5, 7, 2, 7.5], "texture": "#missing"},
				"east": {"uv": [5.75, 4.75, 6.75, 5.25], "texture": "#missing"},
				"south": {"uv": [2, 7, 2.5, 7.5], "texture": "#missing"},
				"west": {"uv": [6, 2, 7, 2.5], "texture": "#missing"},
				"up": {"uv": [6.5, 6.5, 6, 5.5], "texture": "#missing"},
				"down": {"uv": [6.75, 0, 6.25, 1], "texture": "#missing"}
			}
		},
		{
			"from": [7.25, 3, 25.25],
			"to": [8.75, 4.5, 27],
			"rotation": {"angle": 0, "axis": "y", "origin": [8, 5.84233, 7.25]},
			"faces": {
				"north": {"uv": [1.5, 7, 2, 7.5], "texture": "#missing"},
				"east": {"uv": [5.75, 4.75, 6.75, 5.25], "texture": "#missing"},
				"south": {"uv": [2, 7, 2.5, 7.5], "texture": "#missing"},
				"west": {"uv": [6, 2, 7, 2.5], "texture": "#missing"},
				"up": {"uv": [6.5, 6.5, 6, 5.5], "texture": "#missing"},
				"down": {"uv": [6.75, 0, 6.25, 1], "texture": "#missing"}
			}
		},
		{
			"from": [7.25, 1.75, 22.25],
			"to": [8.75, 3, 27],
			"rotation": {"angle": 0, "axis": "y", "origin": [8, 5.84233, 7.25]},
			"faces": {
				"north": {"uv": [1.5, 7, 2, 7.5], "texture": "#missing"},
				"east": {"uv": [5.75, 4.75, 6.75, 5.25], "texture": "#missing"},
				"south": {"uv": [2, 7, 2.5, 7.5], "texture": "#missing"},
				"west": {"uv": [6, 2, 7, 2.5], "texture": "#missing"},
				"up": {"uv": [6.5, 6.5, 6, 5.5], "texture": "#missing"},
				"down": {"uv": [6.75, 0, 6.25, 1], "texture": "#missing"}
			}
		},
		{
			"from": [7.35, 2, 20.9],
			"to": [8.65, 3.25, 22.65],
			"rotation": {"angle": 45, "axis": "x", "origin": [8, 2.375, 22.125]},
			"faces": {
				"north": {"uv": [1.5, 7, 2, 7.5], "texture": "#missing"},
				"east": {"uv": [5.75, 4.75, 6.75, 5.25], "texture": "#missing"},
				"south": {"uv": [2, 7, 2.5, 7.5], "texture": "#missing"},
				"west": {"uv": [6, 2, 7, 2.5], "texture": "#missing"},
				"up": {"uv": [6.5, 6.5, 6, 5.5], "texture": "#missing"},
				"down": {"uv": [6.75, 0, 6.25, 1], "texture": "#missing"}
			}
		},
		{
			"from": [8.5, 3.75, 6],
			"to": [8.75, 5.25, 11],
			"rotation": {"angle": 0, "axis": "y", "origin": [8, 5.84233, 7.25]},
			"faces": {
				"north": {"uv": [1.5, 7.5, 1.75, 8], "texture": "#missing"},
				"east": {"uv": [4.5, 4.75, 5.75, 5.25], "texture": "#missing"},
				"south": {"uv": [1.75, 7.5, 2, 8], "texture": "#missing"},
				"west": {"uv": [5, 1, 6.25, 1.5], "texture": "#missing"},
				"up": {"uv": [6.75, 6.75, 6.5, 5.5], "texture": "#missing"},
				"down": {"uv": [6.25, 6.5, 6, 7.75], "texture": "#missing"}
			}
		},
		{
			"from": [7.5, 3.75, 6],
			"to": [8.5, 5.25, 6.75],
			"rotation": {"angle": 0, "axis": "y", "origin": [8, 5.84233, 7.25]},
			"faces": {
				"north": {"uv": [2, 7.5, 2.25, 8], "texture": "#missing"},
				"east": {"uv": [7.5, 2, 7.75, 2.5], "texture": "#missing"},
				"south": {"uv": [2.25, 7.5, 2.5, 8], "texture": "#missing"},
				"west": {"uv": [2.5, 7.5, 2.75, 8], "texture": "#missing"},
				"up": {"uv": [0.75, 8.25, 0.5, 8], "texture": "#missing"},
				"down": {"uv": [8.25, 0.5, 8, 0.75], "texture": "#missing"}
			}
		},
		{
			"from": [7.5, 3.75, 10.25],
			"to": [8.5, 5.25, 11],
			"rotation": {"angle": 0, "axis": "y", "origin": [8, 5.84233, 7.25]},
			"faces": {
				"north": {"uv": [7.5, 2.5, 7.75, 3], "texture": "#missing"},
				"east": {"uv": [2.75, 7.5, 3, 8], "texture": "#missing"},
				"south": {"uv": [7.5, 3, 7.75, 3.5], "texture": "#missing"},
				"west": {"uv": [7.5, 3.5, 7.75, 4], "texture": "#missing"},
				"up": {"uv": [1, 8.25, 0.75, 8], "texture": "#missing"},
				"down": {"uv": [8.25, 0.75, 8, 1], "texture": "#missing"}
			}
		},
		{
			"from": [7.25, 3.75, 6],
			"to": [7.5, 5.25, 11],
			"rotation": {"angle": 0, "axis": "y", "origin": [8, 5.84233, 7.25]},
			"faces": {
				"north": {"uv": [7.5, 4, 7.75, 4.5], "texture": "#missing"},
				"east": {"uv": [5, 1.5, 6.25, 2], "texture": "#missing"},
				"south": {"uv": [4.5, 7.5, 4.75, 8], "texture": "#missing"},
				"west": {"uv": [5, 3.5, 6.25, 4], "texture": "#missing"},
				"up": {"uv": [6.5, 7.75, 6.25, 6.5], "texture": "#missing"},
				"down": {"uv": [0.25, 6.75, 0, 8], "texture": "#missing"}
			}
		},
		{
			"from": [7.5, 3.25, 14],
			"to": [8.5, 5.25, 16],
			"rotation": {"angle": 0, "axis": "y", "origin": [8, 5.84233, 7.25]},
			"faces": {
				"north": {"uv": [4.75, 7.5, 5, 8], "texture": "#missing"},
				"east": {"uv": [7, 2, 7.5, 2.5], "texture": "#missing"},
				"south": {"uv": [7.5, 4.75, 7.75, 5.25], "texture": "#missing"},
				"west": {"uv": [2.5, 7, 3, 7.5], "texture": "#missing"},
				"up": {"uv": [5.25, 8, 5, 7.5], "texture": "#missing"},
				"down": {"uv": [5.5, 7.5, 5.25, 8], "texture": "#missing"}
			}
		},
		{
			"from": [7.5, 3.5, 11],
			"to": [8.5, 4, 14],
			"rotation": {"angle": 0, "axis": "y", "origin": [8, 5.84233, 7.25]},
			"faces": {
				"north": {"uv": [1, 8, 1.25, 8.25], "texture": "#missing"},
				"east": {"uv": [7, 4.5, 7.75, 4.75], "texture": "#missing"},
				"south": {"uv": [8, 1, 8.25, 1.25], "texture": "#missing"},
				"west": {"uv": [7, 5.25, 7.75, 5.5], "texture": "#missing"},
				"up": {"uv": [1, 8, 0.75, 7.25], "texture": "#missing"},
				"down": {"uv": [7.5, 1, 7.25, 1.75], "texture": "#missing"}
			}
		},
		{
			"from": [7.75, 4.21632, 13.24331],
			"to": [8.25, 5.71632, 13.49331],
			"rotation": {"angle": 0, "axis": "x", "origin": [8, 4.96632, 13.36831]},
			"faces": {
				"north": {"uv": [7.5, 5.5, 7.75, 6], "texture": "#missing"},
				"east": {"uv": [7.5, 6.5, 7.75, 7], "texture": "#missing"},
				"south": {"uv": [6.75, 7.5, 7, 8], "texture": "#missing"},
				"west": {"uv": [7, 7.5, 7.25, 8], "texture": "#missing"},
				"up": {"uv": [1.5, 8.25, 1.25, 8], "texture": "#missing"},
				"down": {"uv": [8.25, 1.25, 8, 1.5], "texture": "#missing"}
			}
		},
		{
			"from": [7.75, 2.71632, 10.99331],
			"to": [8.25, 3.71632, 11.24331],
			"rotation": {"angle": -22.5, "axis": "x", "origin": [8, 3.21632, 10.86831]},
			"faces": {
				"north": {"uv": [7.5, 5.5, 7.75, 6], "texture": "#missing"},
				"east": {"uv": [7.5, 6.5, 7.75, 7], "texture": "#missing"},
				"south": {"uv": [6.75, 7.5, 7, 8], "texture": "#missing"},
				"west": {"uv": [7, 7.5, 7.25, 8], "texture": "#missing"},
				"up": {"uv": [1.5, 8.25, 1.25, 8], "texture": "#missing"},
				"down": {"uv": [8.25, 1.25, 8, 1.5], "texture": "#missing"}
			}
		}
	],
	"gui_light": "front",
	"display": {
		"thirdperson_righthand": {
			"translation": [-2, 2.5, -3.5],
			"scale": [0.65, 0.65, 0.65]
		},
		"thirdperson_lefthand": {
			"translation": [-2, 2.5, -3.5],
			"scale": [0.75, 0.75, 0.75]
		},
		"firstperson_righthand": {
			"rotation": [0, -3, 0],
			"translation": [0, 5.75, -6]
		},
		"firstperson_lefthand": {
			"rotation": [0, -3, 0],
			"translation": [0, 5.75, -6]
		},
		"ground": {
			"translation": [0, 7.25, 0]
		},
		"gui": {
			"rotation": [0, -90, 0],
			"translation": [-0.5, 0, 0],
			"scale": [0.4, 0.4, 0.4]
		},
		"head": {
			"scale": [0, 0, 0]
		},
		"fixed": {
			"rotation": [90, 80, 90],
			"translation": [-1.75, -6.75, -2.5],
			"scale": [2.5625, 2.5625, 2.5625]
		}
	},
	"groups": [
		{
			"name": "Vandal",
			"origin": [8, 8, 8],
			"color": 0,
			"children": [
				{
					"name": "Sights",
					"origin": [8, 5.84233, 7.25],
					"color": 0,
					"children": [0, 1, 2]
				},
				{
					"name": "Magazine",
					"origin": [8, 5.84233, 7.25],
					"color": 0,
					"children": [3, 4, 5, 6, 7]
				},
				{
					"name": "Main",
					"origin": [8, 5.84233, 7.25],
					"color": 0,
					"children": [8, 9, 10, 11, 12, 13, 14, 15, 16, 17, 18, 19, 20, 21, 22, 23, 24, 25, 26, 27, 28, 29, 30, 31, 32, 33, 34, 35, 36, 37, 38, 39, 40, 41, 42, 43, 44, 45, 46, 47, 48, 49, 50, 51, 52, 53]
				}
			]
		}
	]
}