{
	"credit": "Made with Blockbench",
	"texture_size": [32, 32],
	"textures": {
		"0": "item/deadlockult",
		"1": "item/sea_lantern",
		"particle": "item/deadlockult"
	},
	"elements": [
		{
			"from": [10.5, 0.5, 7.5],
			"to": [11.5, 7.5, 8.5],
			"faces": {
				"north": {"uv": [1, 10, 1.5, 13.5], "texture": "#1"},
				"east": {"uv": [1.5, 10, 2, 13.5], "texture": "#1"},
				"south": {"uv": [1, 10, 1.5, 13.5], "texture": "#1"},
				"west": {"uv": [1, 10.5, 1.5, 14], "texture": "#1"},
				"up": {"uv": [2, 12, 1.5, 11.5], "texture": "#1"},
				"down": {"uv": [2.5, 11.5, 2, 12], "texture": "#1"}
			}
		},
		{
			"from": [5.5, 6.5, 7.5],
			"to": [10.5, 7.5, 8.5],
			"faces": {
				"north": {"uv": [11.5, 1.5, 14, 2], "texture": "#1"},
				"east": {"uv": [11, 1.5, 11.5, 2], "texture": "#1"},
				"south": {"uv": [11.5, 1.5, 14, 2], "texture": "#1"},
				"west": {"uv": [11.5, 1.5, 12, 2], "texture": "#1"},
				"up": {"uv": [14, 1.5, 11.5, 1], "texture": "#1"},
				"down": {"uv": [14, 1.5, 11.5, 2], "texture": "#1"}
			}
		},
		{
			"from": [4.5, 0.5, 7.5],
			"to": [5.5, 7.5, 8.5],
			"faces": {
				"north": {"uv": [1, 6, 1.5, 9.5], "texture": "#1"},
				"east": {"uv": [1.5, 5, 2, 8.5], "texture": "#1"},
				"south": {"uv": [1, 2, 1.5, 5.5], "texture": "#1"},
				"west": {"uv": [1.5, 2, 2, 5.5], "texture": "#1"},
				"up": {"uv": [1.5, 10, 1, 9.5], "texture": "#1"},
				"down": {"uv": [2, 7.5, 1.5, 8], "texture": "#1"}
			}
		},
		{
			"from": [5.5, 0.5, 7.5],
			"to": [10.5, 1.5, 8.5],
			"faces": {
				"north": {"uv": [4.5, 14, 7, 14.5], "texture": "#1"},
				"east": {"uv": [6, 13.5, 6.5, 14], "texture": "#1"},
				"south": {"uv": [4.5, 14, 7, 14.5], "texture": "#1"},
				"west": {"uv": [4.5, 13.5, 5, 14], "texture": "#1"},
				"up": {"uv": [5.5, 14, 3, 13.5], "texture": "#1"},
				"down": {"uv": [5.5, 14, 3, 14.5], "texture": "#1"}
			}
		},
		{
			"from": [4.5, 0, 7],
			"to": [8, 1, 7.5],
			"rotation": {"angle": 0, "axis": "y", "origin": [8, 0, 8]},
			"faces": {
				"north": {"uv": [3.5, 4.5, 5.5, 5], "texture": "#0"},
				"east": {"uv": [11, 0, 11.5, 0.5], "texture": "#0"},
				"south": {"uv": [0.5, 5, 2.5, 5.5], "texture": "#0"},
				"west": {"uv": [11, 0.5, 11.5, 1], "texture": "#0"},
				"up": {"uv": [4.5, 5.5, 2.5, 5], "texture": "#0"},
				"down": {"uv": [6.5, 5, 4.5, 5.5], "texture": "#0"}
			}
		},
		{
			"from": [4, 0.5, 7],
			"to": [5, 4, 7.5],
			"rotation": {"angle": 0, "axis": "z", "origin": [8, 0, 8]},
			"faces": {
				"north": {"uv": [0.5, 6, 1, 8], "texture": "#0"},
				"east": {"uv": [1, 6, 1.5, 8], "texture": "#0"},
				"south": {"uv": [1.5, 6, 2, 8], "texture": "#0"},
				"west": {"uv": [6, 1.5, 6.5, 3.5], "texture": "#0"},
				"up": {"uv": [11.5, 2.5, 11, 2], "texture": "#0"},
				"down": {"uv": [11.5, 2.5, 11, 3], "texture": "#0"}
			}
		},
		{
			"from": [4, 4, 7],
			"to": [5, 7.5, 7.5],
			"rotation": {"angle": 0, "axis": "z", "origin": [8, 0, 8]},
			"faces": {
				"north": {"uv": [2, 6, 2.5, 8], "texture": "#0"},
				"east": {"uv": [2.5, 6, 3, 8], "texture": "#0"},
				"south": {"uv": [3, 6, 3.5, 8], "texture": "#0"},
				"west": {"uv": [3.5, 6, 4, 8], "texture": "#0"},
				"up": {"uv": [11.5, 3.5, 11, 3], "texture": "#0"},
				"down": {"uv": [11.5, 3.5, 11, 4], "texture": "#0"}
			}
		},
		{
			"from": [11, 4, 7],
			"to": [12, 7.5, 7.5],
			"rotation": {"angle": 0, "axis": "z", "origin": [8, 0, 8]},
			"faces": {
				"north": {"uv": [6, 6, 6.5, 8], "texture": "#0"},
				"east": {"uv": [6.5, 0, 7, 2], "texture": "#0"},
				"south": {"uv": [6.5, 2, 7, 4], "texture": "#0"},
				"west": {"uv": [6.5, 5, 7, 7], "texture": "#0"},
				"up": {"uv": [5.5, 11.5, 5, 11], "texture": "#0"},
				"down": {"uv": [11.5, 5, 11, 5.5], "texture": "#0"}
			}
		},
		{
			"from": [11, 0.5, 7],
			"to": [12, 4, 7.5],
			"rotation": {"angle": 0, "axis": "z", "origin": [8, 0, 8]},
			"faces": {
				"north": {"uv": [4, 6, 4.5, 8], "texture": "#0"},
				"east": {"uv": [4.5, 6, 5, 8], "texture": "#0"},
				"south": {"uv": [5, 6, 5.5, 8], "texture": "#0"},
				"west": {"uv": [5.5, 6, 6, 8], "texture": "#0"},
				"up": {"uv": [11.5, 4.5, 11, 4], "texture": "#0"},
				"down": {"uv": [11.5, 4.5, 11, 5], "texture": "#0"}
			}
		},
		{
			"from": [8, 0, 7],
			"to": [11.5, 1, 7.5],
			"rotation": {"angle": 0, "axis": "y", "origin": [8, 0, 8]},
			"faces": {
				"north": {"uv": [0.5, 5.5, 2.5, 6], "texture": "#0"},
				"east": {"uv": [11, 1, 11.5, 1.5], "texture": "#0"},
				"south": {"uv": [2.5, 5.5, 4.5, 6], "texture": "#0"},
				"west": {"uv": [11, 1.5, 11.5, 2], "texture": "#0"},
				"up": {"uv": [6.5, 6, 4.5, 5.5], "texture": "#0"},
				"down": {"uv": [7.5, 4.5, 5.5, 5], "texture": "#0"}
			}
		},
		{
			"from": [4.5, 7, 7],
			"to": [8, 8, 7.5],
			"rotation": {"angle": 0, "axis": "y", "origin": [8, 0, 8]},
			"faces": {
				"north": {"uv": [7, 1.5, 9, 2], "texture": "#0"},
				"east": {"uv": [11, 6, 11.5, 6.5], "texture": "#0"},
				"south": {"uv": [7, 2, 9, 2.5], "texture": "#0"},
				"west": {"uv": [6.5, 11, 7, 11.5], "texture": "#0"},
				"up": {"uv": [9, 3, 7, 2.5], "texture": "#0"},
				"down": {"uv": [9, 3, 7, 3.5], "texture": "#0"}
			}
		},
		{
			"from": [8, 7, 7],
			"to": [11.5, 8, 7.5],
			"rotation": {"angle": 0, "axis": "y", "origin": [8, 0, 8]},
			"faces": {
				"north": {"uv": [6.5, 4, 8.5, 4.5], "texture": "#0"},
				"east": {"uv": [5.5, 11, 6, 11.5], "texture": "#0"},
				"south": {"uv": [7, 0, 9, 0.5], "texture": "#0"},
				"west": {"uv": [11, 5.5, 11.5, 6], "texture": "#0"},
				"up": {"uv": [9, 1, 7, 0.5], "texture": "#0"},
				"down": {"uv": [9, 1, 7, 1.5], "texture": "#0"}
			}
		},
		{
			"from": [4.5, 7, 8.5],
			"to": [8, 8, 9],
			"rotation": {"angle": 0, "axis": "y", "origin": [8, 0, 8]},
			"faces": {
				"north": {"uv": [9, 0.5, 11, 1], "texture": "#0"},
				"east": {"uv": [3, 11.5, 3.5, 12], "texture": "#0"},
				"south": {"uv": [9, 1, 11, 1.5], "texture": "#0"},
				"west": {"uv": [11.5, 3, 12, 3.5], "texture": "#0"},
				"up": {"uv": [11, 2, 9, 1.5], "texture": "#0"},
				"down": {"uv": [11, 2, 9, 2.5], "texture": "#0"}
			}
		},
		{
			"from": [8, 7, 8.5],
			"to": [11.5, 8, 9],
			"rotation": {"angle": 0, "axis": "y", "origin": [8, 0, 8]},
			"faces": {
				"north": {"uv": [8.5, 5.5, 10.5, 6], "texture": "#0"},
				"east": {"uv": [11.5, 2, 12, 2.5], "texture": "#0"},
				"south": {"uv": [8.5, 6, 10.5, 6.5], "texture": "#0"},
				"west": {"uv": [11.5, 2.5, 12, 3], "texture": "#0"},
				"up": {"uv": [9.5, 9, 7.5, 8.5], "texture": "#0"},
				"down": {"uv": [11, 0, 9, 0.5], "texture": "#0"}
			}
		},
		{
			"from": [4.5, 0, 8.5],
			"to": [8, 1, 9],
			"rotation": {"angle": 0, "axis": "y", "origin": [8, 0, 8]},
			"faces": {
				"north": {"uv": [8, 8, 10, 8.5], "texture": "#0"},
				"east": {"uv": [11.5, 1, 12, 1.5], "texture": "#0"},
				"south": {"uv": [8.5, 4, 10.5, 4.5], "texture": "#0"},
				"west": {"uv": [11.5, 1.5, 12, 2], "texture": "#0"},
				"up": {"uv": [10.5, 5, 8.5, 4.5], "texture": "#0"},
				"down": {"uv": [10.5, 5, 8.5, 5.5], "texture": "#0"}
			}
		},
		{
			"from": [8, 0, 8.5],
			"to": [11.5, 1, 9],
			"rotation": {"angle": 0, "axis": "y", "origin": [8, 0, 8]},
			"faces": {
				"north": {"uv": [7, 3.5, 9, 4], "texture": "#0"},
				"east": {"uv": [11.5, 0, 12, 0.5], "texture": "#0"},
				"south": {"uv": [8, 6.5, 10, 7], "texture": "#0"},
				"west": {"uv": [11.5, 0.5, 12, 1], "texture": "#0"},
				"up": {"uv": [10, 7.5, 8, 7], "texture": "#0"},
				"down": {"uv": [10, 7.5, 8, 8], "texture": "#0"}
			}
		},
		{
			"from": [4, 0.5, 8.5],
			"to": [5, 4, 9],
			"rotation": {"angle": 0, "axis": "z", "origin": [8, 0, 8]},
			"faces": {
				"north": {"uv": [3.5, 8, 4, 10], "texture": "#0"},
				"east": {"uv": [4, 8, 4.5, 10], "texture": "#0"},
				"south": {"uv": [4.5, 8, 5, 10], "texture": "#0"},
				"west": {"uv": [8, 4.5, 8.5, 6.5], "texture": "#0"},
				"up": {"uv": [11.5, 11.5, 11, 11], "texture": "#0"},
				"down": {"uv": [0.5, 11.5, 0, 12], "texture": "#0"}
			}
		},
		{
			"from": [4, 4, 8.5],
			"to": [5, 7.5, 9],
			"rotation": {"angle": 0, "axis": "z", "origin": [8, 0, 8]},
			"faces": {
				"north": {"uv": [1.5, 8, 2, 10], "texture": "#0"},
				"east": {"uv": [2, 8, 2.5, 10], "texture": "#0"},
				"south": {"uv": [2.5, 8, 3, 10], "texture": "#0"},
				"west": {"uv": [3, 8, 3.5, 10], "texture": "#0"},
				"up": {"uv": [9.5, 11.5, 9, 11], "texture": "#0"},
				"down": {"uv": [11.5, 10.5, 11, 11], "texture": "#0"}
			}
		},
		{
			"from": [11, 0.5, 8.5],
			"to": [12, 4, 9],
			"rotation": {"angle": 0, "axis": "z", "origin": [8, 0, 8]},
			"faces": {
				"north": {"uv": [7.5, 4.5, 8, 6.5], "texture": "#0"},
				"east": {"uv": [7.5, 6.5, 8, 8.5], "texture": "#0"},
				"south": {"uv": [0.5, 8, 1, 10], "texture": "#0"},
				"west": {"uv": [1, 8, 1.5, 10], "texture": "#0"},
				"up": {"uv": [8.5, 11.5, 8, 11], "texture": "#0"},
				"down": {"uv": [9, 11, 8.5, 11.5], "texture": "#0"}
			}
		},
		{
			"from": [11, 4, 8.5],
			"to": [12, 7.5, 9],
			"rotation": {"angle": 0, "axis": "z", "origin": [8, 0, 8]},
			"faces": {
				"north": {"uv": [0, 7, 0.5, 9], "texture": "#0"},
				"east": {"uv": [7, 5, 7.5, 7], "texture": "#0"},
				"south": {"uv": [6.5, 7, 7, 9], "texture": "#0"},
				"west": {"uv": [7, 7, 7.5, 9], "texture": "#0"},
				"up": {"uv": [7.5, 11.5, 7, 11], "texture": "#0"},
				"down": {"uv": [8, 11, 7.5, 11.5], "texture": "#0"}
			}
		},
		{
			"from": [5, 7.5, 7.5],
			"to": [8, 8, 8.5],
			"rotation": {"angle": 0, "axis": "y", "origin": [8, 0, 8]},
			"faces": {
				"north": {"uv": [10, 8.5, 12, 9], "texture": "#0"},
				"east": {"uv": [7, 11.5, 7.5, 12], "texture": "#0"},
				"south": {"uv": [10, 9, 12, 9.5], "texture": "#0"},
				"west": {"uv": [7.5, 11.5, 8, 12], "texture": "#0"},
				"up": {"uv": [12, 10, 10, 9.5], "texture": "#0"},
				"down": {"uv": [12, 10, 10, 10.5], "texture": "#0"}
			}
		},
		{
			"from": [8, 7.5, 7.5],
			"to": [11, 8, 8.5],
			"rotation": {"angle": 0, "axis": "y", "origin": [8, 0, 8]},
			"faces": {
				"north": {"uv": [10, 6.5, 12, 7], "texture": "#0"},
				"east": {"uv": [11.5, 6, 12, 6.5], "texture": "#0"},
				"south": {"uv": [10, 7, 12, 7.5], "texture": "#0"},
				"west": {"uv": [6.5, 11.5, 7, 12], "texture": "#0"},
				"up": {"uv": [12, 8, 10, 7.5], "texture": "#0"},
				"down": {"uv": [12, 8, 10, 8.5], "texture": "#0"}
			}
		},
		{
			"from": [5, 0, 7.5],
			"to": [8, 0.5, 8.5],
			"rotation": {"angle": 0, "axis": "y", "origin": [8, 0, 8]},
			"faces": {
				"north": {"uv": [9, 2.5, 11, 3], "texture": "#0"},
				"east": {"uv": [11.5, 5.5, 12, 6], "texture": "#0"},
				"south": {"uv": [9, 3, 11, 3.5], "texture": "#0"},
				"west": {"uv": [6, 11.5, 6.5, 12], "texture": "#0"},
				"up": {"uv": [11, 4, 9, 3.5], "texture": "#0"},
				"down": {"uv": [5, 10, 3, 10.5], "texture": "#0"}
			}
		},
		{
			"from": [8, 0, 7.5],
			"to": [11, 0.5, 8.5],
			"rotation": {"angle": 0, "axis": "y", "origin": [8, 0, 8]},
			"faces": {
				"north": {"uv": [4.5, 0, 6.5, 0.5], "texture": "#0"},
				"east": {"uv": [10.5, 6, 11, 6.5], "texture": "#0"},
				"south": {"uv": [4.5, 0.5, 6.5, 1], "texture": "#0"},
				"west": {"uv": [0, 11, 0.5, 11.5], "texture": "#0"},
				"up": {"uv": [6.5, 1.5, 4.5, 1], "texture": "#0"},
				"down": {"uv": [3.5, 4.5, 1.5, 5], "texture": "#0"}
			}
		},
		{
			"from": [4, 1, 7.5],
			"to": [4.5, 4, 8.5],
			"rotation": {"angle": 0, "axis": "z", "origin": [8, 0, 8]},
			"faces": {
				"north": {"uv": [1, 10, 1.5, 12], "texture": "#0"},
				"east": {"uv": [1.5, 10, 2, 12], "texture": "#0"},
				"south": {"uv": [2, 10, 2.5, 12], "texture": "#0"},
				"west": {"uv": [2.5, 10, 3, 12], "texture": "#0"},
				"up": {"uv": [12, 5.5, 11.5, 5], "texture": "#0"},
				"down": {"uv": [6, 11.5, 5.5, 12], "texture": "#0"}
			}
		},
		{
			"from": [4, 4, 7.5],
			"to": [4.5, 7, 8.5],
			"rotation": {"angle": 0, "axis": "z", "origin": [8, 0, 8]},
			"faces": {
				"north": {"uv": [8.5, 9, 9, 11], "texture": "#0"},
				"east": {"uv": [9, 9, 9.5, 11], "texture": "#0"},
				"south": {"uv": [9.5, 8.5, 10, 10.5], "texture": "#0"},
				"west": {"uv": [0.5, 10, 1, 12], "texture": "#0"},
				"up": {"uv": [12, 5, 11.5, 4.5], "texture": "#0"},
				"down": {"uv": [5.5, 11.5, 5, 12], "texture": "#0"}
			}
		},
		{
			"from": [11.5, 1, 7.5],
			"to": [12, 4, 8.5],
			"rotation": {"angle": 0, "axis": "z", "origin": [8, 0, 8]},
			"faces": {
				"north": {"uv": [6.5, 9, 7, 11], "texture": "#0"},
				"east": {"uv": [7, 9, 7.5, 11], "texture": "#0"},
				"south": {"uv": [7.5, 9, 8, 11], "texture": "#0"},
				"west": {"uv": [8, 9, 8.5, 11], "texture": "#0"},
				"up": {"uv": [12, 4.5, 11.5, 4], "texture": "#0"},
				"down": {"uv": [5, 11.5, 4.5, 12], "texture": "#0"}
			}
		},
		{
			"from": [11.5, 4, 7.5],
			"to": [12, 7, 8.5],
			"rotation": {"angle": 0, "axis": "z", "origin": [8, 0, 8]},
			"faces": {
				"north": {"uv": [5, 8, 5.5, 10], "texture": "#0"},
				"east": {"uv": [5.5, 8, 6, 10], "texture": "#0"},
				"south": {"uv": [6, 8, 6.5, 10], "texture": "#0"},
				"west": {"uv": [0, 9, 0.5, 11], "texture": "#0"},
				"up": {"uv": [4, 12, 3.5, 11.5], "texture": "#0"},
				"down": {"uv": [12, 3.5, 11.5, 4], "texture": "#0"}
			}
		},
		{
			"from": [10.9, 2.75, 6.85],
			"to": [12.15, 5.25, 9.15],
			"rotation": {"angle": 0, "axis": "z", "origin": [8, 0, 8]},
			"faces": {
				"north": {"uv": [6, 10, 6.5, 11.5], "texture": "#0"},
				"east": {"uv": [3.5, 0, 4.5, 1.5], "texture": "#0"},
				"south": {"uv": [4, 10.5, 4.5, 12], "texture": "#0"},
				"west": {"uv": [0.5, 3.5, 1.5, 5], "texture": "#0"},
				"up": {"uv": [11, 5, 10.5, 4], "texture": "#0"},
				"down": {"uv": [5, 10.5, 4.5, 11.5], "texture": "#0"}
			}
		},
		{
			"from": [11.3, 3.35, 7.35],
			"to": [12.55, 4.65, 8.65],
			"rotation": {"angle": 0, "axis": "z", "origin": [8, 0, 8]},
			"faces": {
				"north": {"uv": [5.5, 12, 6, 12.5], "texture": "#0"},
				"east": {"uv": [12, 5.5, 12.5, 6], "texture": "#0"},
				"south": {"uv": [6, 12, 6.5, 12.5], "texture": "#0"},
				"west": {"uv": [12, 6, 12.5, 6.5], "texture": "#0"},
				"up": {"uv": [7, 12.5, 6.5, 12], "texture": "#0"},
				"down": {"uv": [12.5, 6.5, 12, 7], "texture": "#0"}
			}
		},
		{
			"from": [11.45, 3.6, 7.6],
			"to": [12.7, 4.4, 8.4],
			"rotation": {"angle": 0, "axis": "z", "origin": [8, 0, 8]},
			"faces": {
				"north": {"uv": [7, 12, 7.5, 12.5], "texture": "#0"},
				"east": {"uv": [12, 7, 12.5, 7.5], "texture": "#0"},
				"south": {"uv": [7.5, 12, 8, 12.5], "texture": "#0"},
				"west": {"uv": [12, 7.5, 12.5, 8], "texture": "#0"},
				"up": {"uv": [8.5, 12.5, 8, 12], "texture": "#0"},
				"down": {"uv": [12.5, 8, 12, 8.5], "texture": "#0"}
			}
		},
		{
			"from": [12.25, 4.6, 7.9],
			"to": [12.5, 4.8, 8.1],
			"rotation": {"angle": 0, "axis": "z", "origin": [8, 0, 8]},
			"faces": {
				"north": {"uv": [12, 8.5, 12.5, 9], "texture": "#0"},
				"east": {"uv": [12, 8.5, 12.5, 9], "texture": "#0"},
				"south": {"uv": [12, 8.5, 12.5, 9], "texture": "#0"},
				"west": {"uv": [12, 8.5, 12.5, 9], "texture": "#0"},
				"up": {"uv": [12.5, 9, 12, 8.5], "texture": "#0"},
				"down": {"uv": [12.5, 8.5, 12, 9], "texture": "#0"}
			}
		},
		{
			"from": [12.25, 3.2, 7.9],
			"to": [12.5, 3.4, 8.1],
			"rotation": {"angle": 0, "axis": "z", "origin": [8, 0, 8]},
			"faces": {
				"north": {"uv": [12, 8.5, 12.5, 9], "texture": "#0"},
				"east": {"uv": [12, 8.5, 12.5, 9], "texture": "#0"},
				"south": {"uv": [12, 8.5, 12.5, 9], "texture": "#0"},
				"west": {"uv": [12, 8.5, 12.5, 9], "texture": "#0"},
				"up": {"uv": [12.5, 9, 12, 8.5], "texture": "#0"},
				"down": {"uv": [12.5, 8.5, 12, 9], "texture": "#0"}
			}
		},
		{
			"from": [12.25, 3.9, 8.6],
			"to": [12.5, 4.1, 8.8],
			"rotation": {"angle": 0, "axis": "z", "origin": [8, 0, 8]},
			"faces": {
				"north": {"uv": [12, 8.5, 12.5, 9], "texture": "#0"},
				"east": {"uv": [12, 8.5, 12.5, 9], "texture": "#0"},
				"south": {"uv": [12, 8.5, 12.5, 9], "texture": "#0"},
				"west": {"uv": [12, 8.5, 12.5, 9], "texture": "#0"},
				"up": {"uv": [12.5, 9, 12, 8.5], "texture": "#0"},
				"down": {"uv": [12.5, 8.5, 12, 9], "texture": "#0"}
			}
		},
		{
			"from": [12.25, 3.9, 7.2],
			"to": [12.5, 4.1, 7.4],
			"rotation": {"angle": 0, "axis": "z", "origin": [8, 0, 8]},
			"faces": {
				"north": {"uv": [12, 8.5, 12.5, 9], "texture": "#0"},
				"east": {"uv": [12, 8.5, 12.5, 9], "texture": "#0"},
				"south": {"uv": [12, 8.5, 12.5, 9], "texture": "#0"},
				"west": {"uv": [12, 8.5, 12.5, 9], "texture": "#0"},
				"up": {"uv": [12.5, 9, 12, 8.5], "texture": "#0"},
				"down": {"uv": [12.5, 8.5, 12, 9], "texture": "#0"}
			}
		},
		{
			"from": [10.8, 3, 7],
			"to": [12.25, 5, 9],
			"rotation": {"angle": -45, "axis": "x", "origin": [11.525, 4, 8]},
			"faces": {
				"north": {"uv": [10.5, 5, 11, 6], "texture": "#0"},
				"east": {"uv": [5, 10, 6, 11], "texture": "#0"},
				"south": {"uv": [9.5, 10.5, 10, 11.5], "texture": "#0"},
				"west": {"uv": [3, 10.5, 4, 11.5], "texture": "#0"},
				"up": {"uv": [10.5, 11.5, 10, 10.5], "texture": "#0"},
				"down": {"uv": [11, 10.5, 10.5, 11.5], "texture": "#0"}
			}
		},
		{
			"from": [10.9, 5.25, 8.35],
			"to": [12.15, 5.75, 9.15],
			"rotation": {"angle": 0, "axis": "z", "origin": [8, 0, 8]},
			"faces": {
				"north": {"uv": [11.5, 11, 12, 11.5], "texture": "#0"},
				"east": {"uv": [11.5, 11.5, 12, 12], "texture": "#0"},
				"south": {"uv": [0, 12, 0.5, 12.5], "texture": "#0"},
				"west": {"uv": [12, 0, 12.5, 0.5], "texture": "#0"},
				"up": {"uv": [1, 12.5, 0.5, 12], "texture": "#0"},
				"down": {"uv": [12.5, 0.5, 12, 1], "texture": "#0"}
			}
		},
		{
			"from": [10.9, 2.25, 8.35],
			"to": [12.15, 2.75, 9.15],
			"rotation": {"angle": 0, "axis": "z", "origin": [8, 0, 8]},
			"faces": {
				"north": {"uv": [1, 12, 1.5, 12.5], "texture": "#0"},
				"east": {"uv": [12, 1, 12.5, 1.5], "texture": "#0"},
				"south": {"uv": [1.5, 12, 2, 12.5], "texture": "#0"},
				"west": {"uv": [12, 1.5, 12.5, 2], "texture": "#0"},
				"up": {"uv": [2.5, 12.5, 2, 12], "texture": "#0"},
				"down": {"uv": [12.5, 2, 12, 2.5], "texture": "#0"}
			}
		},
		{
			"from": [10.9, 5.25, 6.85],
			"to": [12.15, 5.75, 7.65],
			"rotation": {"angle": 0, "axis": "z", "origin": [8, 0, 8]},
			"faces": {
				"north": {"uv": [4, 12, 4.5, 12.5], "texture": "#0"},
				"east": {"uv": [12, 4, 12.5, 4.5], "texture": "#0"},
				"south": {"uv": [4.5, 12, 5, 12.5], "texture": "#0"},
				"west": {"uv": [12, 4.5, 12.5, 5], "texture": "#0"},
				"up": {"uv": [5.5, 12.5, 5, 12], "texture": "#0"},
				"down": {"uv": [12.5, 5, 12, 5.5], "texture": "#0"}
			}
		},
		{
			"from": [10.9, 2.25, 6.85],
			"to": [12.15, 2.75, 7.65],
			"rotation": {"angle": 0, "axis": "z", "origin": [8, 0, 8]},
			"faces": {
				"north": {"uv": [2.5, 12, 3, 12.5], "texture": "#0"},
				"east": {"uv": [12, 2.5, 12.5, 3], "texture": "#0"},
				"south": {"uv": [3, 12, 3.5, 12.5], "texture": "#0"},
				"west": {"uv": [12, 3, 12.5, 3.5], "texture": "#0"},
				"up": {"uv": [4, 12.5, 3.5, 12], "texture": "#0"},
				"down": {"uv": [12.5, 3.5, 12, 4], "texture": "#0"}
			}
		}
	],
	"display": {
		"thirdperson_righthand": {
			"translation": [-13, 2, 2.25]
		},
		"thirdperson_lefthand": {
			"translation": [2.5, 4, 2.75],
			"scale": [1.5, 1.5, 1.5]
		},
		"firstperson_lefthand": {
			"translation": [3.5, 12.5, -3.25],
			"scale": [1.5, 1.5, 1.5]
		}
	},
	"groups": [
		{
			"name": "nanowires",
			"origin": [0, 0, 0],
			"color": 0,
			"children": [0, 1, 2, 3]
		},
		4,
		5,
		6,
		7,
		8,
		9,
		10,
		11,
		12,
		13,
		14,
		15,
		16,
		17,
		18,
		19,
		20,
		21,
		22,
		23,
		24,
		25,
		26,
		27,
		28,
		29,
		30,
		31,
		32,
		33,
		34,
		35,
		36,
		37,
		38,
		39
	]
}