{
	"credit": "Made with Blockbench",
	"texture_size": [64, 64],
	"textures": {
		"0": "item/deadlockarms",
		"1": "item/deadlockult",
		"particle": "item/deadlockult"
	},
	"elements": [
		{
			"name": "Right Arm",
			"from": [6.65, -2, 6.65],
			"to": [9.45, 6.467, 9.45],
			"rotation": {"angle": 0, "axis": "y", "origin": [8, 0, 8]},
			"faces": {
				"north": {"uv": [11, 5, 12, 8], "texture": "#0"},
				"east": {"uv": [10, 5, 11, 8], "texture": "#0"},
				"south": {"uv": [13, 5, 14, 8], "texture": "#0"},
				"west": {"uv": [12, 5, 13, 8], "texture": "#0"},
				"up": {"uv": [12, 5, 11, 4], "texture": "#0"},
				"down": {"uv": [13, 4, 12, 5], "texture": "#0"}
			}
		},
		{
			"name": "Right Arm Layer",
			"from": [6.4, -2.05, 6.4],
			"to": [9.7, 6.417, 9.7],
			"rotation": {"angle": 0, "axis": "y", "origin": [8, 0, 8]},
			"faces": {
				"north": {"uv": [11, 9, 12, 12], "texture": "#0"},
				"east": {"uv": [10, 9, 11, 12], "texture": "#0"},
				"south": {"uv": [13, 9, 14, 12], "texture": "#0"},
				"west": {"uv": [12, 9, 13, 12], "texture": "#0"},
				"up": {"uv": [12, 9, 11, 8], "texture": "#0"},
				"down": {"uv": [13, 8, 12, 9], "texture": "#0"}
			}
		},
		{
			"from": [5.5, -4.5, 8.5],
			"to": [6.5, -1, 9],
			"rotation": {"angle": 0, "axis": "x", "origin": [2.8125, -1, 8]},
			"faces": {
				"north": {"uv": [6.5, 2, 7, 4], "rotation": 180, "texture": "#1"},
				"east": {"uv": [6.5, 0, 7, 2], "rotation": 180, "texture": "#1"},
				"south": {"uv": [6, 6, 6.5, 8], "rotation": 180, "texture": "#1"},
				"west": {"uv": [6.5, 5, 7, 7], "rotation": 180, "texture": "#1"},
				"up": {"uv": [11.5, 5, 11, 5.5], "texture": "#1"},
				"down": {"uv": [5.5, 11.5, 5, 11], "texture": "#1"}
			}
		},
		{
			"from": [5.5, -1, 8.5],
			"to": [6.5, 2.5, 9],
			"rotation": {"angle": 0, "axis": "x", "origin": [2.8125, -1, 8]},
			"faces": {
				"north": {"uv": [5, 6, 5.5, 8], "rotation": 180, "texture": "#1"},
				"east": {"uv": [4.5, 6, 5, 8], "rotation": 180, "texture": "#1"},
				"south": {"uv": [4, 6, 4.5, 8], "rotation": 180, "texture": "#1"},
				"west": {"uv": [5.5, 6, 6, 8], "rotation": 180, "texture": "#1"},
				"up": {"uv": [11.5, 4.5, 11, 5], "texture": "#1"},
				"down": {"uv": [11.5, 4.5, 11, 4], "texture": "#1"}
			}
		},
		{
			"from": [5.5, -1, 7],
			"to": [6.5, 2.5, 7.5],
			"rotation": {"angle": 0, "axis": "x", "origin": [2.8125, -1, 8]},
			"faces": {
				"north": {"uv": [0.5, 8, 1, 10], "rotation": 180, "texture": "#1"},
				"east": {"uv": [7.5, 6.5, 8, 8.5], "rotation": 180, "texture": "#1"},
				"south": {"uv": [7.5, 4.5, 8, 6.5], "rotation": 180, "texture": "#1"},
				"west": {"uv": [1, 8, 1.5, 10], "rotation": 180, "texture": "#1"},
				"up": {"uv": [9, 11, 8.5, 11.5], "texture": "#1"},
				"down": {"uv": [8.5, 11.5, 8, 11], "texture": "#1"}
			}
		},
		{
			"from": [5.5, -4.5, 7],
			"to": [6.5, -1, 7.5],
			"rotation": {"angle": 0, "axis": "x", "origin": [2.8125, -1, 8]},
			"faces": {
				"north": {"uv": [6.5, 7, 7, 9], "rotation": 180, "texture": "#1"},
				"east": {"uv": [7, 5, 7.5, 7], "rotation": 180, "texture": "#1"},
				"south": {"uv": [0, 7, 0.5, 9], "rotation": 180, "texture": "#1"},
				"west": {"uv": [7, 7, 7.5, 9], "rotation": 180, "texture": "#1"},
				"up": {"uv": [8, 11, 7.5, 11.5], "texture": "#1"},
				"down": {"uv": [7.5, 11.5, 7, 11], "texture": "#1"}
			}
		},
		{
			"from": [6, -1, 7.5],
			"to": [6.5, 2, 8.5],
			"rotation": {"angle": 0, "axis": "x", "origin": [2.8125, -1, 8]},
			"faces": {
				"north": {"uv": [7.5, 9, 8, 11], "rotation": 180, "texture": "#1"},
				"east": {"uv": [7, 9, 7.5, 11], "rotation": 180, "texture": "#1"},
				"south": {"uv": [6.5, 9, 7, 11], "rotation": 180, "texture": "#1"},
				"west": {"uv": [8, 9, 8.5, 11], "rotation": 180, "texture": "#1"},
				"up": {"uv": [5, 11.5, 4.5, 12], "texture": "#1"},
				"down": {"uv": [12, 4.5, 11.5, 4], "texture": "#1"}
			}
		},
		{
			"from": [6, -4, 7.5],
			"to": [6.5, -1, 8.5],
			"rotation": {"angle": 0, "axis": "x", "origin": [2.8125, -1, 8]},
			"faces": {
				"north": {"uv": [6, 8, 6.5, 10], "rotation": 180, "texture": "#1"},
				"east": {"uv": [5.5, 8, 6, 10], "rotation": 180, "texture": "#1"},
				"south": {"uv": [5, 8, 5.5, 10], "rotation": 180, "texture": "#1"},
				"west": {"uv": [0, 9, 0.5, 11], "rotation": 180, "texture": "#1"},
				"up": {"uv": [12, 3.5, 11.5, 4], "texture": "#1"},
				"down": {"uv": [4, 12, 3.5, 11.5], "texture": "#1"}
			}
		},
		{
			"from": [5.4, -2.25, 6.85],
			"to": [6.65, 0.25, 9.15],
			"rotation": {"angle": 0, "axis": "x", "origin": [2.8125, -1, 8]},
			"faces": {
				"north": {"uv": [4, 10.5, 4.5, 12], "rotation": 180, "texture": "#1"},
				"east": {"uv": [3.5, 0, 4.5, 1.5], "rotation": 180, "texture": "#1"},
				"south": {"uv": [6, 10, 6.5, 11.5], "rotation": 180, "texture": "#1"},
				"west": {"uv": [0.5, 3.5, 1.5, 5], "rotation": 180, "texture": "#1"},
				"up": {"uv": [5, 10.5, 4.5, 11.5], "texture": "#1"},
				"down": {"uv": [11, 5, 10.5, 4], "texture": "#1"}
			}
		},
		{
			"from": [5.8, -1.65, 7.35],
			"to": [7.05, -0.35, 8.65],
			"rotation": {"angle": 0, "axis": "x", "origin": [2.8125, -1, 8]},
			"faces": {
				"north": {"uv": [6, 12, 6.5, 12.5], "rotation": 180, "texture": "#1"},
				"east": {"uv": [12, 5.5, 12.5, 6], "rotation": 180, "texture": "#1"},
				"south": {"uv": [5.5, 12, 6, 12.5], "rotation": 180, "texture": "#1"},
				"west": {"uv": [12, 6, 12.5, 6.5], "rotation": 180, "texture": "#1"},
				"up": {"uv": [12.5, 6.5, 12, 7], "texture": "#1"},
				"down": {"uv": [7, 12.5, 6.5, 12], "texture": "#1"}
			}
		},
		{
			"from": [5.95, -1.4, 7.6],
			"to": [7.2, -0.6, 8.4],
			"rotation": {"angle": 0, "axis": "x", "origin": [2.8125, -1, 8]},
			"faces": {
				"north": {"uv": [7.5, 12, 8, 12.5], "rotation": 180, "texture": "#1"},
				"east": {"uv": [12, 7, 12.5, 7.5], "rotation": 180, "texture": "#1"},
				"south": {"uv": [7, 12, 7.5, 12.5], "rotation": 180, "texture": "#1"},
				"west": {"uv": [12, 7.5, 12.5, 8], "rotation": 180, "texture": "#1"},
				"up": {"uv": [12.5, 8, 12, 8.5], "texture": "#1"},
				"down": {"uv": [8.5, 12.5, 8, 12], "texture": "#1"}
			}
		},
		{
			"from": [6.75, -1.8, 7.9],
			"to": [7, -1.6, 8.1],
			"rotation": {"angle": 0, "axis": "x", "origin": [2.8125, -1, 8]},
			"faces": {
				"north": {"uv": [12, 8.5, 12.5, 9], "rotation": 180, "texture": "#1"},
				"east": {"uv": [12, 8.5, 12.5, 9], "rotation": 180, "texture": "#1"},
				"south": {"uv": [12, 8.5, 12.5, 9], "rotation": 180, "texture": "#1"},
				"west": {"uv": [12, 8.5, 12.5, 9], "rotation": 180, "texture": "#1"},
				"up": {"uv": [12.5, 8.5, 12, 9], "texture": "#1"},
				"down": {"uv": [12.5, 9, 12, 8.5], "texture": "#1"}
			}
		},
		{
			"from": [6.75, -0.4, 7.9],
			"to": [7, -0.2, 8.1],
			"rotation": {"angle": 0, "axis": "x", "origin": [2.8125, -1, 8]},
			"faces": {
				"north": {"uv": [12, 8.5, 12.5, 9], "rotation": 180, "texture": "#1"},
				"east": {"uv": [12, 8.5, 12.5, 9], "rotation": 180, "texture": "#1"},
				"south": {"uv": [12, 8.5, 12.5, 9], "rotation": 180, "texture": "#1"},
				"west": {"uv": [12, 8.5, 12.5, 9], "rotation": 180, "texture": "#1"},
				"up": {"uv": [12.5, 8.5, 12, 9], "texture": "#1"},
				"down": {"uv": [12.5, 9, 12, 8.5], "texture": "#1"}
			}
		},
		{
			"from": [6.75, -1.1, 7.2],
			"to": [7, -0.9, 7.4],
			"rotation": {"angle": 0, "axis": "x", "origin": [2.8125, -1, 8]},
			"faces": {
				"north": {"uv": [12, 8.5, 12.5, 9], "rotation": 180, "texture": "#1"},
				"east": {"uv": [12, 8.5, 12.5, 9], "rotation": 180, "texture": "#1"},
				"south": {"uv": [12, 8.5, 12.5, 9], "rotation": 180, "texture": "#1"},
				"west": {"uv": [12, 8.5, 12.5, 9], "rotation": 180, "texture": "#1"},
				"up": {"uv": [12.5, 8.5, 12, 9], "texture": "#1"},
				"down": {"uv": [12.5, 9, 12, 8.5], "texture": "#1"}
			}
		},
		{
			"from": [6.75, -1.1, 8.6],
			"to": [7, -0.9, 8.8],
			"rotation": {"angle": 0, "axis": "x", "origin": [2.8125, -1, 8]},
			"faces": {
				"north": {"uv": [12, 8.5, 12.5, 9], "rotation": 180, "texture": "#1"},
				"east": {"uv": [12, 8.5, 12.5, 9], "rotation": 180, "texture": "#1"},
				"south": {"uv": [12, 8.5, 12.5, 9], "rotation": 180, "texture": "#1"},
				"west": {"uv": [12, 8.5, 12.5, 9], "rotation": 180, "texture": "#1"},
				"up": {"uv": [12.5, 8.5, 12, 9], "texture": "#1"},
				"down": {"uv": [12.5, 9, 12, 8.5], "texture": "#1"}
			}
		},
		{
			"from": [5.3, -2, 7],
			"to": [6.75, 0, 9],
			"rotation": {"angle": -45, "axis": "x", "origin": [2.8125, -1, 8]},
			"faces": {
				"north": {"uv": [9.5, 10.5, 10, 11.5], "rotation": 180, "texture": "#1"},
				"east": {"uv": [5, 10, 6, 11], "rotation": 180, "texture": "#1"},
				"south": {"uv": [10.5, 5, 11, 6], "rotation": 180, "texture": "#1"},
				"west": {"uv": [3, 10.5, 4, 11.5], "rotation": 180, "texture": "#1"},
				"up": {"uv": [11, 10.5, 10.5, 11.5], "texture": "#1"},
				"down": {"uv": [10.5, 11.5, 10, 10.5], "texture": "#1"}
			}
		},
		{
			"from": [5.4, -2.75, 6.85],
			"to": [6.65, -2.25, 7.65],
			"rotation": {"angle": 0, "axis": "x", "origin": [2.8125, -1, 8]},
			"faces": {
				"north": {"uv": [0, 12, 0.5, 12.5], "rotation": 180, "texture": "#1"},
				"east": {"uv": [11.5, 11.5, 12, 12], "rotation": 180, "texture": "#1"},
				"south": {"uv": [11.5, 11, 12, 11.5], "rotation": 180, "texture": "#1"},
				"west": {"uv": [12, 0, 12.5, 0.5], "rotation": 180, "texture": "#1"},
				"up": {"uv": [12.5, 0.5, 12, 1], "texture": "#1"},
				"down": {"uv": [1, 12.5, 0.5, 12], "texture": "#1"}
			}
		},
		{
			"from": [5.4, 0.25, 6.85],
			"to": [6.65, 0.75, 7.65],
			"rotation": {"angle": 0, "axis": "x", "origin": [2.8125, -1, 8]},
			"faces": {
				"north": {"uv": [1.5, 12, 2, 12.5], "rotation": 180, "texture": "#1"},
				"east": {"uv": [12, 1, 12.5, 1.5], "rotation": 180, "texture": "#1"},
				"south": {"uv": [1, 12, 1.5, 12.5], "rotation": 180, "texture": "#1"},
				"west": {"uv": [12, 1.5, 12.5, 2], "rotation": 180, "texture": "#1"},
				"up": {"uv": [12.5, 2, 12, 2.5], "texture": "#1"},
				"down": {"uv": [2.5, 12.5, 2, 12], "texture": "#1"}
			}
		},
		{
			"from": [5.4, -2.75, 8.35],
			"to": [6.65, -2.25, 9.15],
			"rotation": {"angle": 0, "axis": "x", "origin": [2.8125, -1, 8]},
			"faces": {
				"north": {"uv": [4.5, 12, 5, 12.5], "rotation": 180, "texture": "#1"},
				"east": {"uv": [12, 4, 12.5, 4.5], "rotation": 180, "texture": "#1"},
				"south": {"uv": [4, 12, 4.5, 12.5], "rotation": 180, "texture": "#1"},
				"west": {"uv": [12, 4.5, 12.5, 5], "rotation": 180, "texture": "#1"},
				"up": {"uv": [12.5, 5, 12, 5.5], "texture": "#1"},
				"down": {"uv": [5.5, 12.5, 5, 12], "texture": "#1"}
			}
		},
		{
			"from": [5.4, 0.25, 8.35],
			"to": [6.65, 0.75, 9.15],
			"rotation": {"angle": 0, "axis": "x", "origin": [2.8125, -1, 8]},
			"faces": {
				"north": {"uv": [3, 12, 3.5, 12.5], "rotation": 180, "texture": "#1"},
				"east": {"uv": [12, 2.5, 12.5, 3], "rotation": 180, "texture": "#1"},
				"south": {"uv": [2.5, 12, 3, 12.5], "rotation": 180, "texture": "#1"},
				"west": {"uv": [12, 3, 12.5, 3.5], "rotation": 180, "texture": "#1"},
				"up": {"uv": [12.5, 3.5, 12, 4], "texture": "#1"},
				"down": {"uv": [4, 12.5, 3.5, 12], "texture": "#1"}
			}
		}
	],
	"display": {
		"thirdperson_righthand": {
			"rotation": [90, 0, 0],
			"translation": [0, -2, 14.85],
			"scale": [1.5, 1.5, 1.5]
		},
		"thirdperson_lefthand": {
			"rotation": [90, 0, 0],
			"translation": [-12, -2, 9.85],
			"scale": [0, 0, 0]
		},
		"firstperson_righthand": {
			"rotation": [149.97, 7.2, -36.04],
			"translation": [-3, -7, -2.25],
			"scale": [2, 2, 2]
		},
		"firstperson_lefthand": {
			"rotation": [90, 0, 0],
			"translation": [-9, 3, -9.5]
		}
	},
	"groups": [
		{
			"name": "Head",
			"origin": [8, 24, 8],
			"color": 0,
			"children": []
		},
		{
			"name": "Body",
			"origin": [8, 24, 8],
			"color": 0,
			"children": []
		},
		{
			"name": "RightArm",
			"origin": [13, 22, 8],
			"color": 0,
			"children": [0, 1]
		},
		{
			"name": "LeftArm",
			"origin": [3, 22, 8],
			"color": 0,
			"children": []
		},
		{
			"name": "RightLeg",
			"origin": [9.9, 12, 8],
			"color": 0,
			"children": []
		},
		{
			"name": "LeftLeg",
			"origin": [6.1, 12, 8],
			"color": 0,
			"children": []
		},
		{
			"name": "ult",
			"origin": [0, 0, 0],
			"color": 0,
			"children": [2, 3, 4, 5, 6, 7, 8, 9, 10, 11, 12, 13, 14, 15, 16, 17, 18, 19]
		}
	]
}