{
	"credit": "Made with Blockbench",
	"parent": "diamond_sword",
	"texture_size": [64, 64],
	"textures": {
		"0": "item/diamond_sword",
		"particle": "item/diamond_sword"
	},
	"elements": [
		{
			"from": [7.5, 2, 7.25],
			"to": [8.5, 7, 8.75],
			"rotation": {"angle": 0, "axis": "y", "origin": [8, 9.0625, 8]},
			"faces": {
				"north": {"uv": [3.25, 4.25, 3.5, 5.5], "texture": "#0"},
				"east": {"uv": [2.25, 4.25, 2.75, 5.5], "texture": "#0"},
				"south": {"uv": [4.5, 1.5, 4.75, 2.75], "texture": "#0"},
				"west": {"uv": [2.75, 4.25, 3.25, 5.5], "texture": "#0"},
				"up": {"uv": [5.5, 2.75, 5.25, 2.25], "texture": "#0"},
				"down": {"uv": [5.5, 2.75, 5.25, 3.25], "texture": "#0"}
			}
		},
		{
			"from": [7, 0, 7],
			"to": [9, 2, 9],
			"rotation": {"angle": 0, "axis": "y", "origin": [8, 9.0625, 8]},
			"faces": {
				"north": {"uv": [3.5, 4.5, 4, 5], "texture": "#0"},
				"east": {"uv": [4.25, 4.5, 4.75, 5], "texture": "#0"},
				"south": {"uv": [4.75, 1.5, 5.25, 2], "texture": "#0"},
				"west": {"uv": [4.75, 2, 5.25, 2.5], "texture": "#0"},
				"up": {"uv": [5.25, 3, 4.75, 2.5], "texture": "#0"},
				"down": {"uv": [5.25, 4.5, 4.75, 5], "texture": "#0"}
			}
		},
		{
			"from": [7.9, 9, 6],
			"to": [8.1, 23.5, 10],
			"rotation": {"angle": 0, "axis": "y", "origin": [8, 9.0625, 8]},
			"faces": {
				"north": {"uv": [4, 3, 4.25, 6.75], "texture": "#0"},
				"east": {"uv": [0, 0, 1, 3.75], "texture": "#0"},
				"south": {"uv": [2, 4.25, 2.25, 8], "texture": "#0"},
				"west": {"uv": [1, 0, 2, 3.75], "texture": "#0"},
				"up": {"uv": [5.25, 4, 5, 3], "texture": "#0"},
				"down": {"uv": [3.75, 5, 3.5, 6], "texture": "#0"}
			}
		},
		{
			"from": [7.75, 9, 6.5],
			"to": [8.25, 25.75, 9.5],
			"rotation": {"angle": 0, "axis": "y", "origin": [8, 9.0625, 8]},
			"faces": {
				"north": {"uv": [1, 3.75, 1.25, 8], "texture": "#0"},
				"east": {"uv": [2, 0, 2.75, 4.25], "texture": "#0"},
				"south": {"uv": [1.25, 3.75, 1.5, 8], "texture": "#0"},
				"west": {"uv": [2.75, 0, 3.5, 4.25], "texture": "#0"},
				"up": {"uv": [4, 5.75, 3.75, 5], "texture": "#0"},
				"down": {"uv": [5.5, 1.5, 5.25, 2.25], "texture": "#0"}
			}
		},
		{
			"from": [7.5, 9, 7.25],
			"to": [8.5, 27.25, 8.75],
			"rotation": {"angle": 0, "axis": "y", "origin": [8, 9.0625, 8]},
			"faces": {
				"north": {"uv": [0.5, 3.75, 0.75, 8.25], "texture": "#0"},
				"east": {"uv": [3.5, 0, 4, 4.5], "texture": "#0"},
				"south": {"uv": [0.75, 3.75, 1, 8.25], "texture": "#0"},
				"west": {"uv": [0, 3.75, 0.5, 8.25], "texture": "#0"},
				"up": {"uv": [5.5, 3.75, 5.25, 3.25], "texture": "#0"},
				"down": {"uv": [5.5, 4.5, 5.25, 5], "texture": "#0"}
			}
		},
		{
			"from": [7.25, 7, 4],
			"to": [8.75, 9, 12],
			"rotation": {"angle": 0, "axis": "y", "origin": [8, 9.0625, 8]},
			"faces": {
				"north": {"uv": [5, 4, 5.5, 4.5], "texture": "#0"},
				"east": {"uv": [4, 0, 6, 0.5], "texture": "#0"},
				"south": {"uv": [4.25, 5, 4.75, 5.5], "texture": "#0"},
				"west": {"uv": [4, 0.5, 6, 1], "texture": "#0"},
				"up": {"uv": [2, 5.75, 1.5, 3.75], "texture": "#0"},
				"down": {"uv": [4.5, 1, 4, 3], "texture": "#0"}
			}
		},
		{
			"from": [6.75, 7.25, 7.25],
			"to": [9.25, 8.75, 8.75],
			"rotation": {"angle": 0, "axis": "y", "origin": [8, 9.0625, 8]},
			"faces": {
				"north": {"uv": [4.25, 3, 5, 3.5], "texture": "#0"},
				"east": {"uv": [4.75, 5, 5.25, 5.5], "texture": "#0"},
				"south": {"uv": [4.25, 3.5, 5, 4], "texture": "#0"},
				"west": {"uv": [5.25, 1, 5.75, 1.5], "texture": "#0"},
				"up": {"uv": [5, 4.5, 4.25, 4], "texture": "#0"},
				"down": {"uv": [5.25, 1, 4.5, 1.5], "texture": "#0"}
			}
		}
	],
	"display": {
		"thirdperson_righthand": {
			"translation": [0, 0.75, 1.5],
			"scale": [0.5, 0.75, 0.75]
		},
		"thirdperson_lefthand": {
			"translation": [0, 0.75, 1.5],
			"scale": [0.5, 0.75, 0.75]
		},
		"firstperson_righthand": {
			"rotation": [-15, 15, 0],
			"translation": [4.25, 0.25, -2.5],
			"scale": [0.5, 0.75, 0.75]
		},
		"firstperson_lefthand": {
			"rotation": [-15, 15, 0],
			"translation": [4.25, 0.25, -2.5],
			"scale": [0.5, 0.75, 0.75]
		},
		"ground": {
			"rotation": [45, 45, 0],
			"translation": [0, 1, 0],
			"scale": [0.5, 0.75, 0.75]
		},
		"gui": {
			"rotation": [90, 45, -90],
			"translation": [-2.75, -2.75, 0],
			"scale": [0.5, 0.75, 0.75]
		}
	},
	"groups": [
		{
			"name": "Sword",
			"origin": [0, 0, 0],
			"color": 0,
			"children": [0, 1, 2, 3, 4, 5, 6]
		}
	]
}