{
	"credit": "Made with Blockbench",
	"texture_size": [64, 64],
	"textures": {
		"0": "item/judge",
		"1": "item/shell",
		"particle": "item/judge"
	},
	"elements": [
		{
			"from": [7, 5.25, 6],
			"to": [9, 7.25, 23],
			"rotation": {"angle": 0, "axis": "x", "origin": [8, 5.84233, 7.25]},
			"faces": {
				"north": {"uv": [1, 6.5, 1.5, 7], "texture": "#0"},
				"east": {"uv": [0, 2, 4.25, 2.5], "texture": "#0"},
				"south": {"uv": [6.5, 2, 7, 2.5], "texture": "#0"},
				"west": {"uv": [0, 2.5, 4.25, 3], "texture": "#0"},
				"up": {"uv": [0.5, 7.25, 0, 3], "texture": "#0"},
				"down": {"uv": [1, 3, 0.5, 7.25], "texture": "#0"}
			}
		},
		{
			"from": [7.4, -1.8661, 12.41043],
			"to": [8.6, 1.1339, 14.41043],
			"rotation": {"angle": -22.5, "axis": "x", "origin": [8, 5.84233, 7.25]},
			"faces": {
				"north": {"uv": [1.25, 7, 1.5, 7.75], "texture": "#0"},
				"east": {"uv": [6, 2, 6.5, 2.75], "texture": "#0"},
				"south": {"uv": [2.5, 7, 2.75, 7.75], "texture": "#0"},
				"west": {"uv": [6, 4, 6.5, 4.75], "texture": "#0"},
				"up": {"uv": [3.5, 5.5, 3.25, 5], "texture": "#0"},
				"down": {"uv": [7.5, 0, 7.25, 0.5], "texture": "#0"}
			}
		},
		{
			"from": [8.25, 7.25, -4.5],
			"to": [9, 8.75, 14.25],
			"rotation": {"angle": 0, "axis": "y", "origin": [8, 5.84233, 7.25]},
			"faces": {
				"north": {"uv": [0.5, 7.25, 0.75, 7.75], "texture": "#0"},
				"east": {"uv": [0, 0, 4.75, 0.5], "texture": "#0"},
				"south": {"uv": [7.25, 0.5, 7.5, 1], "texture": "#0"},
				"west": {"uv": [0, 0.5, 4.75, 1], "texture": "#0"},
				"up": {"uv": [1.75, 8.75, 1.5, 4], "texture": "#0"},
				"down": {"uv": [2, 4, 1.75, 8.75], "texture": "#0"}
			}
		},
		{
			"from": [7.75, 7.25, -4.5],
			"to": [8.25, 8.75, 2.25],
			"rotation": {"angle": 0, "axis": "y", "origin": [8, 5.84233, 7.25]},
			"faces": {
				"north": {"uv": [0.75, 7.25, 1, 7.75], "texture": "#0"},
				"east": {"uv": [5, 3, 6.75, 3.5], "texture": "#0"},
				"south": {"uv": [7.25, 1, 7.5, 1.5], "texture": "#0"},
				"west": {"uv": [5, 3.5, 6.75, 4], "texture": "#0"},
				"up": {"uv": [4.75, 7.75, 4.5, 6], "texture": "#0"},
				"down": {"uv": [3.75, 6.25, 3.5, 8], "texture": "#0"}
			}
		},
		{
			"from": [7.75, 7.25, 10.5],
			"to": [8.25, 8.75, 14.25],
			"rotation": {"angle": 0, "axis": "y", "origin": [8, 5.84233, 7.25]},
			"faces": {
				"north": {"uv": [7.25, 1.5, 7.5, 2], "texture": "#0"},
				"east": {"uv": [5.75, 0, 6.75, 0.5], "texture": "#0"},
				"south": {"uv": [7.25, 2.75, 7.5, 3.25], "texture": "#0"},
				"west": {"uv": [5.75, 0.5, 6.75, 1], "texture": "#0"},
				"up": {"uv": [4, 7.25, 3.75, 6.25], "texture": "#0"},
				"down": {"uv": [6.5, 6.5, 6.25, 7.5], "texture": "#0"}
			}
		},
		{
			"from": [7.75, 7.25, 2.25],
			"to": [8.25, 8.25, 10.5],
			"rotation": {"angle": 0, "axis": "y", "origin": [8, 5.84233, 7.25]},
			"faces": {
				"north": {"uv": [3, 6, 3.25, 6.25], "texture": "#0"},
				"east": {"uv": [5, 4.75, 7, 5], "texture": "#0"},
				"south": {"uv": [7.5, 3, 7.75, 3.25], "texture": "#0"},
				"west": {"uv": [5.25, 2.75, 7.25, 3], "texture": "#0"},
				"up": {"uv": [5, 7.75, 4.75, 5.75], "texture": "#0"},
				"down": {"uv": [5.25, 5.75, 5, 7.75], "texture": "#0"}
			}
		},
		{
			"from": [7.75, 9.5, 2],
			"to": [8.25, 9.75, 3],
			"rotation": {"angle": 0, "axis": "y", "origin": [8, 9, 2.625]},
			"faces": {
				"north": {"uv": [7.5, 5, 7.75, 5.25], "texture": "#0"},
				"east": {"uv": [6.25, 7.5, 6.5, 7.75], "texture": "#0"},
				"south": {"uv": [7.5, 6.75, 7.75, 7], "texture": "#0"},
				"west": {"uv": [7.5, 7, 7.75, 7.25], "texture": "#0"},
				"up": {"uv": [7.5, 7.75, 7.25, 7.5], "texture": "#0"},
				"down": {"uv": [7.75, 7.25, 7.5, 7.5], "texture": "#0"}
			}
		},
		{
			"from": [7.75, 8.25, 2.25],
			"to": [8.25, 9.5, 3],
			"rotation": {"angle": 0, "axis": "y", "origin": [8, 9, 2.625]},
			"faces": {
				"north": {"uv": [7.5, 7.5, 7.75, 7.75], "texture": "#0"},
				"east": {"uv": [7.75, 0, 8, 0.25], "texture": "#0"},
				"south": {"uv": [7.75, 0.25, 8, 0.5], "texture": "#0"},
				"west": {"uv": [0.5, 7.75, 0.75, 8], "texture": "#0"},
				"up": {"uv": [8, 0.75, 7.75, 0.5], "texture": "#0"},
				"down": {"uv": [1, 7.75, 0.75, 8], "texture": "#0"}
			}
		},
		{
			"from": [7, 7.25, -4.5],
			"to": [7.75, 8.75, 14.25],
			"rotation": {"angle": 0, "axis": "y", "origin": [8, 5.84233, 7.25]},
			"faces": {
				"north": {"uv": [3, 7.25, 3.25, 7.75], "texture": "#0"},
				"east": {"uv": [0, 1, 4.75, 1.5], "texture": "#0"},
				"south": {"uv": [3.25, 7.25, 3.5, 7.75], "texture": "#0"},
				"west": {"uv": [0, 1.5, 4.75, 2], "texture": "#0"},
				"up": {"uv": [2.25, 8.75, 2, 4], "texture": "#0"},
				"down": {"uv": [2.5, 4, 2.25, 8.75], "texture": "#0"}
			}
		},
		{
			"from": [7.5, 8.75, 12.25],
			"to": [7.75, 10, 13],
			"rotation": {"angle": 0, "axis": "y", "origin": [8, 5.84233, 7.25]},
			"faces": {
				"north": {"uv": [7.75, 0.75, 8, 1], "texture": "#0"},
				"east": {"uv": [7.75, 1, 8, 1.25], "texture": "#0"},
				"south": {"uv": [1.25, 7.75, 1.5, 8], "texture": "#0"},
				"west": {"uv": [7.75, 1.25, 8, 1.5], "texture": "#0"},
				"up": {"uv": [8, 1.75, 7.75, 1.5], "texture": "#0"},
				"down": {"uv": [8, 1.75, 7.75, 2], "texture": "#0"}
			}
		},
		{
			"from": [7.75, 8.75, -4.25],
			"to": [8.25, 10, -3.5],
			"rotation": {"angle": 0, "axis": "y", "origin": [8, 5.84233, 7.25]},
			"faces": {
				"north": {"uv": [7.75, 2, 8, 2.25], "texture": "#0"},
				"east": {"uv": [7.75, 2.25, 8, 2.5], "texture": "#0"},
				"south": {"uv": [2.5, 7.75, 2.75, 8], "texture": "#0"},
				"west": {"uv": [7.75, 2.5, 8, 2.75], "texture": "#0"},
				"up": {"uv": [3, 8, 2.75, 7.75], "texture": "#0"},
				"down": {"uv": [8, 2.75, 7.75, 3], "texture": "#0"}
			}
		},
		{
			"from": [8.25, 8.75, 12.25],
			"to": [8.5, 10, 13],
			"rotation": {"angle": 0, "axis": "y", "origin": [8, 5.84233, 7.25]},
			"faces": {
				"north": {"uv": [3, 7.75, 3.25, 8], "texture": "#0"},
				"east": {"uv": [7.75, 3, 8, 3.25], "texture": "#0"},
				"south": {"uv": [3.25, 7.75, 3.5, 8], "texture": "#0"},
				"west": {"uv": [7.75, 3.25, 8, 3.5], "texture": "#0"},
				"up": {"uv": [8, 3.75, 7.75, 3.5], "texture": "#0"},
				"down": {"uv": [4, 7.75, 3.75, 8], "texture": "#0"}
			}
		},
		{
			"from": [7.75, 8.9, 12.25],
			"to": [8.25, 9.15, 13],
			"rotation": {"angle": 0, "axis": "y", "origin": [8, 5.84233, 7.25]},
			"faces": {
				"north": {"uv": [7.75, 3.75, 8, 4], "texture": "#0"},
				"east": {"uv": [4, 7.75, 4.25, 8], "texture": "#0"},
				"south": {"uv": [7.75, 4, 8, 4.25], "texture": "#0"},
				"west": {"uv": [4.25, 7.75, 4.5, 8], "texture": "#0"},
				"up": {"uv": [8, 4.5, 7.75, 4.25], "texture": "#0"},
				"down": {"uv": [4.75, 7.75, 4.5, 8], "texture": "#0"}
			}
		},
		{
			"from": [7.75, 9.55, 12.25],
			"to": [8.25, 9.8, 13],
			"rotation": {"angle": 0, "axis": "y", "origin": [8, 5.84233, 7.25]},
			"faces": {
				"north": {"uv": [7.75, 4.5, 8, 4.75], "texture": "#0"},
				"east": {"uv": [4.75, 7.75, 5, 8], "texture": "#0"},
				"south": {"uv": [7.75, 4.75, 8, 5], "texture": "#0"},
				"west": {"uv": [5, 7.75, 5.25, 8], "texture": "#0"},
				"up": {"uv": [8, 5.25, 7.75, 5], "texture": "#0"},
				"down": {"uv": [5.5, 7.75, 5.25, 8], "texture": "#0"}
			}
		},
		{
			"from": [7.25, 5.39896, 13.89896],
			"to": [8.75, 6.89896, 18.14896],
			"rotation": {"angle": 22.5, "axis": "x", "origin": [8, 7.39896, 18.52396]},
			"faces": {
				"north": {"uv": [6.5, 4, 7, 4.5], "texture": "#0"},
				"east": {"uv": [5.75, 1, 6.75, 1.5], "texture": "#0"},
				"south": {"uv": [6.5, 6.5, 7, 7], "texture": "#0"},
				"west": {"uv": [5.75, 1.5, 6.75, 2], "texture": "#0"},
				"up": {"uv": [6.25, 6, 5.75, 5], "texture": "#0"},
				"down": {"uv": [5.75, 5.75, 5.25, 6.75], "texture": "#0"}
			}
		},
		{
			"from": [7.1, 5.5, -4],
			"to": [8.9, 7.25, 6],
			"rotation": {"angle": 0, "axis": "y", "origin": [8, 5.84233, 7.25]},
			"faces": {
				"north": {"uv": [6.75, 0, 7.25, 0.5], "texture": "#0"},
				"east": {"uv": [1, 3, 3.5, 3.5], "texture": "#0"},
				"south": {"uv": [6.75, 0.5, 7.25, 1], "texture": "#0"},
				"west": {"uv": [1, 3.5, 3.5, 4], "texture": "#0"},
				"up": {"uv": [4, 5.5, 3.5, 3], "texture": "#0"},
				"down": {"uv": [1.5, 4, 1, 6.5], "texture": "#0"}
			}
		},
		{
			"from": [8.74537, 6.5877, -5.75],
			"to": [9.74537, 7.5877, -4],
			"rotation": {"angle": 45, "axis": "z", "origin": [8, 5.84233, 7.25]},
			"faces": {
				"north": {"uv": [7.75, 5.25, 8, 5.5], "texture": "#0"},
				"east": {"uv": [7.25, 3.25, 7.75, 3.5], "texture": "#0"},
				"south": {"uv": [5.5, 7.75, 5.75, 8], "texture": "#0"},
				"west": {"uv": [7.25, 3.5, 7.75, 3.75], "texture": "#0"},
				"up": {"uv": [4, 7.75, 3.75, 7.25], "texture": "#0"},
				"down": {"uv": [7.5, 4.75, 7.25, 5.25], "texture": "#0"}
			}
		},
		{
			"from": [7.89537, 5.7377, -5.25],
			"to": [8.59537, 6.4377, -4],
			"rotation": {"angle": 45, "axis": "z", "origin": [8, 5.84233, 7.25]},
			"faces": {
				"north": {"uv": [7.75, 5.5, 8, 5.75], "texture": "#0"},
				"east": {"uv": [5.75, 7.75, 6, 8], "texture": "#0"},
				"south": {"uv": [7.75, 5.75, 8, 6], "texture": "#0"},
				"west": {"uv": [6, 7.75, 6.25, 8], "texture": "#0"},
				"up": {"uv": [8, 6.25, 7.75, 6], "texture": "#0"},
				"down": {"uv": [6.5, 7.75, 6.25, 8], "texture": "#0"}
			}
		},
		{
			"from": [6.9, 3.25, 21.15],
			"to": [9.1, 7.6, 23.15],
			"rotation": {"angle": 0, "axis": "y", "origin": [8, 5.84233, 7.25]},
			"faces": {
				"north": {"uv": [2.5, 6, 3, 7], "texture": "#0"},
				"east": {"uv": [4, 6, 4.5, 7], "texture": "#0"},
				"south": {"uv": [5.75, 6, 6.25, 7], "texture": "#0"},
				"west": {"uv": [3, 6.25, 3.5, 7.25], "texture": "#0"},
				"up": {"uv": [7.25, 1.5, 6.75, 1], "texture": "#0"},
				"down": {"uv": [7.25, 1.5, 6.75, 2], "texture": "#0"}
			}
		},
		{
			"from": [7.5, 3.25, 14],
			"to": [8.5, 5.25, 16],
			"rotation": {"angle": 0, "axis": "y", "origin": [8, 5.84233, 7.25]},
			"faces": {
				"north": {"uv": [6.5, 7.25, 6.75, 7.75], "texture": "#0"},
				"east": {"uv": [6.75, 3, 7.25, 3.5], "texture": "#0"},
				"south": {"uv": [6.75, 7.25, 7, 7.75], "texture": "#0"},
				"west": {"uv": [6.75, 3.5, 7.25, 4], "texture": "#0"},
				"up": {"uv": [7.25, 7.75, 7, 7.25], "texture": "#0"},
				"down": {"uv": [7.5, 7, 7.25, 7.5], "texture": "#0"}
			}
		},
		{
			"from": [7.5, 3.5, 11.5],
			"to": [8.5, 4, 14],
			"rotation": {"angle": 0, "axis": "y", "origin": [8, 5.84233, 7.25]},
			"faces": {
				"north": {"uv": [7.75, 6.25, 8, 6.5], "texture": "#0"},
				"east": {"uv": [7, 2, 7.75, 2.25], "texture": "#0"},
				"south": {"uv": [6.5, 7.75, 6.75, 8], "texture": "#0"},
				"west": {"uv": [7, 2.25, 7.75, 2.5], "texture": "#0"},
				"up": {"uv": [3, 7.75, 2.75, 7], "texture": "#0"},
				"down": {"uv": [4.25, 7, 4, 7.75], "texture": "#0"}
			}
		},
		{
			"from": [7.5, 3.5, 11],
			"to": [8.5, 5.5, 11.5],
			"rotation": {"angle": 0, "axis": "y", "origin": [8, 5.84233, 7.25]},
			"faces": {
				"north": {"uv": [0, 7.5, 0.25, 8], "texture": "#0"},
				"east": {"uv": [7.5, 0, 7.75, 0.5], "texture": "#0"},
				"south": {"uv": [0.25, 7.5, 0.5, 8], "texture": "#0"},
				"west": {"uv": [7.5, 0.5, 7.75, 1], "texture": "#0"},
				"up": {"uv": [8, 6.75, 7.75, 6.5], "texture": "#0"},
				"down": {"uv": [7, 7.75, 6.75, 8], "texture": "#0"}
			}
		},
		{
			"from": [7.75, 6.62438, 13.11281],
			"to": [8.25, 8.12438, 13.36281],
			"rotation": {"angle": 22.5, "axis": "x", "origin": [8, 5.84233, 7.25]},
			"faces": {
				"north": {"uv": [7.5, 1, 7.75, 1.5], "texture": "#0"},
				"east": {"uv": [7.5, 1.5, 7.75, 2], "texture": "#0"},
				"south": {"uv": [7.5, 2.5, 7.75, 3], "texture": "#0"},
				"west": {"uv": [7.5, 4.5, 7.75, 5], "texture": "#0"},
				"up": {"uv": [8, 7, 7.75, 6.75], "texture": "#0"},
				"down": {"uv": [7.25, 7.75, 7, 8], "texture": "#0"}
			}
		},
		{
			"from": [6.35, 5.7, 7.25],
			"to": [7.65, 6.1, 9.75],
			"rotation": {"angle": 22.5, "axis": "z", "origin": [7, 5.8, 8.5]},
			"faces": {
				"north": {"uv": [7.75, 7, 8, 7.25], "texture": "#0"},
				"east": {"uv": [7, 4, 7.75, 4.25], "texture": "#0"},
				"south": {"uv": [7.25, 7.75, 7.5, 8], "texture": "#0"},
				"west": {"uv": [7, 4.25, 7.75, 4.5], "texture": "#0"},
				"up": {"uv": [4.5, 7.75, 4.25, 7], "texture": "#0"},
				"down": {"uv": [7.25, 4.75, 7, 5.5], "texture": "#0"}
			}
		},
		{
			"from": [8.75, 4, 7.25],
			"to": [9.75, 5, 9.75],
			"faces": {
				"north": {"uv": [2, 4, 3, 5], "texture": "#1"},
				"east": {"uv": [0, 0, 2.925, 0.95], "texture": "#1"},
				"south": {"uv": [4, 4, 5, 5], "texture": "#1"},
				"west": {"uv": [0.1, 2, 2.975, 3], "texture": "#1"},
				"up": {"uv": [5, 3.025, 4, 0], "texture": "#1"},
				"down": {"uv": [0, 4, 1, 6.975], "texture": "#1"}
			}
		},
		{
			"from": [8.75, 2.75, 7.25],
			"to": [9.75, 3.75, 9.75],
			"faces": {
				"north": {"uv": [2, 4, 3, 5], "texture": "#1"},
				"east": {"uv": [0, 0, 2.925, 0.95], "texture": "#1"},
				"south": {"uv": [4, 4, 5, 5], "texture": "#1"},
				"west": {"uv": [0.1, 2, 2.975, 3], "texture": "#1"},
				"up": {"uv": [5, 3.025, 4, 0], "texture": "#1"},
				"down": {"uv": [0, 4, 1, 6.975], "texture": "#1"}
			}
		},
		{
			"from": [8.75, 1.5, 7.25],
			"to": [9.75, 2.5, 9.75],
			"faces": {
				"north": {"uv": [2, 4, 3, 5], "texture": "#1"},
				"east": {"uv": [0, 0, 2.925, 0.95], "texture": "#1"},
				"south": {"uv": [4, 4, 5, 5], "texture": "#1"},
				"west": {"uv": [0.1, 2, 2.975, 3], "texture": "#1"},
				"up": {"uv": [5, 3.025, 4, 0], "texture": "#1"},
				"down": {"uv": [0, 4, 1, 6.975], "texture": "#1"}
			}
		},
		{
			"from": [6.25, 1.5, 7.25],
			"to": [7.25, 2.5, 9.75],
			"faces": {
				"north": {"uv": [2, 4, 3, 5], "texture": "#1"},
				"east": {"uv": [0, 0, 2.925, 0.95], "texture": "#1"},
				"south": {"uv": [4, 4, 5, 5], "texture": "#1"},
				"west": {"uv": [0.1, 2, 2.975, 3], "texture": "#1"},
				"up": {"uv": [5, 3.025, 4, 0], "texture": "#1"},
				"down": {"uv": [0, 4, 1, 6.975], "texture": "#1"}
			}
		},
		{
			"from": [6.25, 2.75, 7.25],
			"to": [7.25, 3.75, 9.75],
			"faces": {
				"north": {"uv": [2, 4, 3, 5], "texture": "#1"},
				"east": {"uv": [0, 0, 2.925, 0.95], "texture": "#1"},
				"south": {"uv": [4, 4, 5, 5], "texture": "#1"},
				"west": {"uv": [0.1, 2, 2.975, 3], "texture": "#1"},
				"up": {"uv": [5, 3.025, 4, 0], "texture": "#1"},
				"down": {"uv": [0, 4, 1, 6.975], "texture": "#1"}
			}
		},
		{
			"from": [6.25, 4, 7.25],
			"to": [7.25, 5, 9.75],
			"faces": {
				"north": {"uv": [2, 4, 3, 5], "texture": "#1"},
				"east": {"uv": [0, 0, 2.925, 0.95], "texture": "#1"},
				"south": {"uv": [4, 4, 5, 5], "texture": "#1"},
				"west": {"uv": [0.1, 2, 2.975, 3], "texture": "#1"},
				"up": {"uv": [5, 3.025, 4, 0], "texture": "#1"},
				"down": {"uv": [0, 4, 1, 6.975], "texture": "#1"}
			}
		},
		{
			"from": [7.5, 1.5, 7.25],
			"to": [8.5, 2.5, 9.75],
			"faces": {
				"north": {"uv": [2, 4, 3, 5], "texture": "#1"},
				"east": {"uv": [0, 0, 2.925, 0.95], "texture": "#1"},
				"south": {"uv": [4, 4, 5, 5], "texture": "#1"},
				"west": {"uv": [0.1, 2, 2.975, 3], "texture": "#1"},
				"up": {"uv": [5, 3.025, 4, 0], "texture": "#1"},
				"down": {"uv": [0, 4, 1, 6.975], "texture": "#1"}
			}
		},
		{
			"from": [6, 1.25, 9.75],
			"to": [10, 5.25, 10.5],
			"faces": {
				"north": {"uv": [2.5, 4, 3.5, 5], "texture": "#0"},
				"east": {"uv": [6.75, 5, 7, 6], "texture": "#0"},
				"south": {"uv": [4, 3, 5, 4], "texture": "#0"},
				"west": {"uv": [5.25, 6.75, 5.5, 7.75], "texture": "#0"},
				"up": {"uv": [7.5, 2.75, 6.5, 2.5], "texture": "#0"},
				"down": {"uv": [7.5, 4.5, 6.5, 4.75], "texture": "#0"}
			}
		},
		{
			"from": [6.1, 1.35, 7.25],
			"to": [9.9, 5.15, 9.75],
			"faces": {
				"north": {"uv": [4, 4, 5, 5], "texture": "#0"},
				"east": {"uv": [2.5, 5, 3.25, 6], "texture": "#0"},
				"south": {"uv": [4.25, 2, 5.25, 3], "texture": "#0"},
				"west": {"uv": [4, 5, 4.75, 6], "texture": "#0"},
				"up": {"uv": [6, 4.75, 5, 4], "texture": "#0"},
				"down": {"uv": [5.75, 5, 4.75, 5.75], "texture": "#0"}
			}
		},
		{
			"from": [6.8, 5.15, 7.25],
			"to": [9.2, 5.25, 9.75],
			"faces": {
				"north": {"uv": [7.25, 3.75, 7.75, 4], "texture": "#0"},
				"east": {"uv": [7, 5.5, 7.75, 5.75], "texture": "#0"},
				"south": {"uv": [7.25, 5.25, 7.75, 5.5], "texture": "#0"},
				"west": {"uv": [7, 5.75, 7.75, 6], "texture": "#0"},
				"up": {"uv": [6.75, 5.75, 6.25, 5], "texture": "#0"},
				"down": {"uv": [6.75, 5.75, 6.25, 6.5], "texture": "#0"}
			}
		},
		{
			"from": [6, 1.25, 6.5],
			"to": [10, 5.25, 7.25],
			"faces": {
				"north": {"uv": [4.75, 0, 5.75, 1], "texture": "#0"},
				"east": {"uv": [5.5, 6.75, 5.75, 7.75], "texture": "#0"},
				"south": {"uv": [4.75, 1, 5.75, 2], "texture": "#0"},
				"west": {"uv": [1, 7, 1.25, 8], "texture": "#0"},
				"up": {"uv": [7.75, 6.25, 6.75, 6], "texture": "#0"},
				"down": {"uv": [7.75, 6.25, 6.75, 6.5], "texture": "#0"}
			}
		},
		{
			"from": [6.5, 1.75, 6],
			"to": [9.5, 4.75, 6.5],
			"faces": {
				"north": {"uv": [5.25, 2, 6, 2.75], "texture": "#0"},
				"east": {"uv": [5.75, 7, 6, 7.75], "texture": "#0"},
				"south": {"uv": [3.25, 5.5, 4, 6.25], "texture": "#0"},
				"west": {"uv": [6, 7, 6.25, 7.75], "texture": "#0"},
				"up": {"uv": [7.25, 7.25, 6.5, 7], "texture": "#0"},
				"down": {"uv": [7.75, 6.5, 7, 6.75], "texture": "#0"}
			}
		},
		{
			"from": [7.25, 2.5, 7.25],
			"to": [8.75, 5.5, 9.75],
			"faces": {
				"north": {"uv": [3.75, 0.5, 3.375, 0.625], "texture": "#0"},
				"east": {"uv": [2.5, 0.5, 3.125, 0.625], "texture": "#0"},
				"south": {"uv": [2.5, 0.5, 2.875, 0.625], "texture": "#0"},
				"west": {"uv": [2.5, 0.5, 3.125, 0.625], "texture": "#0"},
				"up": {"uv": [2.5, 0.5, 3.125, 0.625], "texture": "#0"},
				"down": {"uv": [1.75, 0.5, 2.625, 0.625], "texture": "#0"}
			}
		}
	],
	"gui_light": "front",
	"display": {
		"thirdperson_righthand": {
			"translation": [-2, 1.75, -2.25],
			"scale": [0.75, 0.75, 0.75]
		},
		"thirdperson_lefthand": {
			"translation": [-2, 1.75, -2.25],
			"scale": [0.75, 0.75, 0.75]
		},
		"firstperson_righthand": {
			"translation": [-0.25, 5, -2.5]
		},
		"firstperson_lefthand": {
			"translation": [-0.25, 5, -2.5]
		},
		"ground": {
			"translation": [0, 5.5, 0]
		},
		"gui": {
			"rotation": [0, -90, 0],
			"translation": [0.25, 0, 0],
			"scale": [0.53, 0.53, 0.53]
		},
		"head": {
			"scale": [0, 0, 0]
		},
		"fixed": {
			"rotation": [90, 80, 90],
			"translation": [-1.75, -6.75, -2.5],
			"scale": [2.5625, 2.5625, 2.5625]
		}
	},
	"groups": [
		{
			"name": "judge",
			"origin": [8, 8, 8],
			"color": 0,
			"children": [
				{
					"name": "Main",
					"origin": [8, 5.84233, 7.25],
					"color": 0,
					"children": [
						0,
						1,
						2,
						3,
						4,
						5,
						{
							"name": "slide",
							"origin": [8, 9, 2.625],
							"color": 0,
							"children": [6, 7]
						},
						8,
						9,
						10,
						11,
						12,
						13,
						14,
						15,
						16,
						17,
						18,
						19,
						20,
						21,
						22,
						23
					]
				},
				{
					"name": "Magazine",
					"origin": [8, 5.84233, 7.25],
					"color": 0,
					"children": [24, 25, 26, 27, 28, 29, 30, 31, 32, 33, 34, 35, 36]
				}
			]
		}
	]
}