{
	"credit": "Made with Blockbench",
	"textures": {
		"0": "item/tactical_knife",
		"particle": "item/tactical_knife"
	},
	"elements": [
		{
			"from": [7.95, 0.5, 2],
			"to": [8.05, 1, 8],
			"rotation": {"angle": 0, "axis": "y", "origin": [8, 2.1, 8]},
			"faces": {
				"north": {"uv": [11, 11, 12, 12], "texture": "#0"},
				"east": {"uv": [2, 2, 8, 3], "texture": "#0"},
				"south": {"uv": [12, 0, 13, 1], "texture": "#0"},
				"west": {"uv": [2, 3, 8, 4], "texture": "#0"},
				"up": {"uv": [3, 10, 2, 4], "texture": "#0"},
				"down": {"uv": [4, 4, 3, 10], "texture": "#0"}
			}
		},
		{
			"from": [7.95, 1, 0.75],
			"to": [8.05, 1.5, 8],
			"rotation": {"angle": 0, "axis": "y", "origin": [8, 2.1, 8]},
			"faces": {
				"north": {"uv": [12, 1, 13, 2], "texture": "#0"},
				"east": {"uv": [0, 0, 7, 1], "texture": "#0"},
				"south": {"uv": [12, 2, 13, 3], "texture": "#0"},
				"west": {"uv": [0, 1, 7, 2], "texture": "#0"},
				"up": {"uv": [1, 9, 0, 2], "texture": "#0"},
				"down": {"uv": [2, 2, 1, 9], "texture": "#0"}
			}
		},
		{
			"from": [7.9, 0.9, 7.5],
			"to": [8.1, 2.1, 12.9],
			"rotation": {"angle": 0, "axis": "y", "origin": [8, 2.1, 8]},
			"faces": {
				"north": {"uv": [13, 3, 14, 4], "texture": "#0"},
				"east": {"uv": [4, 4, 9, 5], "texture": "#0"},
				"south": {"uv": [13, 4, 14, 5], "texture": "#0"},
				"west": {"uv": [4, 5, 9, 6], "texture": "#0"},
				"up": {"uv": [5, 11, 4, 6], "texture": "#0"},
				"down": {"uv": [6, 6, 5, 11], "texture": "#0"}
			}
		},
		{
			"from": [7.95, 1.7, 11.4],
			"to": [8.05, 1.9, 12.8],
			"rotation": {"angle": -22.5, "axis": "x", "origin": [8, 2.2, 11.4]},
			"faces": {
				"north": {"uv": [10, 14, 11, 15], "texture": "#0"},
				"east": {"uv": [14, 10, 15, 11], "texture": "#0"},
				"south": {"uv": [11, 14, 12, 15], "texture": "#0"},
				"west": {"uv": [14, 11, 15, 12], "texture": "#0"},
				"up": {"uv": [13, 15, 12, 14], "texture": "#0"},
				"down": {"uv": [15, 12, 14, 13], "texture": "#0"}
			}
		},
		{
			"from": [7.95, 0.9, 12.75],
			"to": [8.05, 2.3, 12.95],
			"rotation": {"angle": 0, "axis": "x", "origin": [8, 2.2, 11.4]},
			"faces": {
				"north": {"uv": [13, 14, 14, 15], "texture": "#0"},
				"east": {"uv": [14, 13, 15, 14], "texture": "#0"},
				"south": {"uv": [14, 14, 15, 15], "texture": "#0"},
				"west": {"uv": [0, 15, 1, 16], "texture": "#0"},
				"up": {"uv": [16, 1, 15, 0], "texture": "#0"},
				"down": {"uv": [2, 15, 1, 16], "texture": "#0"}
			}
		},
		{
			"from": [7.85, 0.9, 7.7],
			"to": [8.15, 1.9, 12.7],
			"rotation": {"angle": 0, "axis": "y", "origin": [8, 2.1, 8]},
			"faces": {
				"north": {"uv": [3, 14, 4, 15], "texture": "#0"},
				"east": {"uv": [6, 6, 11, 7], "texture": "#0"},
				"south": {"uv": [14, 3, 15, 4], "texture": "#0"},
				"west": {"uv": [7, 0, 12, 1], "texture": "#0"},
				"up": {"uv": [7, 12, 6, 7], "texture": "#0"},
				"down": {"uv": [8, 7, 7, 12], "texture": "#0"}
			}
		},
		{
			"from": [7.8, 1.15, 7.95],
			"to": [8.2, 1.6, 8.4],
			"rotation": {"angle": 0, "axis": "y", "origin": [8, 2.1, 8]},
			"faces": {
				"north": {"uv": [4, 14, 5, 15], "texture": "#0"},
				"east": {"uv": [14, 4, 15, 5], "texture": "#0"},
				"south": {"uv": [5, 14, 6, 15], "texture": "#0"},
				"west": {"uv": [14, 5, 15, 6], "texture": "#0"},
				"up": {"uv": [7, 15, 6, 14], "texture": "#0"},
				"down": {"uv": [15, 6, 14, 7], "texture": "#0"}
			}
		},
		{
			"from": [7.8, 1.05, 11.95],
			"to": [8.2, 1.5, 12.4],
			"rotation": {"angle": 0, "axis": "y", "origin": [8, 2.1, 8]},
			"faces": {
				"north": {"uv": [7, 14, 8, 15], "texture": "#0"},
				"east": {"uv": [14, 7, 15, 8], "texture": "#0"},
				"south": {"uv": [8, 14, 9, 15], "texture": "#0"},
				"west": {"uv": [14, 8, 15, 9], "texture": "#0"},
				"up": {"uv": [10, 15, 9, 14], "texture": "#0"},
				"down": {"uv": [15, 9, 14, 10], "texture": "#0"}
			}
		},
		{
			"from": [7.9, 0.4, 7.5],
			"to": [8.1, 0.9, 8.4],
			"rotation": {"angle": 0, "axis": "y", "origin": [8, 2.1, 8]},
			"faces": {
				"north": {"uv": [5, 13, 6, 14], "texture": "#0"},
				"east": {"uv": [13, 5, 14, 6], "texture": "#0"},
				"south": {"uv": [6, 13, 7, 14], "texture": "#0"},
				"west": {"uv": [13, 6, 14, 7], "texture": "#0"},
				"up": {"uv": [8, 14, 7, 13], "texture": "#0"},
				"down": {"uv": [9, 13, 8, 14], "texture": "#0"}
			}
		},
		{
			"from": [7.9, 0.4, 12.25],
			"to": [8.1, 0.9, 13.15],
			"rotation": {"angle": 0, "axis": "y", "origin": [8, 2.1, 8]},
			"faces": {
				"north": {"uv": [13, 8, 14, 9], "texture": "#0"},
				"east": {"uv": [9, 13, 10, 14], "texture": "#0"},
				"south": {"uv": [13, 9, 14, 10], "texture": "#0"},
				"west": {"uv": [10, 13, 11, 14], "texture": "#0"},
				"up": {"uv": [14, 11, 13, 10], "texture": "#0"},
				"down": {"uv": [12, 13, 11, 14], "texture": "#0"}
			}
		},
		{
			"from": [7.9, 0.8, 8.4],
			"to": [8.1, 0.9, 12.25],
			"rotation": {"angle": 0, "axis": "y", "origin": [8, 2.1, 8]},
			"faces": {
				"north": {"uv": [13, 11, 14, 12], "texture": "#0"},
				"east": {"uv": [8, 3, 12, 4], "texture": "#0"},
				"south": {"uv": [12, 13, 13, 14], "texture": "#0"},
				"west": {"uv": [9, 4, 13, 5], "texture": "#0"},
				"up": {"uv": [2, 13, 1, 9], "texture": "#0"},
				"down": {"uv": [10, 7, 9, 11], "texture": "#0"}
			}
		},
		{
			"from": [7.9, 0.7, 8.4],
			"to": [8.1, 0.8, 12.25],
			"rotation": {"angle": 0, "axis": "y", "origin": [8, 2.1, 8]},
			"faces": {
				"north": {"uv": [13, 12, 14, 13], "texture": "#0"},
				"east": {"uv": [9, 5, 13, 6], "texture": "#0"},
				"south": {"uv": [13, 13, 14, 14], "texture": "#0"},
				"west": {"uv": [10, 7, 14, 8], "texture": "#0"},
				"up": {"uv": [3, 14, 2, 10], "texture": "#0"},
				"down": {"uv": [4, 10, 3, 14], "texture": "#0"}
			}
		},
		{
			"from": [7.9, 0.6, 8.4],
			"to": [8.1, 0.7, 9.25],
			"rotation": {"angle": 0, "axis": "y", "origin": [8, 2.1, 8]},
			"faces": {
				"north": {"uv": [0, 14, 1, 15], "texture": "#0"},
				"east": {"uv": [14, 0, 15, 1], "texture": "#0"},
				"south": {"uv": [1, 14, 2, 15], "texture": "#0"},
				"west": {"uv": [14, 1, 15, 2], "texture": "#0"},
				"up": {"uv": [3, 15, 2, 14], "texture": "#0"},
				"down": {"uv": [15, 2, 14, 3], "texture": "#0"}
			}
		},
		{
			"from": [7.9, 0.6, 11.4],
			"to": [8.1, 0.7, 12.25],
			"rotation": {"angle": 0, "axis": "y", "origin": [8, 2.1, 8]},
			"faces": {
				"north": {"uv": [11, 1, 12, 2], "texture": "#0"},
				"east": {"uv": [5, 11, 6, 12], "texture": "#0"},
				"south": {"uv": [11, 6, 12, 7], "texture": "#0"},
				"west": {"uv": [8, 11, 9, 12], "texture": "#0"},
				"up": {"uv": [10, 12, 9, 11], "texture": "#0"},
				"down": {"uv": [12, 10, 11, 11], "texture": "#0"}
			}
		},
		{
			"from": [7.95, 1.5, 0],
			"to": [8.05, 2, 2.5],
			"rotation": {"angle": 0, "axis": "y", "origin": [8, 2.1, 8]},
			"faces": {
				"north": {"uv": [12, 3, 13, 4], "texture": "#0"},
				"east": {"uv": [10, 8, 13, 9], "texture": "#0"},
				"south": {"uv": [5, 12, 6, 13], "texture": "#0"},
				"west": {"uv": [10, 9, 13, 10], "texture": "#0"},
				"up": {"uv": [11, 13, 10, 10], "texture": "#0"},
				"down": {"uv": [5, 11, 4, 14], "texture": "#0"}
			}
		},
		{
			"from": [7.95, 1.5, 2.75],
			"to": [8.05, 2, 3.25],
			"rotation": {"angle": 0, "axis": "y", "origin": [8, 2.1, 8]},
			"faces": {
				"north": {"uv": [6, 12, 7, 13], "texture": "#0"},
				"east": {"uv": [12, 6, 13, 7], "texture": "#0"},
				"south": {"uv": [7, 12, 8, 13], "texture": "#0"},
				"west": {"uv": [8, 12, 9, 13], "texture": "#0"},
				"up": {"uv": [10, 13, 9, 12], "texture": "#0"},
				"down": {"uv": [13, 10, 12, 11], "texture": "#0"}
			}
		},
		{
			"from": [7.95, 1.5, 3.5],
			"to": [8.05, 2, 4],
			"rotation": {"angle": 0, "axis": "y", "origin": [8, 2.1, 8]},
			"faces": {
				"north": {"uv": [11, 12, 12, 13], "texture": "#0"},
				"east": {"uv": [12, 11, 13, 12], "texture": "#0"},
				"south": {"uv": [12, 12, 13, 13], "texture": "#0"},
				"west": {"uv": [0, 13, 1, 14], "texture": "#0"},
				"up": {"uv": [14, 1, 13, 0], "texture": "#0"},
				"down": {"uv": [2, 13, 1, 14], "texture": "#0"}
			}
		},
		{
			"from": [7.95, 1.5, 4.25],
			"to": [8.05, 2, 8],
			"rotation": {"angle": 0, "axis": "y", "origin": [8, 2.1, 8]},
			"faces": {
				"north": {"uv": [13, 1, 14, 2], "texture": "#0"},
				"east": {"uv": [7, 1, 11, 2], "texture": "#0"},
				"south": {"uv": [13, 2, 14, 3], "texture": "#0"},
				"west": {"uv": [8, 2, 12, 3], "texture": "#0"},
				"up": {"uv": [9, 11, 8, 7], "texture": "#0"},
				"down": {"uv": [1, 9, 0, 13], "texture": "#0"}
			}
		}
	],
	"gui_light": "front",
	"display": {
		"thirdperson_righthand": {
			"rotation": [-86.09, -33.51, 145.49],
			"translation": [-1.5, -5.5, 5.75]
		},
		"thirdperson_lefthand": {
			"rotation": [-86.09, -33.51, 145.49],
			"translation": [-1.5, -5.5, 5.75]
		},
		"firstperson_righthand": {
			"rotation": [2, -63, -101],
			"translation": [4.5, 0, 6],
			"scale": [1.5, 1.5, 1.5]
		},
		"firstperson_lefthand": {
			"rotation": [2, -63, -101],
			"translation": [4.5, 0, 6],
			"scale": [1.5, 1.5, 1.5]
		},
		"ground": {
			"rotation": [0, 0, -90],
			"translation": [7, -3, 2]
		},
		"gui": {
			"rotation": [-90, -45, -90],
			"translation": [5.75, 8.5, 0],
			"scale": [1, 1.5, 1.5]
		},
		"head": {
			"scale": [0, 0.01, 0]
		},
		"fixed": {
			"rotation": [-90, -67.5, -90],
			"translation": [3.5, 14, 0],
			"scale": [2, 2, 2]
		}
	}
}