{
	"credit": "Made with Blockbench",
	"texture_size": [64, 64],
	"textures": {
		"0": "item/sniper",
		"particle": "item/sniper"
	},
	"elements": [
		{
			"from": [7.5, 7.5, 16.5],
			"to": [8.5, 8.5, 23.25],
			"rotation": {"angle": 0, "axis": "z", "origin": [8, 8, 19.875]},
			"faces": {
				"north": {"uv": [7.75, 7, 8, 7.25], "texture": "#0"},
				"east": {"uv": [6, 0.5, 7.75, 0.75], "texture": "#0"},
				"south": {"uv": [7.5, 7.75, 7.75, 8], "texture": "#0"},
				"west": {"uv": [6, 0.75, 7.75, 1], "texture": "#0"},
				"up": {"uv": [4, 6.5, 3.75, 4.75], "texture": "#0"},
				"down": {"uv": [5, 6, 4.75, 7.75], "texture": "#0"}
			}
		},
		{
			"from": [8, 8, 22.25],
			"to": [9.75, 8.5, 23],
			"rotation": {"angle": -45, "axis": "z", "origin": [8, 8, 19.875]},
			"faces": {
				"north": {"uv": [7.25, 3.25, 7.75, 3.5], "texture": "#0"},
				"east": {"uv": [7.75, 7.75, 8, 8], "texture": "#0"},
				"south": {"uv": [7.5, 1.5, 8, 1.75], "texture": "#0"},
				"west": {"uv": [0, 8, 0.25, 8.25], "texture": "#0"},
				"up": {"uv": [7, 7.75, 6.5, 7.5], "texture": "#0"},
				"down": {"uv": [8, 6.5, 7.5, 6.75], "texture": "#0"}
			}
		},
		{
			"from": [7.5, 2.5, 9.25],
			"to": [8.5, 4.75, 13.75],
			"rotation": {"angle": 0, "axis": "y", "origin": [8, 5.84233, 10.25]},
			"faces": {
				"north": {"uv": [7.5, 6.75, 7.75, 7.25], "texture": "#0"},
				"east": {"uv": [5.5, 5.5, 6.75, 6], "texture": "#0"},
				"south": {"uv": [7.25, 7.5, 7.5, 8], "texture": "#0"},
				"west": {"uv": [6, 0, 7.25, 0.5], "texture": "#0"},
				"up": {"uv": [6.25, 7.75, 6, 6.5], "texture": "#0"},
				"down": {"uv": [6.5, 6.5, 6.25, 7.75], "texture": "#0"}
			}
		},
		{
			"from": [7, 5.25, 9],
			"to": [9, 7.25, 26],
			"rotation": {"angle": 0, "axis": "x", "origin": [8, 5.84233, 10.25]},
			"faces": {
				"north": {"uv": [6.5, 5, 7, 5.5], "texture": "#0"},
				"east": {"uv": [1, 1, 5.25, 1.5], "texture": "#0"},
				"south": {"uv": [6.5, 6.5, 7, 7], "texture": "#0"},
				"west": {"uv": [1, 1.5, 5.25, 2], "texture": "#0"},
				"up": {"uv": [1.5, 6.25, 1, 2], "texture": "#0"},
				"down": {"uv": [2, 2, 1.5, 6.25], "texture": "#0"}
			}
		},
		{
			"from": [7.4, -1.8661, 15.41043],
			"to": [8.6, 1.1339, 17.41043],
			"rotation": {"angle": -22.5, "axis": "x", "origin": [8, 5.84233, 10.25]},
			"faces": {
				"north": {"uv": [3.25, 4, 3.5, 4.75], "texture": "#0"},
				"east": {"uv": [1.5, 6.25, 2, 7], "texture": "#0"},
				"south": {"uv": [7, 6.5, 7.25, 7.25], "texture": "#0"},
				"west": {"uv": [3.25, 6.25, 3.75, 7], "texture": "#0"},
				"up": {"uv": [2.5, 7.75, 2.25, 7.25], "texture": "#0"},
				"down": {"uv": [7.5, 2.5, 7.25, 3], "texture": "#0"}
			}
		},
		{
			"from": [7, 7.25, -2.5],
			"to": [9, 8.75, 21.25],
			"rotation": {"angle": 0, "axis": "y", "origin": [8, 5.84233, 10.25]},
			"faces": {
				"north": {"uv": [6.75, 1, 7.25, 1.5], "texture": "#0"},
				"east": {"uv": [0, 0, 6, 0.5], "texture": "#0"},
				"south": {"uv": [6.75, 1.5, 7.25, 2], "texture": "#0"},
				"west": {"uv": [0, 0.5, 6, 1], "texture": "#0"},
				"up": {"uv": [0.5, 7, 0, 1], "texture": "#0"},
				"down": {"uv": [1, 1, 0.5, 7], "texture": "#0"}
			}
		},
		{
			"from": [7.5, 8.75, 8.75],
			"to": [8.5, 9, 16],
			"rotation": {"angle": 0, "axis": "y", "origin": [8, 5.84233, 10.25]},
			"faces": {
				"north": {"uv": [8, 0, 8.25, 0.25], "texture": "#0"},
				"east": {"uv": [5, 6, 6.75, 6.25], "texture": "#0"},
				"south": {"uv": [0.25, 8, 0.5, 8.25], "texture": "#0"},
				"west": {"uv": [5, 6.25, 6.75, 6.5], "texture": "#0"},
				"up": {"uv": [1.25, 8, 1, 6.25], "texture": "#0"},
				"down": {"uv": [1.5, 6.25, 1.25, 8], "texture": "#0"}
			}
		},
		{
			"from": [7.25, 9, 9.5],
			"to": [8.75, 9.5, 15.25],
			"rotation": {"angle": 0, "axis": "y", "origin": [8, 5.84233, 10.25]},
			"faces": {
				"north": {"uv": [7.5, 7.25, 8, 7.5], "texture": "#0"},
				"east": {"uv": [6.5, 4, 8, 4.25], "texture": "#0"},
				"south": {"uv": [7.5, 7.5, 8, 7.75], "texture": "#0"},
				"west": {"uv": [6.5, 4.25, 8, 4.5], "texture": "#0"},
				"up": {"uv": [4.75, 5.5, 4.25, 4], "texture": "#0"},
				"down": {"uv": [5.25, 2.5, 4.75, 4], "texture": "#0"}
			}
		},
		{
			"from": [7.25, 9.5, 13.5],
			"to": [8.75, 11, 14.25],
			"rotation": {"angle": 0, "axis": "y", "origin": [8, 5.84233, 10.25]},
			"faces": {
				"north": {"uv": [3.25, 7, 3.75, 7.5], "texture": "#0"},
				"east": {"uv": [2.5, 7.75, 2.75, 8.25], "texture": "#0"},
				"south": {"uv": [4.25, 7, 4.75, 7.5], "texture": "#0"},
				"west": {"uv": [7.75, 2.75, 8, 3.25], "texture": "#0"},
				"up": {"uv": [8.25, 3.5, 7.75, 3.25], "texture": "#0"},
				"down": {"uv": [5.25, 7.75, 4.75, 8], "texture": "#0"}
			}
		},
		{
			"from": [7.25, 9.5, 9.25],
			"to": [8.75, 11, 10],
			"rotation": {"angle": 0, "axis": "y", "origin": [8, 5.84233, 10.25]},
			"faces": {
				"north": {"uv": [7, 5, 7.5, 5.5], "texture": "#0"},
				"east": {"uv": [4, 7.75, 4.25, 8.25], "texture": "#0"},
				"south": {"uv": [6.5, 7, 7, 7.5], "texture": "#0"},
				"west": {"uv": [7.75, 5, 8, 5.5], "texture": "#0"},
				"up": {"uv": [5.75, 8, 5.25, 7.75], "texture": "#0"},
				"down": {"uv": [8.25, 5.5, 7.75, 5.75], "texture": "#0"}
			}
		},
		{
			"from": [7.25, 11, 9.5],
			"to": [8.75, 11.5, 15.25],
			"rotation": {"angle": 0, "axis": "y", "origin": [8, 11.75, 10.875]},
			"faces": {
				"north": {"uv": [7.75, 0.5, 8.25, 0.75], "texture": "#0"},
				"east": {"uv": [6.5, 4.5, 8, 4.75], "texture": "#0"},
				"south": {"uv": [7.75, 0.75, 8.25, 1], "texture": "#0"},
				"west": {"uv": [6.5, 4.75, 8, 5], "texture": "#0"},
				"up": {"uv": [3.75, 6.25, 3.25, 4.75], "texture": "#0"},
				"down": {"uv": [5.25, 4, 4.75, 5.5], "texture": "#0"}
			}
		},
		{
			"from": [6.75, 9.5, 9.5],
			"to": [7.25, 11, 15.25],
			"rotation": {"angle": 0, "axis": "z", "origin": [8, 11.75, 10.875]},
			"faces": {
				"north": {"uv": [7.75, 1, 8, 1.5], "texture": "#0"},
				"east": {"uv": [5.25, 1, 6.75, 1.5], "texture": "#0"},
				"south": {"uv": [7.75, 1.75, 8, 2.25], "texture": "#0"},
				"west": {"uv": [5.25, 1.5, 6.75, 2], "texture": "#0"},
				"up": {"uv": [4.25, 7.75, 4, 6.25], "texture": "#0"},
				"down": {"uv": [3, 6.5, 2.75, 8], "texture": "#0"}
			}
		},
		{
			"from": [8.75, 9.5, 9.5],
			"to": [9.25, 11, 15.25],
			"rotation": {"angle": 0, "axis": "z", "origin": [8, 11.75, 10.875]},
			"faces": {
				"north": {"uv": [2.25, 7.75, 2.5, 8.25], "texture": "#0"},
				"east": {"uv": [5.25, 2.5, 6.75, 3], "texture": "#0"},
				"south": {"uv": [7.75, 2.25, 8, 2.75], "texture": "#0"},
				"west": {"uv": [5.25, 3, 6.75, 3.5], "texture": "#0"},
				"up": {"uv": [3.25, 8, 3, 6.5], "texture": "#0"},
				"down": {"uv": [4, 6.5, 3.75, 8], "texture": "#0"}
			}
		},
		{
			"from": [7.25, 14.16493, 15.99619],
			"to": [8.75, 15.66493, 18.24619],
			"rotation": {"angle": 45, "axis": "x", "origin": [8, 5.84233, 10.25]},
			"faces": {
				"north": {"uv": [2, 6.75, 2.5, 7.25], "texture": "#0"},
				"east": {"uv": [6.75, 2.5, 7.25, 3], "texture": "#0"},
				"south": {"uv": [6.75, 3, 7.25, 3.5], "texture": "#0"},
				"west": {"uv": [6.75, 5.5, 7.25, 6], "texture": "#0"},
				"up": {"uv": [7.25, 6.5, 6.75, 6], "texture": "#0"},
				"down": {"uv": [0.5, 7, 0, 7.5], "texture": "#0"}
			}
		},
		{
			"from": [7, 6, -1.5],
			"to": [9, 7.25, 9],
			"rotation": {"angle": 0, "axis": "y", "origin": [8, 5.84233, 10.25]},
			"faces": {
				"north": {"uv": [7.25, 1.75, 7.75, 2], "texture": "#0"},
				"east": {"uv": [5.25, 3.5, 8, 3.75], "texture": "#0"},
				"south": {"uv": [7.25, 3, 7.75, 3.25], "texture": "#0"},
				"west": {"uv": [5.25, 3.75, 8, 4], "texture": "#0"},
				"up": {"uv": [4, 4.75, 3.5, 2], "texture": "#0"},
				"down": {"uv": [2.5, 4, 2, 6.75], "texture": "#0"}
			}
		},
		{
			"from": [7.5, 6.75, -14.25],
			"to": [8.5, 7.75, 0.5],
			"rotation": {"angle": 0, "axis": "z", "origin": [8, 7.25, -5.5]},
			"faces": {
				"north": {"uv": [5.75, 7.75, 6, 8], "texture": "#0"},
				"east": {"uv": [4, 2, 7.75, 2.25], "texture": "#0"},
				"south": {"uv": [7.75, 5.75, 8, 6], "texture": "#0"},
				"west": {"uv": [4, 2.25, 7.75, 2.5], "texture": "#0"},
				"up": {"uv": [2.75, 7.75, 2.5, 4], "texture": "#0"},
				"down": {"uv": [4.25, 2.5, 4, 6.25], "texture": "#0"}
			}
		},
		{
			"from": [7, 3.25, 26],
			"to": [9, 7.25, 32],
			"rotation": {"angle": 0, "axis": "y", "origin": [8, 5.84233, 10.25]},
			"faces": {
				"north": {"uv": [2.75, 5.5, 3.25, 6.5], "texture": "#0"},
				"east": {"uv": [2, 2, 3.5, 3], "texture": "#0"},
				"south": {"uv": [4.25, 6, 4.75, 7], "texture": "#0"},
				"west": {"uv": [2, 3, 3.5, 4], "texture": "#0"},
				"up": {"uv": [3.25, 5.5, 2.75, 4], "texture": "#0"},
				"down": {"uv": [4.75, 2.5, 4.25, 4], "texture": "#0"}
			}
		},
		{
			"from": [8.5, 3.75, 9],
			"to": [8.75, 5.25, 14],
			"rotation": {"angle": 0, "axis": "y", "origin": [8, 5.84233, 10.25]},
			"faces": {
				"north": {"uv": [7.25, 5.5, 7.5, 6], "texture": "#0"},
				"east": {"uv": [5.25, 4, 6.5, 4.5], "texture": "#0"},
				"south": {"uv": [7.25, 6, 7.5, 6.5], "texture": "#0"},
				"west": {"uv": [5.25, 4.5, 6.5, 5], "texture": "#0"},
				"up": {"uv": [5.25, 7.75, 5, 6.5], "texture": "#0"},
				"down": {"uv": [5.5, 6.5, 5.25, 7.75], "texture": "#0"}
			}
		},
		{
			"from": [7.5, 3.75, 9],
			"to": [8.5, 5.25, 9.25],
			"rotation": {"angle": 0, "axis": "y", "origin": [8, 5.84233, 10.25]},
			"faces": {
				"north": {"uv": [7.25, 6.5, 7.5, 7], "texture": "#0"},
				"east": {"uv": [7, 7.25, 7.25, 7.75], "texture": "#0"},
				"south": {"uv": [7.25, 7, 7.5, 7.5], "texture": "#0"},
				"west": {"uv": [0, 7.5, 0.25, 8], "texture": "#0"},
				"up": {"uv": [6.25, 8, 6, 7.75], "texture": "#0"},
				"down": {"uv": [8, 6, 7.75, 6.25], "texture": "#0"}
			}
		},
		{
			"from": [7.5, 3.75, 13.75],
			"to": [8.5, 5.25, 14],
			"rotation": {"angle": 0, "axis": "y", "origin": [8, 5.84233, 10.25]},
			"faces": {
				"north": {"uv": [0.25, 7.5, 0.5, 8], "texture": "#0"},
				"east": {"uv": [0.5, 7.5, 0.75, 8], "texture": "#0"},
				"south": {"uv": [0.75, 7.5, 1, 8], "texture": "#0"},
				"west": {"uv": [7.5, 1, 7.75, 1.5], "texture": "#0"},
				"up": {"uv": [6.5, 8, 6.25, 7.75], "texture": "#0"},
				"down": {"uv": [8, 6.25, 7.75, 6.5], "texture": "#0"}
			}
		},
		{
			"from": [7.25, 3.75, 9],
			"to": [7.5, 5.25, 14],
			"rotation": {"angle": 0, "axis": "y", "origin": [8, 5.84233, 10.25]},
			"faces": {
				"north": {"uv": [1.5, 7.5, 1.75, 8], "texture": "#0"},
				"east": {"uv": [5.25, 5, 6.5, 5.5], "texture": "#0"},
				"south": {"uv": [1.75, 7.5, 2, 8], "texture": "#0"},
				"west": {"uv": [4.25, 5.5, 5.5, 6], "texture": "#0"},
				"up": {"uv": [5.75, 7.75, 5.5, 6.5], "texture": "#0"},
				"down": {"uv": [6, 6.5, 5.75, 7.75], "texture": "#0"}
			}
		},
		{
			"from": [7.5, 3.25, 17],
			"to": [8.5, 5.25, 19],
			"rotation": {"angle": 0, "axis": "y", "origin": [8, 5.84233, 10.25]},
			"faces": {
				"north": {"uv": [7.5, 2.5, 7.75, 3], "texture": "#0"},
				"east": {"uv": [0.5, 7, 1, 7.5], "texture": "#0"},
				"south": {"uv": [3.25, 7.5, 3.5, 8], "texture": "#0"},
				"west": {"uv": [1.5, 7, 2, 7.5], "texture": "#0"},
				"up": {"uv": [3.75, 8, 3.5, 7.5], "texture": "#0"},
				"down": {"uv": [4.5, 7.5, 4.25, 8], "texture": "#0"}
			}
		},
		{
			"from": [7.5, 3.5, 14],
			"to": [8.5, 4, 17],
			"rotation": {"angle": 0, "axis": "y", "origin": [8, 5.84233, 10.25]},
			"faces": {
				"north": {"uv": [6.5, 7.75, 6.75, 8], "texture": "#0"},
				"east": {"uv": [7.25, 0, 8, 0.25], "texture": "#0"},
				"south": {"uv": [6.75, 7.75, 7, 8], "texture": "#0"},
				"west": {"uv": [7.25, 0.25, 8, 0.5], "texture": "#0"},
				"up": {"uv": [7.5, 1.75, 7.25, 1], "texture": "#0"},
				"down": {"uv": [2.25, 7.25, 2, 8], "texture": "#0"}
			}
		},
		{
			"from": [7.75, 6.62438, 16.11281],
			"to": [8.25, 8.12438, 16.36281],
			"rotation": {"angle": 22.5, "axis": "x", "origin": [8, 5.84233, 10.25]},
			"faces": {
				"north": {"uv": [4.5, 7.5, 4.75, 8], "texture": "#0"},
				"east": {"uv": [7.5, 5, 7.75, 5.5], "texture": "#0"},
				"south": {"uv": [7.5, 5.5, 7.75, 6], "texture": "#0"},
				"west": {"uv": [7.5, 6, 7.75, 6.5], "texture": "#0"},
				"up": {"uv": [8, 7, 7.75, 6.75], "texture": "#0"},
				"down": {"uv": [7.25, 7.75, 7, 8], "texture": "#0"}
			}
		},
		{
			"from": [6.75, 7.75, -16],
			"to": [9.25, 8, -14],
			"faces": {
				"north": {"uv": [0, 0, 0.625, 0.0625], "texture": "#0"},
				"east": {"uv": [0, 0, 0.5, 0.0625], "texture": "#0"},
				"south": {"uv": [0, 0, 0.625, 0.0625], "texture": "#0"},
				"west": {"uv": [0, 0, 0.5, 0.0625], "texture": "#0"},
				"up": {"uv": [0, 0, 0.625, 0.5], "texture": "#0"},
				"down": {"uv": [0, 0, 0.625, 0.5], "texture": "#0"}
			}
		},
		{
			"from": [6.5, 7.5, -16],
			"to": [7.5, 7.75, -14],
			"faces": {
				"north": {"uv": [0, 0, 0.25, 0.0625], "texture": "#0"},
				"east": {"uv": [0, 0, 0.5, 0.0625], "texture": "#0"},
				"south": {"uv": [0, 0, 0.25, 0.0625], "texture": "#0"},
				"west": {"uv": [0, 0, 0.5, 0.0625], "texture": "#0"},
				"up": {"uv": [0, 0, 0.25, 0.5], "texture": "#0"},
				"down": {"uv": [0, 0, 0.25, 0.5], "texture": "#0"}
			}
		},
		{
			"from": [8.5, 7.5, -16],
			"to": [9.5, 7.75, -14],
			"rotation": {"angle": 0, "axis": "y", "origin": [16, 0, 0]},
			"faces": {
				"north": {"uv": [0.25, 0, 0, 0.0625], "texture": "#0"},
				"east": {"uv": [0.5, 0, 0, 0.0625], "texture": "#0"},
				"south": {"uv": [0.25, 0, 0, 0.0625], "texture": "#0"},
				"west": {"uv": [0.5, 0, 0, 0.0625], "texture": "#0"},
				"up": {"uv": [0.25, 0, 0, 0.5], "texture": "#0"},
				"down": {"uv": [0.25, 0, 0, 0.5], "texture": "#0"}
			}
		},
		{
			"from": [6.5, 6.75, -16],
			"to": [7.5, 7, -14],
			"faces": {
				"north": {"uv": [0, 0, 0.25, 0.0625], "texture": "#0"},
				"east": {"uv": [0, 0, 0.5, 0.0625], "texture": "#0"},
				"south": {"uv": [0, 0, 0.25, 0.0625], "texture": "#0"},
				"west": {"uv": [0, 0, 0.5, 0.0625], "texture": "#0"},
				"up": {"uv": [0, 0, 0.25, 0.5], "texture": "#0"},
				"down": {"uv": [0, 0, 0.25, 0.5], "texture": "#0"}
			}
		},
		{
			"from": [8.5, 6.75, -16],
			"to": [9.5, 7, -14],
			"rotation": {"angle": 0, "axis": "y", "origin": [16, 0, 0]},
			"faces": {
				"north": {"uv": [0.25, 0, 0, 0.0625], "texture": "#0"},
				"east": {"uv": [0.5, 0, 0, 0.0625], "texture": "#0"},
				"south": {"uv": [0.25, 0, 0, 0.0625], "texture": "#0"},
				"west": {"uv": [0.5, 0, 0, 0.0625], "texture": "#0"},
				"up": {"uv": [0.25, 0, 0, 0.5], "texture": "#0"},
				"down": {"uv": [0.25, 0, 0, 0.5], "texture": "#0"}
			}
		},
		{
			"from": [6.5, 7, -16],
			"to": [7, 7.5, -15.75],
			"faces": {
				"north": {"uv": [0, 0, 0.125, 0.125], "texture": "#0"},
				"east": {"uv": [0, 0, 0.0625, 0.125], "texture": "#0"},
				"south": {"uv": [0, 0, 0.125, 0.125], "texture": "#0"},
				"west": {"uv": [0, 0, 0.0625, 0.125], "texture": "#0"},
				"up": {"uv": [0, 0, 0.125, 0.0625], "texture": "#0"},
				"down": {"uv": [0, 0, 0.125, 0.0625], "texture": "#0"}
			}
		},
		{
			"from": [6.5, 7, -14.25],
			"to": [7.5, 7.5, -14],
			"faces": {
				"north": {"uv": [0, 0, 0.25, 0.125], "texture": "#0"},
				"east": {"uv": [0, 0, 0.0625, 0.125], "texture": "#0"},
				"south": {"uv": [0, 0, 0.25, 0.125], "texture": "#0"},
				"west": {"uv": [0, 0, 0.0625, 0.125], "texture": "#0"},
				"up": {"uv": [0, 0, 0.25, 0.0625], "texture": "#0"},
				"down": {"uv": [0, 0, 0.25, 0.0625], "texture": "#0"}
			}
		},
		{
			"from": [6.5, 7, -15.25],
			"to": [7, 7.5, -14.75],
			"faces": {
				"north": {"uv": [0, 0, 0.125, 0.125], "texture": "#0"},
				"east": {"uv": [0, 0, 0.125, 0.125], "texture": "#0"},
				"south": {"uv": [0, 0, 0.125, 0.125], "texture": "#0"},
				"west": {"uv": [0, 0, 0.125, 0.125], "texture": "#0"},
				"up": {"uv": [0, 0, 0.125, 0.125], "texture": "#0"},
				"down": {"uv": [0, 0, 0.125, 0.125], "texture": "#0"}
			}
		},
		{
			"from": [8.5, 7, -14.25],
			"to": [9.5, 7.5, -14],
			"rotation": {"angle": 0, "axis": "y", "origin": [16, 0, 0]},
			"faces": {
				"north": {"uv": [0.25, 0, 0, 0.125], "texture": "#0"},
				"east": {"uv": [0.0625, 0, 0, 0.125], "texture": "#0"},
				"south": {"uv": [0.25, 0, 0, 0.125], "texture": "#0"},
				"west": {"uv": [0.0625, 0, 0, 0.125], "texture": "#0"},
				"up": {"uv": [0.25, 0, 0, 0.0625], "texture": "#0"},
				"down": {"uv": [0.25, 0, 0, 0.0625], "texture": "#0"}
			}
		},
		{
			"from": [9, 7, -15.25],
			"to": [9.5, 7.5, -14.75],
			"rotation": {"angle": 0, "axis": "y", "origin": [16, 0, 0]},
			"faces": {
				"north": {"uv": [0.125, 0, 0, 0.125], "texture": "#0"},
				"east": {"uv": [0.125, 0, 0, 0.125], "texture": "#0"},
				"south": {"uv": [0.125, 0, 0, 0.125], "texture": "#0"},
				"west": {"uv": [0.125, 0, 0, 0.125], "texture": "#0"},
				"up": {"uv": [0.125, 0, 0, 0.125], "texture": "#0"},
				"down": {"uv": [0.125, 0, 0, 0.125], "texture": "#0"}
			}
		},
		{
			"from": [9, 7, -16],
			"to": [9.5, 7.5, -15.75],
			"rotation": {"angle": 0, "axis": "y", "origin": [16, 0, 0]},
			"faces": {
				"north": {"uv": [0.125, 0, 0, 0.125], "texture": "#0"},
				"east": {"uv": [0.0625, 0, 0, 0.125], "texture": "#0"},
				"south": {"uv": [0.125, 0, 0, 0.125], "texture": "#0"},
				"west": {"uv": [0.0625, 0, 0, 0.125], "texture": "#0"},
				"up": {"uv": [0.125, 0, 0, 0.0625], "texture": "#0"},
				"down": {"uv": [0.125, 0, 0, 0.0625], "texture": "#0"}
			}
		},
		{
			"from": [6.75, 6.5, -16],
			"to": [9.25, 6.75, -14],
			"faces": {
				"north": {"uv": [0, 0, 0.625, 0.0625], "texture": "#0"},
				"east": {"uv": [0, 0, 0.5, 0.0625], "texture": "#0"},
				"south": {"uv": [0, 0, 0.625, 0.0625], "texture": "#0"},
				"west": {"uv": [0, 0, 0.5, 0.0625], "texture": "#0"},
				"up": {"uv": [0, 0, 0.625, 0.5], "texture": "#0"},
				"down": {"uv": [0, 0, 0.625, 0.5], "texture": "#0"}
			}
		}
	],
	"gui_light": "front",
	"display": {
		"thirdperson_righthand": {
			"translation": [-2, 2, -4.75],
			"scale": [0.625, 0.625, 0.625]
		},
		"thirdperson_lefthand": {
			"translation": [-2, 2, -4.75],
			"scale": [0.625, 0.625, 0.625]
		},
		"firstperson_righthand": {
			"rotation": [0, -2.5, 0],
			"translation": [-2.75, 5.25, -9]
		},
		"firstperson_lefthand": {
			"rotation": [0, -2.5, 0],
			"translation": [-2.75, 5.25, -9]
		},
		"ground": {
			"translation": [0, 5.5, 0]
		},
		"gui": {
			"rotation": [0, -90, 0],
			"scale": [0.325, 0.325, 0.325]
		},
		"head": {
			"scale": [0, 0, 0]
		},
		"fixed": {
			"rotation": [90, 80, 90],
			"translation": [-1.75, -6.75, -2.5],
			"scale": [2.5625, 2.5625, 2.5625]
		}
	},
	"groups": [
		{
			"name": "bolt",
			"origin": [7.625, 8, 23.625],
			"color": 0,
			"children": [0, 1]
		},
		{
			"name": "Magazine",
			"origin": [8, 5.84233, 7.25],
			"color": 0,
			"children": [2]
		},
		3,
		4,
		5,
		6,
		7,
		8,
		9,
		10,
		11,
		12,
		13,
		14,
		15,
		16,
		17,
		18,
		19,
		20,
		21,
		22,
		23,
		24,
		25,
		26,
		27,
		28,
		29,
		30,
		31,
		32,
		33,
		34,
		35
	]
}