{
	"credit": "Made with Blockbench",
	"parent": "stone_shovel",
	"textures": {
		"0": "item/rocket_launcher",
		"1": "item/switch_rl",
		"2": "item/handle_rl",
		"3": "item/sight_rl",
		"particle": "item/rocket_launcher"
	},
	"elements": [
		{
			"from": [3.75, 6, 3.5],
			"to": [6, 6.25, 4],
			"faces": {
				"north": {"uv": [0, 0, 2, 1], "texture": "#3"},
				"east": {"uv": [4, 2, 5, 3], "texture": "#3"},
				"south": {"uv": [0, 1, 2, 2], "texture": "#3"},
				"west": {"uv": [4, 3, 5, 4], "texture": "#3"},
				"up": {"uv": [2, 3, 0, 2], "texture": "#3"},
				"down": {"uv": [4, 0, 2, 1], "texture": "#3"}
			}
		},
		{
			"from": [3.75, 6.25, 3.5],
			"to": [4.25, 6.5, 4],
			"faces": {
				"north": {"uv": [4, 4, 5, 5], "texture": "#3"},
				"east": {"uv": [0, 5, 1, 6], "texture": "#3"},
				"south": {"uv": [1, 5, 2, 6], "texture": "#3"},
				"west": {"uv": [2, 5, 3, 6], "texture": "#3"},
				"up": {"uv": [6, 3, 5, 2], "texture": "#3"},
				"down": {"uv": [4, 5, 3, 6], "texture": "#3"}
			}
		},
		{
			"from": [2.5, 6.25, 3.5],
			"to": [4, 6.5, 4],
			"rotation": {"angle": -22.5, "axis": "z", "origin": [4, 6.5, 3.75]},
			"faces": {
				"north": {"uv": [2, 1, 4, 2], "texture": "#3"},
				"east": {"uv": [5, 3, 6, 4], "texture": "#3"},
				"south": {"uv": [2, 2, 4, 3], "texture": "#3"},
				"west": {"uv": [4, 5, 5, 6], "texture": "#3"},
				"up": {"uv": [2, 4, 0, 3], "texture": "#3"},
				"down": {"uv": [4, 3, 2, 4], "texture": "#3"}
			}
		},
		{
			"from": [4, 6.25, 3.5],
			"to": [5.5, 6.5, 4],
			"rotation": {"angle": 22.5, "axis": "z", "origin": [4, 6.5, 3.75]},
			"faces": {
				"north": {"uv": [0, 4, 2, 5], "texture": "#3"},
				"east": {"uv": [5, 4, 6, 5], "texture": "#3"},
				"south": {"uv": [4, 0, 6, 1], "texture": "#3"},
				"west": {"uv": [5, 5, 6, 6], "texture": "#3"},
				"up": {"uv": [6, 2, 4, 1], "texture": "#3"},
				"down": {"uv": [4, 4, 2, 5], "texture": "#3"}
			}
		},
		{
			"from": [4.25, 6.75, 3.75],
			"to": [5.5, 7, 3.75],
			"rotation": {"angle": 22.5, "axis": "z", "origin": [4, 6.5, 3.75]},
			"faces": {
				"north": {"uv": [0, 6, 1, 7], "texture": "#3"},
				"east": {"uv": [0, 0, 0, 1], "texture": "#3"},
				"south": {"uv": [6, 0, 7, 1], "texture": "#3"},
				"west": {"uv": [0, 0, 0, 1], "texture": "#3"},
				"up": {"uv": [1, 0, 0, 0], "texture": "#3"},
				"down": {"uv": [1, 0, 0, 0], "texture": "#3"}
			}
		},
		{
			"from": [2.5, 6.75, 3.75],
			"to": [3.75, 7, 3.75],
			"rotation": {"angle": -22.5, "axis": "z", "origin": [4, 6.5, 3.75]},
			"faces": {
				"north": {"uv": [1, 6, 2, 7], "texture": "#3"},
				"east": {"uv": [0, 0, 0, 1], "texture": "#3"},
				"south": {"uv": [6, 1, 7, 2], "texture": "#3"},
				"west": {"uv": [0, 0, 0, 1], "texture": "#3"},
				"up": {"uv": [1, 0, 0, 0], "texture": "#3"},
				"down": {"uv": [1, 0, 0, 0], "texture": "#3"}
			}
		},
		{
			"from": [3.25, 8, 3.75],
			"to": [4.5, 8.25, 3.75],
			"rotation": {"angle": 22.5, "axis": "z", "origin": [4, 6.5, 3.75]},
			"faces": {
				"north": {"uv": [2, 6, 3, 7], "texture": "#3"},
				"east": {"uv": [0, 0, 0, 1], "texture": "#3"},
				"south": {"uv": [6, 2, 7, 3], "texture": "#3"},
				"west": {"uv": [0, 0, 0, 1], "texture": "#3"},
				"up": {"uv": [1, 0, 0, 0], "texture": "#3"},
				"down": {"uv": [1, 0, 0, 0], "texture": "#3"}
			}
		},
		{
			"from": [3.5, 8, 3.75],
			"to": [4.75, 8.25, 3.75],
			"rotation": {"angle": -22.5, "axis": "z", "origin": [4, 6.5, 3.75]},
			"faces": {
				"north": {"uv": [3, 6, 4, 7], "texture": "#3"},
				"east": {"uv": [0, 0, 0, 1], "texture": "#3"},
				"south": {"uv": [6, 3, 7, 4], "texture": "#3"},
				"west": {"uv": [0, 0, 0, 1], "texture": "#3"},
				"up": {"uv": [1, 0, 0, 0], "texture": "#3"},
				"down": {"uv": [1, 0, 0, 0], "texture": "#3"}
			}
		},
		{
			"from": [7.75, 9.5, 6],
			"to": [8.25, 9.75, 7],
			"rotation": {"angle": 0, "axis": "z", "origin": [8, 9.75, 6.5]},
			"faces": {
				"north": {"uv": [6, 14, 7, 15], "texture": "#1"},
				"east": {"uv": [14, 6, 15, 7], "texture": "#1"},
				"south": {"uv": [7, 14, 8, 15], "texture": "#1"},
				"west": {"uv": [14, 7, 15, 8], "texture": "#1"},
				"up": {"uv": [9, 15, 8, 14], "texture": "#1"},
				"down": {"uv": [15, 8, 14, 9], "texture": "#1"}
			}
		},
		{
			"from": [5.75, 9.75, 6],
			"to": [8.25, 10, 7],
			"rotation": {"angle": 0, "axis": "z", "origin": [8, 9.75, 6.5]},
			"faces": {
				"north": {"uv": [2, 5, 5, 6], "texture": "#1"},
				"east": {"uv": [9, 14, 10, 15], "texture": "#1"},
				"south": {"uv": [5, 5, 8, 6], "texture": "#1"},
				"west": {"uv": [14, 9, 15, 10], "texture": "#1"},
				"up": {"uv": [5, 7, 2, 6], "texture": "#1"},
				"down": {"uv": [9, 4, 6, 5], "texture": "#1"}
			}
		},
		{
			"from": [5.75, 9.5, 6],
			"to": [6.25, 9.75, 7],
			"rotation": {"angle": 0, "axis": "z", "origin": [8, 9.75, 6.5]},
			"faces": {
				"north": {"uv": [10, 14, 11, 15], "texture": "#1"},
				"east": {"uv": [14, 10, 15, 11], "texture": "#1"},
				"south": {"uv": [11, 14, 12, 15], "texture": "#1"},
				"west": {"uv": [14, 11, 15, 12], "texture": "#1"},
				"up": {"uv": [13, 15, 12, 14], "texture": "#1"},
				"down": {"uv": [15, 12, 14, 13], "texture": "#1"}
			}
		},
		{
			"from": [6.25, 9, 5.5],
			"to": [7.5, 9.25, 7.5],
			"faces": {
				"north": {"uv": [1, 10, 2, 11], "texture": "#1"},
				"east": {"uv": [5, 6, 7, 7], "texture": "#1"},
				"south": {"uv": [3, 10, 4, 11], "texture": "#1"},
				"west": {"uv": [7, 0, 9, 1], "texture": "#1"},
				"up": {"uv": [8, 3, 7, 1], "texture": "#1"},
				"down": {"uv": [3, 7, 2, 9], "texture": "#1"}
			}
		},
		{
			"from": [5.75, 9, 6],
			"to": [6.25, 9.25, 7],
			"faces": {
				"north": {"uv": [4, 10, 5, 11], "texture": "#1"},
				"east": {"uv": [10, 4, 11, 5], "texture": "#1"},
				"south": {"uv": [5, 10, 6, 11], "texture": "#1"},
				"west": {"uv": [10, 5, 11, 6], "texture": "#1"},
				"up": {"uv": [7, 11, 6, 10], "texture": "#1"},
				"down": {"uv": [11, 6, 10, 7], "texture": "#1"}
			}
		},
		{
			"from": [9.75, 9, 6],
			"to": [10.25, 9.25, 7],
			"faces": {
				"north": {"uv": [7, 10, 8, 11], "texture": "#1"},
				"east": {"uv": [10, 7, 11, 8], "texture": "#1"},
				"south": {"uv": [8, 10, 9, 11], "texture": "#1"},
				"west": {"uv": [10, 8, 11, 9], "texture": "#1"},
				"up": {"uv": [10, 11, 9, 10], "texture": "#1"},
				"down": {"uv": [11, 9, 10, 10], "texture": "#1"}
			}
		},
		{
			"from": [7.5, 9, 3.25],
			"to": [10.25, 9.25, 4.25],
			"faces": {
				"north": {"uv": [0, 4, 3, 5], "texture": "#1"},
				"east": {"uv": [10, 10, 11, 11], "texture": "#1"},
				"south": {"uv": [4, 0, 7, 1], "texture": "#1"},
				"west": {"uv": [0, 11, 1, 12], "texture": "#1"},
				"up": {"uv": [7, 2, 4, 1], "texture": "#1"},
				"down": {"uv": [7, 2, 4, 3], "texture": "#1"}
			}
		},
		{
			"from": [7.5, 9, 2.25],
			"to": [8.5, 9.75, 3.25],
			"faces": {
				"north": {"uv": [11, 0, 12, 1], "texture": "#1"},
				"east": {"uv": [1, 11, 2, 12], "texture": "#1"},
				"south": {"uv": [11, 1, 12, 2], "texture": "#1"},
				"west": {"uv": [2, 11, 3, 12], "texture": "#1"},
				"up": {"uv": [12, 3, 11, 2], "texture": "#1"},
				"down": {"uv": [4, 11, 3, 12], "texture": "#1"}
			}
		},
		{
			"from": [10, 7.75, 6],
			"to": [10.25, 9, 7],
			"faces": {
				"north": {"uv": [11, 3, 12, 4], "texture": "#1"},
				"east": {"uv": [4, 11, 5, 12], "texture": "#1"},
				"south": {"uv": [11, 4, 12, 5], "texture": "#1"},
				"west": {"uv": [5, 11, 6, 12], "texture": "#1"},
				"up": {"uv": [12, 6, 11, 5], "texture": "#1"},
				"down": {"uv": [7, 11, 6, 12], "texture": "#1"}
			}
		},
		{
			"from": [10, 7.25, 3.75],
			"to": [10.25, 7.75, 6.5],
			"faces": {
				"north": {"uv": [11, 6, 12, 7], "texture": "#1"},
				"east": {"uv": [3, 4, 6, 5], "texture": "#1"},
				"south": {"uv": [7, 11, 8, 12], "texture": "#1"},
				"west": {"uv": [4, 3, 7, 4], "texture": "#1"},
				"up": {"uv": [1, 8, 0, 5], "texture": "#1"},
				"down": {"uv": [2, 5, 1, 8], "texture": "#1"}
			}
		},
		{
			"from": [10, 7.75, 4.25],
			"to": [10.25, 8.25, 6],
			"faces": {
				"north": {"uv": [11, 7, 12, 8], "texture": "#1"},
				"east": {"uv": [3, 7, 5, 8], "texture": "#1"},
				"south": {"uv": [8, 11, 9, 12], "texture": "#1"},
				"west": {"uv": [7, 3, 9, 4], "texture": "#1"},
				"up": {"uv": [6, 9, 5, 7], "texture": "#1"},
				"down": {"uv": [7, 7, 6, 9], "texture": "#1"}
			}
		},
		{
			"from": [10, 7.75, 3.25],
			"to": [10.25, 9, 4.25],
			"faces": {
				"north": {"uv": [11, 8, 12, 9], "texture": "#1"},
				"east": {"uv": [9, 11, 10, 12], "texture": "#1"},
				"south": {"uv": [11, 9, 12, 10], "texture": "#1"},
				"west": {"uv": [10, 11, 11, 12], "texture": "#1"},
				"up": {"uv": [12, 11, 11, 10], "texture": "#1"},
				"down": {"uv": [12, 11, 11, 12], "texture": "#1"}
			}
		},
		{
			"from": [5.75, 7, 6],
			"to": [6, 9, 7],
			"faces": {
				"north": {"uv": [7, 6, 8, 8], "texture": "#1"},
				"east": {"uv": [0, 8, 1, 10], "texture": "#1"},
				"south": {"uv": [1, 8, 2, 10], "texture": "#1"},
				"west": {"uv": [8, 1, 9, 3], "texture": "#1"},
				"up": {"uv": [1, 13, 0, 12], "texture": "#1"},
				"down": {"uv": [13, 0, 12, 1], "texture": "#1"}
			}
		},
		{
			"from": [5.5, 5, 5.75],
			"to": [6, 7, 7.25],
			"faces": {
				"north": {"uv": [3, 8, 4, 10], "texture": "#1"},
				"east": {"uv": [0, 0, 2, 2], "texture": "#1"},
				"south": {"uv": [4, 8, 5, 10], "texture": "#1"},
				"west": {"uv": [0, 2, 2, 4], "texture": "#1"},
				"up": {"uv": [9, 7, 8, 5], "texture": "#1"},
				"down": {"uv": [8, 8, 7, 10], "texture": "#1"}
			}
		},
		{
			"from": [5.4, 5.5, 6],
			"to": [5.5, 6.75, 7],
			"faces": {
				"north": {"uv": [1, 12, 2, 13], "texture": "#1"},
				"east": {"uv": [12, 1, 13, 2], "texture": "#1"},
				"south": {"uv": [2, 12, 3, 13], "texture": "#1"},
				"west": {"uv": [12, 2, 13, 3], "texture": "#1"},
				"up": {"uv": [4, 13, 3, 12], "texture": "#1"},
				"down": {"uv": [13, 3, 12, 4], "texture": "#1"}
			}
		},
		{
			"from": [5.75, 6.25, 5.35],
			"to": [6, 6.75, 5.85],
			"faces": {
				"north": {"uv": [4, 12, 5, 13], "texture": "#1"},
				"east": {"uv": [12, 4, 13, 5], "texture": "#1"},
				"south": {"uv": [5, 12, 6, 13], "texture": "#1"},
				"west": {"uv": [12, 5, 13, 6], "texture": "#1"},
				"up": {"uv": [7, 13, 6, 12], "texture": "#1"},
				"down": {"uv": [13, 6, 12, 7], "texture": "#1"}
			}
		},
		{
			"from": [5.75, 5.25, 5.35],
			"to": [6, 5.75, 5.85],
			"faces": {
				"north": {"uv": [7, 12, 8, 13], "texture": "#1"},
				"east": {"uv": [12, 7, 13, 8], "texture": "#1"},
				"south": {"uv": [8, 12, 9, 13], "texture": "#1"},
				"west": {"uv": [12, 8, 13, 9], "texture": "#1"},
				"up": {"uv": [10, 13, 9, 12], "texture": "#1"},
				"down": {"uv": [13, 9, 12, 10], "texture": "#1"}
			}
		},
		{
			"from": [5.75, 5.25, 7.15],
			"to": [6, 5.75, 7.65],
			"faces": {
				"north": {"uv": [10, 12, 11, 13], "texture": "#1"},
				"east": {"uv": [12, 10, 13, 11], "texture": "#1"},
				"south": {"uv": [11, 12, 12, 13], "texture": "#1"},
				"west": {"uv": [12, 11, 13, 12], "texture": "#1"},
				"up": {"uv": [13, 13, 12, 12], "texture": "#1"},
				"down": {"uv": [1, 13, 0, 14], "texture": "#1"}
			}
		},
		{
			"from": [5.75, 4.75, 6],
			"to": [6, 5.1, 6.25],
			"faces": {
				"north": {"uv": [13, 0, 14, 1], "texture": "#1"},
				"east": {"uv": [1, 13, 2, 14], "texture": "#1"},
				"south": {"uv": [13, 1, 14, 2], "texture": "#1"},
				"west": {"uv": [2, 13, 3, 14], "texture": "#1"},
				"up": {"uv": [14, 3, 13, 2], "texture": "#1"},
				"down": {"uv": [4, 13, 3, 14], "texture": "#1"}
			}
		},
		{
			"from": [5.75, 4.75, 6.75],
			"to": [6, 5.1, 7],
			"faces": {
				"north": {"uv": [13, 3, 14, 4], "texture": "#1"},
				"east": {"uv": [4, 13, 5, 14], "texture": "#1"},
				"south": {"uv": [13, 4, 14, 5], "texture": "#1"},
				"west": {"uv": [5, 13, 6, 14], "texture": "#1"},
				"up": {"uv": [14, 6, 13, 5], "texture": "#1"},
				"down": {"uv": [7, 13, 6, 14], "texture": "#1"}
			}
		},
		{
			"from": [5.75, 4.75, 6.25],
			"to": [6, 4.85, 6.75],
			"faces": {
				"north": {"uv": [13, 6, 14, 7], "texture": "#1"},
				"east": {"uv": [7, 13, 8, 14], "texture": "#1"},
				"south": {"uv": [13, 7, 14, 8], "texture": "#1"},
				"west": {"uv": [8, 13, 9, 14], "texture": "#1"},
				"up": {"uv": [14, 9, 13, 8], "texture": "#1"},
				"down": {"uv": [10, 13, 9, 14], "texture": "#1"}
			}
		},
		{
			"from": [5.75, 6.25, 7.15],
			"to": [6, 6.75, 7.65],
			"faces": {
				"north": {"uv": [13, 9, 14, 10], "texture": "#1"},
				"east": {"uv": [10, 13, 11, 14], "texture": "#1"},
				"south": {"uv": [13, 10, 14, 11], "texture": "#1"},
				"west": {"uv": [11, 13, 12, 14], "texture": "#1"},
				"up": {"uv": [14, 12, 13, 11], "texture": "#1"},
				"down": {"uv": [13, 13, 12, 14], "texture": "#1"}
			}
		},
		{
			"from": [5.65, 7.25, 5.9],
			"to": [6, 7.5, 7.1],
			"faces": {
				"north": {"uv": [13, 12, 14, 13], "texture": "#1"},
				"east": {"uv": [13, 13, 14, 14], "texture": "#1"},
				"south": {"uv": [0, 14, 1, 15], "texture": "#1"},
				"west": {"uv": [14, 0, 15, 1], "texture": "#1"},
				"up": {"uv": [2, 15, 1, 14], "texture": "#1"},
				"down": {"uv": [15, 1, 14, 2], "texture": "#1"}
			}
		},
		{
			"from": [7.5, 9, 5.5],
			"to": [9, 9.75, 7.5],
			"faces": {
				"north": {"uv": [8, 7, 10, 8], "texture": "#1"},
				"east": {"uv": [8, 8, 10, 9], "texture": "#1"},
				"south": {"uv": [9, 0, 11, 1], "texture": "#1"},
				"west": {"uv": [9, 1, 11, 2], "texture": "#1"},
				"up": {"uv": [4, 2, 2, 0], "texture": "#1"},
				"down": {"uv": [4, 2, 2, 4], "texture": "#1"}
			}
		},
		{
			"from": [9, 9, 5.5],
			"to": [9.75, 9.25, 7.5],
			"faces": {
				"north": {"uv": [2, 14, 3, 15], "texture": "#1"},
				"east": {"uv": [9, 2, 11, 3], "texture": "#1"},
				"south": {"uv": [14, 2, 15, 3], "texture": "#1"},
				"west": {"uv": [9, 3, 11, 4], "texture": "#1"},
				"up": {"uv": [3, 11, 2, 9], "texture": "#1"},
				"down": {"uv": [10, 4, 9, 6], "texture": "#1"}
			}
		},
		{
			"from": [6.5, 9.25, 5.5],
			"to": [7.5, 9.75, 6],
			"faces": {
				"north": {"uv": [3, 14, 4, 15], "texture": "#1"},
				"east": {"uv": [14, 3, 15, 4], "texture": "#1"},
				"south": {"uv": [4, 14, 5, 15], "texture": "#1"},
				"west": {"uv": [14, 4, 15, 5], "texture": "#1"},
				"up": {"uv": [6, 15, 5, 14], "texture": "#1"},
				"down": {"uv": [15, 5, 14, 6], "texture": "#1"}
			}
		},
		{
			"from": [6.5, 9.25, 7],
			"to": [7.5, 9.75, 7.5],
			"faces": {
				"north": {"uv": [5, 9, 6, 10], "texture": "#1"},
				"east": {"uv": [6, 9, 7, 10], "texture": "#1"},
				"south": {"uv": [9, 6, 10, 7], "texture": "#1"},
				"west": {"uv": [8, 9, 9, 10], "texture": "#1"},
				"up": {"uv": [10, 10, 9, 9], "texture": "#1"},
				"down": {"uv": [1, 10, 0, 11], "texture": "#1"}
			}
		},
		{
			"from": [1.75, 1, -5.75],
			"to": [5.75, 2, -4.75],
			"rotation": {"angle": -22.5, "axis": "x", "origin": [6.25, 1.5, -2.25]},
			"faces": {
				"north": {"uv": [0, 0, 4, 1], "texture": "#2"},
				"east": {"uv": [2, 6, 3, 7], "texture": "#2"},
				"south": {"uv": [0, 1, 4, 2], "texture": "#2"},
				"west": {"uv": [6, 3, 7, 4], "texture": "#2"},
				"up": {"uv": [4, 3, 0, 2], "texture": "#2"},
				"down": {"uv": [4, 3, 0, 4], "texture": "#2"}
			}
		},
		{
			"from": [1.5, 1.25, -7.5],
			"to": [1.75, 1.75, -5],
			"rotation": {"angle": -22.5, "axis": "x", "origin": [6.25, 1.5, -2.25]},
			"faces": {
				"north": {"uv": [6, 5, 7, 6], "texture": "#2"},
				"east": {"uv": [0, 4, 3, 5], "texture": "#2"},
				"south": {"uv": [6, 6, 7, 7], "texture": "#2"},
				"west": {"uv": [4, 0, 7, 1], "texture": "#2"},
				"up": {"uv": [5, 4, 4, 1], "texture": "#2"},
				"down": {"uv": [4, 4, 3, 7], "texture": "#2"}
			}
		},
		{
			"from": [1.5, 1.25, -7.75],
			"to": [2, 1.75, -7.5],
			"rotation": {"angle": -22.5, "axis": "x", "origin": [6.25, 1.5, -2.25]},
			"faces": {
				"north": {"uv": [7, 0, 8, 1], "texture": "#2"},
				"east": {"uv": [7, 1, 8, 2], "texture": "#2"},
				"south": {"uv": [2, 7, 3, 8], "texture": "#2"},
				"west": {"uv": [7, 2, 8, 3], "texture": "#2"},
				"up": {"uv": [4, 8, 3, 7], "texture": "#2"},
				"down": {"uv": [8, 3, 7, 4], "texture": "#2"}
			}
		},
		{
			"from": [6, 1, -4.75],
			"to": [6.5, 2, -1.75],
			"rotation": {"angle": -22.5, "axis": "x", "origin": [6.25, 1.5, -2.25]},
			"faces": {
				"north": {"uv": [7, 4, 8, 5], "texture": "#2"},
				"east": {"uv": [4, 4, 7, 5], "texture": "#2"},
				"south": {"uv": [5, 7, 6, 8], "texture": "#2"},
				"west": {"uv": [0, 5, 3, 6], "texture": "#2"},
				"up": {"uv": [6, 4, 5, 1], "texture": "#2"},
				"down": {"uv": [5, 5, 4, 8], "texture": "#2"}
			}
		},
		{
			"from": [5.75, 0.75, -5.75],
			"to": [6.75, 2.25, -4.75],
			"rotation": {"angle": -22.5, "axis": "x", "origin": [6.25, 1.5, -2.25]},
			"faces": {
				"north": {"uv": [7, 5, 8, 6], "texture": "#2"},
				"east": {"uv": [6, 7, 7, 8], "texture": "#2"},
				"south": {"uv": [7, 6, 8, 7], "texture": "#2"},
				"west": {"uv": [7, 7, 8, 8], "texture": "#2"},
				"up": {"uv": [1, 9, 0, 8], "texture": "#2"},
				"down": {"uv": [9, 0, 8, 1], "texture": "#2"}
			}
		},
		{
			"from": [6, 0.5, -5.5],
			"to": [6.5, 2.5, -5],
			"rotation": {"angle": -22.5, "axis": "x", "origin": [6.25, 1.5, -2.25]},
			"faces": {
				"north": {"uv": [5, 5, 6, 7], "texture": "#2"},
				"east": {"uv": [0, 6, 1, 8], "texture": "#2"},
				"south": {"uv": [1, 6, 2, 8], "texture": "#2"},
				"west": {"uv": [6, 1, 7, 3], "texture": "#2"},
				"up": {"uv": [2, 9, 1, 8], "texture": "#2"},
				"down": {"uv": [9, 1, 8, 2], "texture": "#2"}
			}
		},
		{
			"from": [4, 6.25, 3.5],
			"to": [5.5, 6.5, 4],
			"rotation": {"angle": 22.5, "axis": "z", "origin": [4, 6.5, 3.75]},
			"color": 0,
			"faces": {
				"north": {"uv": [0, 0, 1.5, 0.25], "texture": "#missing"},
				"east": {"uv": [0, 0, 0.5, 0.25], "texture": "#missing"},
				"south": {"uv": [0, 0, 1.5, 0.25], "texture": "#missing"},
				"west": {"uv": [0, 0, 0.5, 0.25], "texture": "#missing"},
				"up": {"uv": [0, 0, 1.5, 0.5], "texture": "#missing"},
				"down": {"uv": [0, 0, 1.5, 0.5], "texture": "#missing"}
			}
		},
		{
			"from": [10, 5, 10],
			"to": [10.25, 6.25, 11],
			"rotation": {"angle": 0, "axis": "y", "origin": [16, 0, 0]},
			"faces": {
				"north": {"uv": [5.5, 7.75, 5.75, 8], "texture": "#0"},
				"east": {"uv": [7.5, 8.25, 7.75, 8.5], "texture": "#0"},
				"south": {"uv": [7.25, 8.75, 7.5, 9], "texture": "#0"},
				"west": {"uv": [11.75, 2.5, 12, 2.75], "texture": "#0"},
				"up": {"uv": [12.5, 1.25, 12.25, 1], "texture": "#0"},
				"down": {"uv": [12.5, 4, 12.25, 4.25], "texture": "#0"}
			}
		},
		{
			"from": [6, 4, -6],
			"to": [10, 9, 14],
			"faces": {
				"north": {"uv": [2, 7.75, 3, 9], "texture": "#0"},
				"east": {"uv": [0, 0, 5, 1.25], "texture": "#0"},
				"south": {"uv": [3, 7.75, 4, 9], "texture": "#0"},
				"west": {"uv": [0, 1.25, 5, 2.5], "texture": "#0"},
				"up": {"uv": [1, 7.5, 0, 2.5], "texture": "#0"},
				"down": {"uv": [2, 2.5, 1, 7.5], "texture": "#0"}
			}
		},
		{
			"from": [6, 7.5, -9],
			"to": [10, 8.5, -6],
			"faces": {
				"north": {"uv": [11.25, 5.75, 12.25, 6], "texture": "#0"},
				"east": {"uv": [6.25, 1.75, 7, 2], "texture": "#0"},
				"south": {"uv": [11.25, 6, 12.25, 6.25], "texture": "#0"},
				"west": {"uv": [3.25, 9, 4, 9.25], "texture": "#0"},
				"up": {"uv": [10.25, 5, 9.25, 4.25], "texture": "#0"},
				"down": {"uv": [5.5, 9.25, 4.5, 10], "texture": "#0"}
			}
		},
		{
			"from": [6, 5, -9],
			"to": [10, 5.5, -6],
			"faces": {
				"north": {"uv": [11.25, 7, 12.25, 7.25], "texture": "#0"},
				"east": {"uv": [3, 11.5, 3.75, 11.75], "texture": "#0"},
				"south": {"uv": [11.25, 7.25, 12.25, 7.5], "texture": "#0"},
				"west": {"uv": [11.5, 3, 12.25, 3.25], "texture": "#0"},
				"up": {"uv": [10.25, 5.75, 9.25, 5], "texture": "#0"},
				"down": {"uv": [10.25, 5.75, 9.25, 6.5], "texture": "#0"}
			}
		},
		{
			"from": [9, 5.5, -9],
			"to": [10, 7.5, -6],
			"faces": {
				"north": {"uv": [11.5, 9.75, 11.75, 10.25], "texture": "#0"},
				"east": {"uv": [5, 2, 5.75, 2.5], "texture": "#0"},
				"south": {"uv": [11.5, 11.75, 11.75, 12.25], "texture": "#0"},
				"west": {"uv": [6.25, 1.25, 7, 1.75], "texture": "#0"},
				"up": {"uv": [11.75, 4, 11.5, 3.25], "texture": "#0"},
				"down": {"uv": [4, 11.5, 3.75, 12.25], "texture": "#0"}
			}
		},
		{
			"from": [6, 5.5, -9],
			"to": [7, 7.5, -6],
			"rotation": {"angle": 0, "axis": "y", "origin": [16, 0, 0]},
			"faces": {
				"north": {"uv": [12, 1.75, 12.25, 2.25], "texture": "#0"},
				"east": {"uv": [10.25, 7.5, 11, 8], "texture": "#0"},
				"south": {"uv": [12, 2.25, 12.25, 2.75], "texture": "#0"},
				"west": {"uv": [8, 10.25, 8.75, 10.75], "texture": "#0"},
				"up": {"uv": [4.25, 12.25, 4, 11.5], "texture": "#0"},
				"down": {"uv": [11.25, 11.5, 11, 12.25], "texture": "#0"}
			}
		},
		{
			"from": [5.75, 2.75, 8.75],
			"to": [6.5, 4.75, 12.75],
			"rotation": {"angle": -22.5, "axis": "z", "origin": [6.375, 3.625, 12]},
			"faces": {
				"north": {"uv": [12, 3.25, 12.25, 3.75], "texture": "#0"},
				"east": {"uv": [10.25, 4.25, 11.25, 4.75], "texture": "#0"},
				"south": {"uv": [12, 3.75, 12.25, 4.25], "texture": "#0"},
				"west": {"uv": [10.25, 4.75, 11.25, 5.25], "texture": "#0"},
				"up": {"uv": [8, 12.25, 7.75, 11.25], "texture": "#0"},
				"down": {"uv": [8.25, 11.25, 8, 12.25], "texture": "#0"}
			}
		},
		{
			"from": [9.5, 2.75, 8.75],
			"to": [10.25, 4.75, 12.75],
			"rotation": {"angle": 22.5, "axis": "z", "origin": [9.625, 3.625, 12]},
			"faces": {
				"north": {"uv": [4.25, 12, 4.5, 12.5], "texture": "#0"},
				"east": {"uv": [10.25, 5.25, 11.25, 5.75], "texture": "#0"},
				"south": {"uv": [4.5, 12, 4.75, 12.5], "texture": "#0"},
				"west": {"uv": [10.25, 5.75, 11.25, 6.25], "texture": "#0"},
				"up": {"uv": [8.5, 12.25, 8.25, 11.25], "texture": "#0"},
				"down": {"uv": [8.75, 11.25, 8.5, 12.25], "texture": "#0"}
			}
		},
		{
			"from": [6, 6, 14],
			"to": [10, 9, 20],
			"faces": {
				"north": {"uv": [9.25, 6.5, 10.25, 7.25], "texture": "#0"},
				"east": {"uv": [4, 7.75, 5.5, 8.5], "texture": "#0"},
				"south": {"uv": [9.25, 7.25, 10.25, 8], "texture": "#0"},
				"west": {"uv": [7.75, 4.25, 9.25, 5], "texture": "#0"},
				"up": {"uv": [8, 2.75, 7, 1.25], "texture": "#0"},
				"down": {"uv": [8, 2.75, 7, 4.25], "texture": "#0"}
			}
		},
		{
			"from": [6.25, 6.25, 20],
			"to": [9.75, 9.75, 23],
			"faces": {
				"north": {"uv": [8, 0.75, 9, 1.75], "texture": "#0"},
				"east": {"uv": [1.25, 9.25, 2, 10.25], "texture": "#0"},
				"south": {"uv": [8, 1.75, 9, 2.75], "texture": "#0"},
				"west": {"uv": [5.5, 9.5, 6.25, 10.5], "texture": "#0"},
				"up": {"uv": [10.5, 0.75, 9.5, 0], "texture": "#0"},
				"down": {"uv": [7.25, 9.5, 6.25, 10.25], "texture": "#0"}
			}
		},
		{
			"from": [5.5, 7.5, -6.25],
			"to": [10.5, 9, 2],
			"faces": {
				"north": {"uv": [2.75, 10, 4, 10.5], "texture": "#0"},
				"east": {"uv": [8, 3.75, 10, 4.25], "texture": "#0"},
				"south": {"uv": [10, 2.75, 11.25, 3.25], "texture": "#0"},
				"west": {"uv": [7.75, 8, 9.75, 8.5], "texture": "#0"},
				"up": {"uv": [3.25, 6.5, 2, 4.5], "texture": "#0"},
				"down": {"uv": [5.75, 2.5, 4.5, 4.5], "texture": "#0"}
			}
		},
		{
			"from": [6.75, 9, -6.25],
			"to": [9.25, 10.5, 2],
			"faces": {
				"north": {"uv": [8.75, 10.25, 9.5, 10.75], "texture": "#0"},
				"east": {"uv": [0, 8.25, 2, 8.75], "texture": "#0"},
				"south": {"uv": [9.5, 10.25, 10.25, 10.75], "texture": "#0"},
				"west": {"uv": [5.5, 8.25, 7.5, 8.75], "texture": "#0"},
				"up": {"uv": [7.75, 6.25, 7, 4.25], "texture": "#0"},
				"down": {"uv": [7.75, 6.25, 7, 8.25], "texture": "#0"}
			}
		},
		{
			"from": [5.75, 9.75, -6.25],
			"to": [6.75, 10.5, -5],
			"faces": {
				"north": {"uv": [12.25, 7.25, 12.5, 7.5], "texture": "#0"},
				"east": {"uv": [12.25, 7.5, 12.5, 7.75], "texture": "#0"},
				"south": {"uv": [7.75, 12.25, 8, 12.5], "texture": "#0"},
				"west": {"uv": [12.25, 7.75, 12.5, 8], "texture": "#0"},
				"up": {"uv": [8.25, 12.5, 8, 12.25], "texture": "#0"},
				"down": {"uv": [12.5, 8, 12.25, 8.25], "texture": "#0"}
			}
		},
		{
			"from": [5.75, 9.75, -4.25],
			"to": [6.75, 10.5, -3],
			"faces": {
				"north": {"uv": [8.25, 12.25, 8.5, 12.5], "texture": "#0"},
				"east": {"uv": [12.25, 8.25, 12.5, 8.5], "texture": "#0"},
				"south": {"uv": [8.5, 12.25, 8.75, 12.5], "texture": "#0"},
				"west": {"uv": [12.25, 8.5, 12.5, 8.75], "texture": "#0"},
				"up": {"uv": [9, 12.5, 8.75, 12.25], "texture": "#0"},
				"down": {"uv": [12.5, 8.75, 12.25, 9], "texture": "#0"}
			}
		},
		{
			"from": [5.75, 9.75, -2.25],
			"to": [6.75, 10.5, -1],
			"faces": {
				"north": {"uv": [9, 12.25, 9.25, 12.5], "texture": "#0"},
				"east": {"uv": [12.25, 9, 12.5, 9.25], "texture": "#0"},
				"south": {"uv": [9.25, 12.25, 9.5, 12.5], "texture": "#0"},
				"west": {"uv": [12.25, 9.25, 12.5, 9.5], "texture": "#0"},
				"up": {"uv": [9.75, 12.5, 9.5, 12.25], "texture": "#0"},
				"down": {"uv": [12.5, 9.5, 12.25, 9.75], "texture": "#0"}
			}
		},
		{
			"from": [5.75, 9.75, -0.25],
			"to": [6.75, 10.5, 2],
			"faces": {
				"north": {"uv": [12.25, 9.75, 12.5, 10], "texture": "#0"},
				"east": {"uv": [5.5, 9.25, 6, 9.5], "texture": "#0"},
				"south": {"uv": [12.25, 10, 12.5, 10.25], "texture": "#0"},
				"west": {"uv": [2.75, 9.75, 3.25, 10], "texture": "#0"},
				"up": {"uv": [5, 12.5, 4.75, 12], "texture": "#0"},
				"down": {"uv": [5.25, 12, 5, 12.5], "texture": "#0"}
			}
		},
		{
			"from": [9.25, 9.75, -0.25],
			"to": [10.25, 10.5, 2],
			"faces": {
				"north": {"uv": [10.25, 12.25, 10.5, 12.5], "texture": "#0"},
				"east": {"uv": [11.5, 4, 12, 4.25], "texture": "#0"},
				"south": {"uv": [12.25, 10.25, 12.5, 10.5], "texture": "#0"},
				"west": {"uv": [5.25, 12, 5.75, 12.25], "texture": "#0"},
				"up": {"uv": [6, 12.5, 5.75, 12], "texture": "#0"},
				"down": {"uv": [6.25, 12, 6, 12.5], "texture": "#0"}
			}
		},
		{
			"from": [5.75, 9, -6.25],
			"to": [6.75, 9.75, 2],
			"faces": {
				"north": {"uv": [11, 12.25, 11.25, 12.5], "texture": "#0"},
				"east": {"uv": [9.75, 9.5, 11.75, 9.75], "texture": "#0"},
				"south": {"uv": [11.5, 12.25, 11.75, 12.5], "texture": "#0"},
				"west": {"uv": [10.25, 6.25, 12.25, 6.5], "texture": "#0"},
				"up": {"uv": [5.5, 12, 5.25, 10], "texture": "#0"},
				"down": {"uv": [1.5, 10.25, 1.25, 12.25], "texture": "#0"}
			}
		},
		{
			"from": [9.25, 9, -6.25],
			"to": [10.25, 9.75, 2],
			"rotation": {"angle": 0, "axis": "y", "origin": [16, 0, 0]},
			"faces": {
				"north": {"uv": [11.75, 12.25, 12, 12.5], "texture": "#0"},
				"east": {"uv": [10.25, 6.5, 12.25, 6.75], "texture": "#0"},
				"south": {"uv": [12, 12.25, 12.25, 12.5], "texture": "#0"},
				"west": {"uv": [10.25, 6.75, 12.25, 7], "texture": "#0"},
				"up": {"uv": [1.75, 12.25, 1.5, 10.25], "texture": "#0"},
				"down": {"uv": [2, 10.25, 1.75, 12.25], "texture": "#0"}
			}
		},
		{
			"from": [5.5, 8, -11],
			"to": [6.5, 9.25, -7],
			"faces": {
				"north": {"uv": [12.25, 12, 12.5, 12.25], "texture": "#0"},
				"east": {"uv": [11.25, 8, 12.25, 8.25], "texture": "#0"},
				"south": {"uv": [12.25, 12.25, 12.5, 12.5], "texture": "#0"},
				"west": {"uv": [11.25, 8.25, 12.25, 8.5], "texture": "#0"},
				"up": {"uv": [9, 12.25, 8.75, 11.25], "texture": "#0"},
				"down": {"uv": [9.25, 11.25, 9, 12.25], "texture": "#0"}
			}
		},
		{
			"from": [5.25, 5, -11.75],
			"to": [6.5, 8, -6.5],
			"faces": {
				"north": {"uv": [11.75, 1.75, 12, 2.5], "texture": "#0"},
				"east": {"uv": [6, 8.75, 7.25, 9.5], "texture": "#0"},
				"south": {"uv": [3, 11.75, 3.25, 12.5], "texture": "#0"},
				"west": {"uv": [9, 1.25, 10.25, 2], "texture": "#0"},
				"up": {"uv": [10.75, 12, 10.5, 10.75], "texture": "#0"},
				"down": {"uv": [11, 10.75, 10.75, 12], "texture": "#0"}
			}
		},
		{
			"from": [5.75, 4, -11.75],
			"to": [6.5, 5, -6.5],
			"faces": {
				"north": {"uv": [0, 12.5, 0.25, 12.75], "texture": "#0"},
				"east": {"uv": [11, 0, 12.25, 0.25], "texture": "#0"},
				"south": {"uv": [12.5, 0, 12.75, 0.25], "texture": "#0"},
				"west": {"uv": [11, 0.25, 12.25, 0.5], "texture": "#0"},
				"up": {"uv": [0.25, 12.25, 0, 11], "texture": "#0"},
				"down": {"uv": [0.5, 11, 0.25, 12.25], "texture": "#0"}
			}
		},
		{
			"from": [6.25, 3.25, -11.75],
			"to": [7.25, 4, -6.5],
			"faces": {
				"north": {"uv": [0.25, 12.5, 0.5, 12.75], "texture": "#0"},
				"east": {"uv": [11, 0.5, 12.25, 0.75], "texture": "#0"},
				"south": {"uv": [12.5, 0.25, 12.75, 0.5], "texture": "#0"},
				"west": {"uv": [11, 0.75, 12.25, 1], "texture": "#0"},
				"up": {"uv": [0.75, 12.25, 0.5, 11], "texture": "#0"},
				"down": {"uv": [3, 11, 2.75, 12.25], "texture": "#0"}
			}
		},
		{
			"from": [8.75, 3.25, -11.75],
			"to": [9.75, 4, -6.5],
			"rotation": {"angle": 0, "axis": "y", "origin": [16, 0, 0]},
			"faces": {
				"north": {"uv": [12.5, 0.5, 12.75, 0.75], "texture": "#0"},
				"east": {"uv": [11, 1, 12.25, 1.25], "texture": "#0"},
				"south": {"uv": [0.75, 12.5, 1, 12.75], "texture": "#0"},
				"west": {"uv": [3, 11, 4.25, 11.25], "texture": "#0"},
				"up": {"uv": [6.5, 12.25, 6.25, 11], "texture": "#0"},
				"down": {"uv": [6.75, 11, 6.5, 12.25], "texture": "#0"}
			}
		},
		{
			"from": [6.5, 8, -11],
			"to": [9.5, 9.75, -7],
			"faces": {
				"north": {"uv": [10.25, 10.25, 11, 10.75], "texture": "#0"},
				"east": {"uv": [6.25, 10.25, 7.25, 10.75], "texture": "#0"},
				"south": {"uv": [0, 10.5, 0.75, 11], "texture": "#0"},
				"west": {"uv": [10.25, 7, 11.25, 7.5], "texture": "#0"},
				"up": {"uv": [2.75, 10.75, 2, 9.75], "texture": "#0"},
				"down": {"uv": [8, 9.75, 7.25, 10.75], "texture": "#0"}
			}
		},
		{
			"from": [5.5, 5, -5],
			"to": [10.5, 7.5, 3],
			"faces": {
				"north": {"uv": [2, 9, 3.25, 9.75], "texture": "#0"},
				"east": {"uv": [0, 7.5, 2, 8.25], "texture": "#0"},
				"south": {"uv": [9, 2, 10.25, 2.75], "texture": "#0"},
				"west": {"uv": [7.5, 0, 9.5, 0.75], "texture": "#0"},
				"up": {"uv": [4.5, 6.5, 3.25, 4.5], "texture": "#0"},
				"down": {"uv": [5.75, 4.5, 4.5, 6.5], "texture": "#0"}
			}
		},
		{
			"from": [5.5, 2.75, -4],
			"to": [10.5, 5, 4],
			"faces": {
				"north": {"uv": [10, 3.25, 11.25, 3.75], "texture": "#0"},
				"east": {"uv": [7.5, 8.5, 9.5, 9], "texture": "#0"},
				"south": {"uv": [10, 3.75, 11.25, 4.25], "texture": "#0"},
				"west": {"uv": [0, 8.75, 2, 9.25], "texture": "#0"},
				"up": {"uv": [6.25, 2, 5, 0], "texture": "#0"},
				"down": {"uv": [7, 2, 5.75, 4], "texture": "#0"}
			}
		},
		{
			"from": [8, 0.75, -3],
			"to": [9, 2.75, -1.5],
			"faces": {
				"north": {"uv": [12, 9, 12.25, 9.5], "texture": "#0"},
				"east": {"uv": [7.5, 0.75, 8, 1.25], "texture": "#0"},
				"south": {"uv": [12, 9.5, 12.25, 10], "texture": "#0"},
				"west": {"uv": [11.25, 9, 11.75, 9.5], "texture": "#0"},
				"up": {"uv": [12.25, 10.5, 12, 10], "texture": "#0"},
				"down": {"uv": [10.75, 12, 10.5, 12.5], "texture": "#0"}
			}
		},
		{
			"from": [6.5, 1, -2.75],
			"to": [8, 2, -1.75],
			"faces": {
				"north": {"uv": [12, 10.5, 12.5, 10.75], "texture": "#0"},
				"east": {"uv": [12.5, 0.75, 12.75, 1], "texture": "#0"},
				"south": {"uv": [12, 10.75, 12.5, 11], "texture": "#0"},
				"west": {"uv": [1, 12.5, 1.25, 12.75], "texture": "#0"},
				"up": {"uv": [12.5, 11.25, 12, 11], "texture": "#0"},
				"down": {"uv": [12.5, 11.25, 12, 11.5], "texture": "#0"}
			}
		},
		{
			"from": [7, 9, 2],
			"to": [9, 9.5, 3],
			"faces": {
				"north": {"uv": [12, 11.5, 12.5, 11.75], "texture": "#0"},
				"east": {"uv": [12.5, 1, 12.75, 1.25], "texture": "#0"},
				"south": {"uv": [11.75, 12, 12.25, 12.25], "texture": "#0"},
				"west": {"uv": [12.5, 1.25, 12.75, 1.5], "texture": "#0"},
				"up": {"uv": [12.5, 12, 12, 11.75], "texture": "#0"},
				"down": {"uv": [0.5, 12.25, 0, 12.5], "texture": "#0"}
			}
		},
		{
			"from": [5.5, 7.75, 10],
			"to": [10.5, 10, 18],
			"faces": {
				"north": {"uv": [4, 10, 5.25, 10.5], "texture": "#0"},
				"east": {"uv": [4, 8.75, 6, 9.25], "texture": "#0"},
				"south": {"uv": [10.25, 1.25, 11.5, 1.75], "texture": "#0"},
				"west": {"uv": [9, 0.75, 11, 1.25], "texture": "#0"},
				"up": {"uv": [7, 6, 5.75, 4], "texture": "#0"},
				"down": {"uv": [7, 6, 5.75, 8], "texture": "#0"}
			}
		},
		{
			"from": [5.5, 6.75, 13],
			"to": [10.5, 7.75, 18],
			"faces": {
				"north": {"uv": [6.75, 11, 8, 11.25], "texture": "#0"},
				"east": {"uv": [11, 7.5, 12.25, 7.75], "texture": "#0"},
				"south": {"uv": [11, 7.75, 12.25, 8], "texture": "#0"},
				"west": {"uv": [8, 11, 9.25, 11.25], "texture": "#0"},
				"up": {"uv": [7.5, 1.25, 6.25, 0], "texture": "#0"},
				"down": {"uv": [3.25, 6.5, 2, 7.75], "texture": "#0"}
			}
		},
		{
			"from": [5.5, 7, 8.25],
			"to": [10.5, 9.5, 10],
			"faces": {
				"north": {"uv": [7.25, 9, 8.5, 9.75], "texture": "#0"},
				"east": {"uv": [10.5, 0, 11, 0.75], "texture": "#0"},
				"south": {"uv": [8.5, 9, 9.75, 9.75], "texture": "#0"},
				"west": {"uv": [0.75, 10.5, 1.25, 11.25], "texture": "#0"},
				"up": {"uv": [11.5, 2.25, 10.25, 1.75], "texture": "#0"},
				"down": {"uv": [11.5, 2.25, 10.25, 2.75], "texture": "#0"}
			}
		},
		{
			"from": [5.75, 5, 12],
			"to": [6, 6.75, 15],
			"faces": {
				"north": {"uv": [10.75, 12, 11, 12.5], "texture": "#0"},
				"east": {"uv": [2.75, 10.5, 3.5, 11], "texture": "#0"},
				"south": {"uv": [12.25, 0, 12.5, 0.5], "texture": "#0"},
				"west": {"uv": [3.5, 10.5, 4.25, 11], "texture": "#0"},
				"up": {"uv": [3.5, 12.5, 3.25, 11.75], "texture": "#0"},
				"down": {"uv": [12, 3.25, 11.75, 4], "texture": "#0"}
			}
		},
		{
			"from": [5.75, 5, 11],
			"to": [6, 7, 12],
			"faces": {
				"north": {"uv": [0.5, 12.25, 0.75, 12.75], "texture": "#0"},
				"east": {"uv": [12.25, 0.5, 12.5, 1], "texture": "#0"},
				"south": {"uv": [1.25, 12.25, 1.5, 12.75], "texture": "#0"},
				"west": {"uv": [1.5, 12.25, 1.75, 12.75], "texture": "#0"},
				"up": {"uv": [12.75, 1.75, 12.5, 1.5], "texture": "#0"},
				"down": {"uv": [12.75, 1.75, 12.5, 2], "texture": "#0"}
			}
		},
		{
			"from": [5.75, 5, 8.5],
			"to": [6, 7, 10],
			"faces": {
				"north": {"uv": [1.75, 12.25, 2, 12.75], "texture": "#0"},
				"east": {"uv": [9.75, 11.25, 10.25, 11.75], "texture": "#0"},
				"south": {"uv": [12.25, 1.75, 12.5, 2.25], "texture": "#0"},
				"west": {"uv": [11.25, 10.25, 11.75, 10.75], "texture": "#0"},
				"up": {"uv": [2.25, 12.75, 2, 12.25], "texture": "#0"},
				"down": {"uv": [2.5, 12.25, 2.25, 12.75], "texture": "#0"}
			}
		},
		{
			"from": [5.75, 5, 10],
			"to": [6, 6.25, 11],
			"faces": {
				"north": {"uv": [12.5, 2, 12.75, 2.25], "texture": "#0"},
				"east": {"uv": [12.5, 2.25, 12.75, 2.5], "texture": "#0"},
				"south": {"uv": [12.5, 2.5, 12.75, 2.75], "texture": "#0"},
				"west": {"uv": [12.5, 2.75, 12.75, 3], "texture": "#0"},
				"up": {"uv": [3.25, 12.75, 3, 12.5], "texture": "#0"},
				"down": {"uv": [12.75, 3, 12.5, 3.25], "texture": "#0"}
			}
		},
		{
			"from": [5.75, 4, 8.5],
			"to": [6, 5, 13],
			"faces": {
				"north": {"uv": [3.25, 12.5, 3.5, 12.75], "texture": "#0"},
				"east": {"uv": [11, 8.5, 12.25, 8.75], "texture": "#0"},
				"south": {"uv": [12.5, 3.25, 12.75, 3.5], "texture": "#0"},
				"west": {"uv": [11, 8.75, 12.25, 9], "texture": "#0"},
				"up": {"uv": [11.25, 11.5, 11, 10.25], "texture": "#0"},
				"down": {"uv": [1, 11.25, 0.75, 12.5], "texture": "#0"}
			}
		},
		{
			"from": [5.5, 6.5, 20],
			"to": [6.25, 9.5, 26],
			"faces": {
				"north": {"uv": [3.5, 11.75, 3.75, 12.5], "texture": "#0"},
				"east": {"uv": [7.75, 5, 9.25, 5.75], "texture": "#0"},
				"south": {"uv": [11.75, 9, 12, 9.75], "texture": "#0"},
				"west": {"uv": [7.75, 5.75, 9.25, 6.5], "texture": "#0"},
				"up": {"uv": [4.5, 12, 4.25, 10.5], "texture": "#0"},
				"down": {"uv": [4.75, 10.5, 4.5, 12], "texture": "#0"}
			}
		},
		{
			"from": [6, 5, 20],
			"to": [6.5, 6.5, 26],
			"faces": {
				"north": {"uv": [12.25, 2.25, 12.5, 2.75], "texture": "#0"},
				"east": {"uv": [9.5, 8.5, 11, 9], "texture": "#0"},
				"south": {"uv": [2.5, 12.25, 2.75, 12.75], "texture": "#0"},
				"west": {"uv": [8, 9.75, 9.5, 10.25], "texture": "#0"},
				"up": {"uv": [5, 12, 4.75, 10.5], "texture": "#0"},
				"down": {"uv": [5.25, 10.5, 5, 12], "texture": "#0"}
			}
		},
		{
			"from": [9.5, 5, 20],
			"to": [10, 6.5, 26],
			"rotation": {"angle": 0, "axis": "y", "origin": [16, 0, 0]},
			"faces": {
				"north": {"uv": [2.75, 12.25, 3, 12.75], "texture": "#0"},
				"east": {"uv": [9.75, 8, 11.25, 8.5], "texture": "#0"},
				"south": {"uv": [12.25, 3, 12.5, 3.5], "texture": "#0"},
				"west": {"uv": [9.75, 9, 11.25, 9.5], "texture": "#0"},
				"up": {"uv": [5.75, 12, 5.5, 10.5], "texture": "#0"},
				"down": {"uv": [6, 10.5, 5.75, 12], "texture": "#0"}
			}
		},
		{
			"from": [9.75, 6.5, 20],
			"to": [10.5, 9.5, 26],
			"rotation": {"angle": 0, "axis": "y", "origin": [16, 0, 0]},
			"faces": {
				"north": {"uv": [9.75, 11.75, 10, 12.5], "texture": "#0"},
				"east": {"uv": [7.75, 6.5, 9.25, 7.25], "texture": "#0"},
				"south": {"uv": [11.75, 9.75, 12, 10.5], "texture": "#0"},
				"west": {"uv": [7.75, 7.25, 9.25, 8], "texture": "#0"},
				"up": {"uv": [6.25, 12, 6, 10.5], "texture": "#0"},
				"down": {"uv": [2.25, 10.75, 2, 12.25], "texture": "#0"}
			}
		},
		{
			"from": [9, 9.5, 20],
			"to": [10, 10, 26],
			"faces": {
				"north": {"uv": [3.5, 12.5, 3.75, 12.75], "texture": "#0"},
				"east": {"uv": [5.5, 8, 7, 8.25], "texture": "#0"},
				"south": {"uv": [12.5, 3.5, 12.75, 3.75], "texture": "#0"},
				"west": {"uv": [4, 8.5, 5.5, 8.75], "texture": "#0"},
				"up": {"uv": [2.5, 12.25, 2.25, 10.75], "texture": "#0"},
				"down": {"uv": [2.75, 10.75, 2.5, 12.25], "texture": "#0"}
			}
		},
		{
			"from": [6, 9.5, 20],
			"to": [7, 10, 26],
			"rotation": {"angle": 0, "axis": "y", "origin": [16, 0, 0]},
			"faces": {
				"north": {"uv": [12.5, 3.75, 12.75, 4], "texture": "#0"},
				"east": {"uv": [6.25, 10.75, 7.75, 11], "texture": "#0"},
				"south": {"uv": [12.5, 4, 12.75, 4.25], "texture": "#0"},
				"west": {"uv": [7.75, 10.75, 9.25, 11], "texture": "#0"},
				"up": {"uv": [9.5, 12.25, 9.25, 10.75], "texture": "#0"},
				"down": {"uv": [9.75, 10.75, 9.5, 12.25], "texture": "#0"}
			}
		},
		{
			"from": [10, 4, 8.5],
			"to": [10.25, 5, 13],
			"rotation": {"angle": 0, "axis": "y", "origin": [16, 0, 0]},
			"faces": {
				"north": {"uv": [4.25, 12.5, 4.5, 12.75], "texture": "#0"},
				"east": {"uv": [11.25, 2.75, 12.5, 3], "texture": "#0"},
				"south": {"uv": [12.5, 4.25, 12.75, 4.5], "texture": "#0"},
				"west": {"uv": [3, 11.25, 4.25, 11.5], "texture": "#0"},
				"up": {"uv": [1.25, 12.5, 1, 11.25], "texture": "#0"},
				"down": {"uv": [11.5, 3, 11.25, 4.25], "texture": "#0"}
			}
		},
		{
			"from": [10, 5, 8.5],
			"to": [10.25, 7, 10],
			"rotation": {"angle": 0, "axis": "y", "origin": [16, 0, 0]},
			"faces": {
				"north": {"uv": [12.25, 3.5, 12.5, 4], "texture": "#0"},
				"east": {"uv": [11.25, 10.75, 11.75, 11.25], "texture": "#0"},
				"south": {"uv": [3.75, 12.25, 4, 12.75], "texture": "#0"},
				"west": {"uv": [11.25, 11.25, 11.75, 11.75], "texture": "#0"},
				"up": {"uv": [4.25, 12.75, 4, 12.25], "texture": "#0"},
				"down": {"uv": [5.5, 12.25, 5.25, 12.75], "texture": "#0"}
			}
		},
		{
			"from": [10, 5, 11],
			"to": [10.25, 7, 12],
			"rotation": {"angle": 0, "axis": "y", "origin": [16, 0, 0]},
			"faces": {
				"north": {"uv": [5.5, 12.25, 5.75, 12.75], "texture": "#0"},
				"east": {"uv": [12.25, 5.75, 12.5, 6.25], "texture": "#0"},
				"south": {"uv": [6.25, 12.25, 6.5, 12.75], "texture": "#0"},
				"west": {"uv": [12.25, 6.25, 12.5, 6.75], "texture": "#0"},
				"up": {"uv": [4.75, 12.75, 4.5, 12.5], "texture": "#0"},
				"down": {"uv": [12.75, 4.5, 12.5, 4.75], "texture": "#0"}
			}
		},
		{
			"from": [10, 5, 12],
			"to": [10.25, 6.75, 15],
			"rotation": {"angle": 0, "axis": "y", "origin": [16, 0, 0]},
			"faces": {
				"north": {"uv": [6.5, 12.25, 6.75, 12.75], "texture": "#0"},
				"east": {"uv": [9.75, 10.75, 10.5, 11.25], "texture": "#0"},
				"south": {"uv": [12.25, 6.75, 12.5, 7.25], "texture": "#0"},
				"west": {"uv": [10.75, 9.75, 11.5, 10.25], "texture": "#0"},
				"up": {"uv": [10.25, 12.5, 10, 11.75], "texture": "#0"},
				"down": {"uv": [12, 10.5, 11.75, 11.25], "texture": "#0"}
			}
		},
		{
			"from": [9.5, 8, -11],
			"to": [10.5, 9.25, -7],
			"rotation": {"angle": 0, "axis": "y", "origin": [16, 0, 0]},
			"faces": {
				"north": {"uv": [4.75, 12.5, 5, 12.75], "texture": "#0"},
				"east": {"uv": [11.5, 1.25, 12.5, 1.5], "texture": "#0"},
				"south": {"uv": [12.5, 4.75, 12.75, 5], "texture": "#0"},
				"west": {"uv": [11.5, 1.5, 12.5, 1.75], "texture": "#0"},
				"up": {"uv": [10.5, 12.25, 10.25, 11.25], "texture": "#0"},
				"down": {"uv": [11.75, 1.75, 11.5, 2.75], "texture": "#0"}
			}
		},
		{
			"from": [9.5, 5, -11.75],
			"to": [10.75, 8, -6.5],
			"rotation": {"angle": 0, "axis": "y", "origin": [16, 0, 0]},
			"faces": {
				"north": {"uv": [11.25, 11.75, 11.5, 12.5], "texture": "#0"},
				"east": {"uv": [0, 9.25, 1.25, 10], "texture": "#0"},
				"south": {"uv": [11.75, 11.25, 12, 12], "texture": "#0"},
				"west": {"uv": [3.25, 9.25, 4.5, 10], "texture": "#0"},
				"up": {"uv": [7, 12.5, 6.75, 11.25], "texture": "#0"},
				"down": {"uv": [7.25, 11.25, 7, 12.5], "texture": "#0"}
			}
		},
		{
			"from": [9.5, 4, -11.75],
			"to": [10.25, 5, -6.5],
			"rotation": {"angle": 0, "axis": "y", "origin": [16, 0, 0]},
			"faces": {
				"north": {"uv": [5, 12.5, 5.25, 12.75], "texture": "#0"},
				"east": {"uv": [11.25, 5.25, 12.5, 5.5], "texture": "#0"},
				"south": {"uv": [12.5, 5, 12.75, 5.25], "texture": "#0"},
				"west": {"uv": [11.25, 5.5, 12.5, 5.75], "texture": "#0"},
				"up": {"uv": [7.5, 12.5, 7.25, 11.25], "texture": "#0"},
				"down": {"uv": [7.75, 11.25, 7.5, 12.5], "texture": "#0"}
			}
		},
		{
			"from": [9.25, 9.75, -6.25],
			"to": [10.25, 10.5, -5],
			"rotation": {"angle": 0, "axis": "y", "origin": [16, 0, 0]},
			"faces": {
				"north": {"uv": [12.5, 5.25, 12.75, 5.5], "texture": "#0"},
				"east": {"uv": [12.5, 5.5, 12.75, 5.75], "texture": "#0"},
				"south": {"uv": [5.75, 12.5, 6, 12.75], "texture": "#0"},
				"west": {"uv": [12.5, 5.75, 12.75, 6], "texture": "#0"},
				"up": {"uv": [6.25, 12.75, 6, 12.5], "texture": "#0"},
				"down": {"uv": [12.75, 6, 12.5, 6.25], "texture": "#0"}
			}
		},
		{
			"from": [9.25, 9.75, -4.25],
			"to": [10.25, 10.5, -3],
			"rotation": {"angle": 0, "axis": "y", "origin": [16, 0, 0]},
			"faces": {
				"north": {"uv": [12.5, 6.25, 12.75, 6.5], "texture": "#0"},
				"east": {"uv": [12.5, 6.5, 12.75, 6.75], "texture": "#0"},
				"south": {"uv": [6.75, 12.5, 7, 12.75], "texture": "#0"},
				"west": {"uv": [12.5, 6.75, 12.75, 7], "texture": "#0"},
				"up": {"uv": [7.25, 12.75, 7, 12.5], "texture": "#0"},
				"down": {"uv": [12.75, 7, 12.5, 7.25], "texture": "#0"}
			}
		},
		{
			"from": [9.25, 9.75, -2.25],
			"to": [10.25, 10.5, -1],
			"rotation": {"angle": 0, "axis": "y", "origin": [16, 0, 0]},
			"faces": {
				"north": {"uv": [7.25, 12.5, 7.5, 12.75], "texture": "#0"},
				"east": {"uv": [12.5, 7.25, 12.75, 7.5], "texture": "#0"},
				"south": {"uv": [7.5, 12.5, 7.75, 12.75], "texture": "#0"},
				"west": {"uv": [12.5, 7.5, 12.75, 7.75], "texture": "#0"},
				"up": {"uv": [8, 12.75, 7.75, 12.5], "texture": "#0"},
				"down": {"uv": [12.75, 7.75, 12.5, 8], "texture": "#0"}
			}
		}
	],
	"display": {
		"thirdperson_righthand": {
			"translation": [-0.75, 2, 0.75]
		},
		"thirdperson_lefthand": {
			"translation": [-0.75, 2, 0.75]
		},
		"firstperson_righthand": {
			"rotation": [0, 1.5, 0],
			"translation": [-0.25, 9.75, 4.5]
		},
		"firstperson_lefthand": {
			"rotation": [0, 1.5, 0],
			"translation": [-0.25, 9.75, 4.5]
		},
		"ground": {
			"translation": [0, 8.25, 0]
		},
		"gui": {
			"rotation": [0, 90, 0],
			"translation": [0.25, 0, 0],
			"scale": [0.4, 0.4, 0.4]
		},
		"head": {
			"scale": [0, 0, 0.01]
		},
		"fixed": {
			"rotation": [-77.78, 32.9, -6.7],
			"translation": [0, -0.5, -6]
		}
	},
	"groups": [
		{
			"name": "Sight",
			"origin": [4, 6.5, 3.75],
			"color": 0,
			"children": [0, 1, 2, 3, 4, 5, 6, 7]
		},
		{
			"name": "Switch Base",
			"origin": [0, 0, 0],
			"color": 0,
			"children": [
				{
					"name": "Switch",
					"origin": [0, 0, 0],
					"color": 3,
					"children": [8, 9, 10]
				},
				11,
				12,
				13,
				14,
				15,
				16,
				17,
				18,
				19,
				20,
				21,
				22,
				23,
				24,
				25,
				26,
				27,
				28,
				29,
				30,
				31,
				32,
				33,
				34
			]
		},
		{
			"name": "Handle",
			"origin": [6.25, 1.5, -2.25],
			"color": 0,
			"children": [
				{
					"name": "Handle",
					"origin": [6.25, 1.5, -2.25],
					"color": 0,
					"children": [35, 36, 37]
				},
				38,
				39,
				40,
				41
			]
		},
		42,
		43,
		44,
		45,
		46,
		47,
		48,
		49,
		50,
		51,
		52,
		53,
		54,
		55,
		56,
		57,
		58,
		59,
		60,
		61,
		62,
		63,
		64,
		65,
		66,
		67,
		68,
		69,
		70,
		71,
		72,
		73,
		74,
		75,
		76,
		77,
		78,
		79,
		80,
		81,
		82,
		83,
		84,
		85,
		86,
		87,
		88,
		89,
		90,
		91,
		92,
		93,
		94,
		95
	]
}