{
	"credit": "Made with Blockbench",
	"texture_size": [64, 64],
	"textures": {
		"0": "item/vandal",
		"particle": "item/vandal"
	},
	"elements": [
		{
			"from": [6.57727, 8.8257, 7.75],
			"to": [7.32727, 9.0757, 8.25],
			"rotation": {"angle": -45, "axis": "z", "origin": [7.30597, 9.02067, 8]},
			"faces": {
				"north": {"uv": [6.75, 6.5, 7, 6.75], "rotation": 180, "texture": "#0"},
				"east": {"uv": [7.5, 7.5, 7.75, 7.75], "rotation": 180, "texture": "#0"},
				"south": {"uv": [7.25, 7.5, 7.5, 7.75], "rotation": 180, "texture": "#0"},
				"west": {"uv": [7.5, 1.5, 7.75, 1.75], "rotation": 180, "texture": "#0"},
				"up": {"uv": [1.25, 7.75, 1, 8], "rotation": 180, "texture": "#0"},
				"down": {"uv": [0.5, 8, 0.25, 7.75], "rotation": 180, "texture": "#0"}
			}
		},
		{
			"from": [8.67273, 8.8257, 7.75],
			"to": [9.42273, 9.0757, 8.25],
			"rotation": {"angle": 45, "axis": "z", "origin": [8.69403, 9.02067, 8]},
			"faces": {
				"north": {"uv": [1.25, 7.75, 1.5, 8], "rotation": 180, "texture": "#0"},
				"east": {"uv": [7.75, 2, 8, 2.25], "rotation": 180, "texture": "#0"},
				"south": {"uv": [7.75, 1.75, 8, 2], "rotation": 180, "texture": "#0"},
				"west": {"uv": [7.75, 1.5, 8, 1.75], "rotation": 180, "texture": "#0"},
				"up": {"uv": [8, 2.5, 7.75, 2.75], "rotation": 180, "texture": "#0"},
				"down": {"uv": [8, 2.5, 7.75, 2.25], "rotation": 180, "texture": "#0"}
			}
		},
		{
			"from": [7.25, 9.75, 8],
			"to": [8.75, 10.75, 8],
			"rotation": {"angle": 0, "axis": "y", "origin": [8, 5.84233, 7.25]},
			"faces": {
				"north": {"uv": [8.6875, 0.6875, 9.3125, 1.0625], "texture": "#0"},
				"east": {"uv": [0, 0, 0, 0.25], "texture": "#0"},
				"south": {"uv": [8.6875, 0.6875, 9.3125, 1.0625], "texture": "#0"},
				"west": {"uv": [0, 0, 0, 0.25], "texture": "#0"},
				"up": {"uv": [0.5, 0, 0, 0], "texture": "#0"},
				"down": {"uv": [0.5, 0, 0, 0], "texture": "#0"}
			}
		},
		{
			"from": [7.5, -2.5, 6.85],
			"to": [8.5, 4.75, 10.6],
			"rotation": {"angle": 22.5, "axis": "x", "origin": [8, 4.125, 8.5]},
			"faces": {
				"north": {"uv": [3.5, 6.25, 3.75, 8], "texture": "#0"},
				"east": {"uv": [2, 2, 3, 3.75], "texture": "#0"},
				"south": {"uv": [3.75, 6.25, 4, 8], "texture": "#0"},
				"west": {"uv": [3, 2, 4, 3.75], "texture": "#0"},
				"up": {"uv": [7, 1, 6.75, 0], "texture": "#0"},
				"down": {"uv": [0.5, 6.75, 0.25, 7.75], "texture": "#0"}
			}
		},
		{
			"from": [5.93097, 7.87067, -0.225],
			"to": [7.23097, 8.37067, 0.025],
			"rotation": {"angle": 0, "axis": "x", "origin": [6.73097, 8.22067, 1]},
			"faces": {
				"north": {"uv": [7.75, 2.75, 8, 3], "texture": "#0"},
				"east": {"uv": [7.75, 3, 8, 3.25], "texture": "#0"},
				"south": {"uv": [7.75, 3.25, 8, 3.5], "texture": "#0"},
				"west": {"uv": [7.75, 3.5, 8, 3.75], "texture": "#0"},
				"up": {"uv": [8, 4, 7.75, 3.75], "texture": "#0"},
				"down": {"uv": [4.25, 7.75, 4, 8], "texture": "#0"}
			}
		},
		{
			"from": [6.98097, 7.84567, -0.25],
			"to": [7.23097, 8.34567, 7.25],
			"rotation": {"angle": 0, "axis": "z", "origin": [7.60597, 9.22067, 8]},
			"faces": {
				"north": {"uv": [7.75, 4, 8, 4.25], "texture": "#0"},
				"east": {"uv": [5, 4.5, 7, 4.75], "texture": "#0"},
				"south": {"uv": [4.25, 7.75, 4.5, 8], "texture": "#0"},
				"west": {"uv": [5, 5.25, 7, 5.5], "texture": "#0"},
				"up": {"uv": [5.25, 7.5, 5, 5.5], "texture": "#0"},
				"down": {"uv": [5.5, 5.5, 5.25, 7.5], "texture": "#0"}
			}
		},
		{
			"from": [7, 5.25, 6],
			"to": [9, 7.25, 21],
			"rotation": {"angle": 0, "axis": "x", "origin": [8, 5.84233, 7.25]},
			"faces": {
				"north": {"uv": [6.25, 3.5, 6.75, 4], "texture": "#0"},
				"east": {"uv": [1, 1, 5, 1.5], "texture": "#0"},
				"south": {"uv": [0.5, 6.75, 1, 7.25], "texture": "#0"},
				"west": {"uv": [1, 1.5, 5, 2], "texture": "#0"},
				"up": {"uv": [1.5, 6, 1, 2], "texture": "#0"},
				"down": {"uv": [2, 2, 1.5, 6], "texture": "#0"}
			}
		},
		{
			"from": [7.4, 4.25, 16],
			"to": [8.6, 5.25, 21],
			"rotation": {"angle": 0, "axis": "x", "origin": [8, 5.84233, 7.25]},
			"faces": {
				"north": {"uv": [7.75, 4.25, 8, 4.5], "texture": "#0"},
				"east": {"uv": [6, 2.5, 7.5, 2.75], "texture": "#0"},
				"south": {"uv": [7.75, 4.5, 8, 4.75], "texture": "#0"},
				"west": {"uv": [6, 2.75, 7.5, 3], "texture": "#0"},
				"up": {"uv": [4.25, 7.75, 4, 6.25], "texture": "#0"},
				"down": {"uv": [4.5, 6.25, 4.25, 7.75], "texture": "#0"}
			}
		},
		{
			"from": [7.4, -1.8661, 12.41043],
			"to": [8.6, 1.1339, 14.41043],
			"rotation": {"angle": -22.5, "axis": "x", "origin": [8, 5.84233, 7.25]},
			"faces": {
				"north": {"uv": [7, 6.5, 7.25, 7.25], "texture": "#0"},
				"east": {"uv": [6.25, 1, 6.75, 1.75], "texture": "#0"},
				"south": {"uv": [0.5, 7.25, 0.75, 8], "texture": "#0"},
				"west": {"uv": [5.5, 6.5, 6, 7.25], "texture": "#0"},
				"up": {"uv": [7.5, 4, 7.25, 3.5], "texture": "#0"},
				"down": {"uv": [7.5, 4, 7.25, 4.5], "texture": "#0"}
			}
		},
		{
			"from": [7, 7.25, -4.5],
			"to": [9, 8.75, 18.25],
			"rotation": {"angle": 0, "axis": "y", "origin": [8, 5.84233, 7.25]},
			"faces": {
				"north": {"uv": [6.75, 1, 7.25, 1.5], "texture": "#0"},
				"east": {"uv": [0, 0, 5.75, 0.5], "texture": "#0"},
				"south": {"uv": [6.75, 1.5, 7.25, 2], "texture": "#0"},
				"west": {"uv": [0, 0.5, 5.75, 1], "texture": "#0"},
				"up": {"uv": [0.5, 6.75, 0, 1], "texture": "#0"},
				"down": {"uv": [1, 1, 0.5, 6.75], "texture": "#0"}
			}
		},
		{
			"from": [7.4, 6.6, -9.25],
			"to": [8.6, 8.5, -8.5],
			"rotation": {"angle": 0, "axis": "y", "origin": [8, 5.84233, 7.25]},
			"faces": {
				"north": {"uv": [7.25, 4.75, 7.5, 5.25], "texture": "#0"},
				"east": {"uv": [5.5, 7.25, 5.75, 7.75], "texture": "#0"},
				"south": {"uv": [7.25, 5.5, 7.5, 6], "texture": "#0"},
				"west": {"uv": [5.75, 7.25, 6, 7.75], "texture": "#0"},
				"up": {"uv": [8, 5, 7.75, 4.75], "texture": "#0"},
				"down": {"uv": [8, 5, 7.75, 5.25], "texture": "#0"}
			}
		},
		{
			"from": [7.5, 8.75, 17.25],
			"to": [7.75, 9.5, 18],
			"rotation": {"angle": 0, "axis": "y", "origin": [8, 5.84233, 7.25]},
			"faces": {
				"north": {"uv": [7.75, 5.25, 8, 5.5], "texture": "#0"},
				"east": {"uv": [5.5, 7.75, 5.75, 8], "texture": "#0"},
				"south": {"uv": [7.75, 5.5, 8, 5.75], "texture": "#0"},
				"west": {"uv": [5.75, 7.75, 6, 8], "texture": "#0"},
				"up": {"uv": [8, 6, 7.75, 5.75], "texture": "#0"},
				"down": {"uv": [6.25, 7.75, 6, 8], "texture": "#0"}
			}
		},
		{
			"from": [7.75, 8.75, -4.25],
			"to": [8.25, 9.5, -2.5],
			"rotation": {"angle": 0, "axis": "y", "origin": [8, 5.84233, 7.25]},
			"faces": {
				"north": {"uv": [7.75, 6, 8, 6.25], "texture": "#0"},
				"east": {"uv": [7.25, 6, 7.75, 6.25], "texture": "#0"},
				"south": {"uv": [6.25, 7.75, 6.5, 8], "texture": "#0"},
				"west": {"uv": [7.25, 6.25, 7.75, 6.5], "texture": "#0"},
				"up": {"uv": [6.75, 7.75, 6.5, 7.25], "texture": "#0"},
				"down": {"uv": [7.5, 6.5, 7.25, 7], "texture": "#0"}
			}
		},
		{
			"from": [7.25, 8.75, 6.25],
			"to": [8.75, 9, 10.5],
			"rotation": {"angle": 0, "axis": "y", "origin": [8, 5.84233, 7.25]},
			"faces": {
				"north": {"uv": [6.75, 7.25, 7.25, 7.5], "texture": "#0"},
				"east": {"uv": [4, 3.5, 5, 3.75], "texture": "#0"},
				"south": {"uv": [7.25, 7, 7.75, 7.25], "texture": "#0"},
				"west": {"uv": [2, 6.75, 3, 7], "texture": "#0"},
				"up": {"uv": [6, 6.5, 5.5, 5.5], "texture": "#0"},
				"down": {"uv": [6.25, 0, 5.75, 1], "texture": "#0"}
			}
		},
		{
			"from": [7.25, 9, 8.25],
			"to": [8.75, 9.25, 9.25],
			"rotation": {"angle": 0, "axis": "y", "origin": [8, 5.84233, 7.25]},
			"faces": {
				"north": {"uv": [7.25, 7.25, 7.75, 7.5], "texture": "#0"},
				"east": {"uv": [7.75, 6.25, 8, 6.5], "texture": "#0"},
				"south": {"uv": [7.5, 0, 8, 0.25], "texture": "#0"},
				"west": {"uv": [6.5, 7.75, 6.75, 8], "texture": "#0"},
				"up": {"uv": [8, 0.5, 7.5, 0.25], "texture": "#0"},
				"down": {"uv": [8, 0.5, 7.5, 0.75], "texture": "#0"}
			}
		},
		{
			"from": [7.25, 9, 7.25],
			"to": [8.75, 9.25, 7.75],
			"rotation": {"angle": 0, "axis": "y", "origin": [8, 5.84233, 7.25]},
			"faces": {
				"north": {"uv": [7.5, 0.75, 8, 1], "texture": "#0"},
				"east": {"uv": [7.75, 6.5, 8, 6.75], "texture": "#0"},
				"south": {"uv": [1, 7.5, 1.5, 7.75], "texture": "#0"},
				"west": {"uv": [7.75, 6.75, 8, 7], "texture": "#0"},
				"up": {"uv": [8, 1.25, 7.5, 1], "texture": "#0"},
				"down": {"uv": [8, 1.25, 7.5, 1.5], "texture": "#0"}
			}
		},
		{
			"from": [8.25, 8.75, 17.25],
			"to": [8.5, 9.5, 18],
			"rotation": {"angle": 0, "axis": "y", "origin": [8, 5.84233, 7.25]},
			"faces": {
				"north": {"uv": [7.75, 7, 8, 7.25], "texture": "#0"},
				"east": {"uv": [7.25, 7.75, 7.5, 8], "texture": "#0"},
				"south": {"uv": [7.75, 7.25, 8, 7.5], "texture": "#0"},
				"west": {"uv": [7.5, 7.75, 7.75, 8], "texture": "#0"},
				"up": {"uv": [8, 7.75, 7.75, 7.5], "texture": "#0"},
				"down": {"uv": [8, 7.75, 7.75, 8], "texture": "#0"}
			}
		},
		{
			"from": [7.25, 14.16493, 12.99619],
			"to": [8.75, 15.66493, 15.24619],
			"rotation": {"angle": 45, "axis": "x", "origin": [8, 5.84233, 7.25]},
			"faces": {
				"north": {"uv": [6.75, 3.5, 7.25, 4], "texture": "#0"},
				"east": {"uv": [6.75, 4.75, 7.25, 5.25], "texture": "#0"},
				"south": {"uv": [6.75, 5.5, 7.25, 6], "texture": "#0"},
				"west": {"uv": [6.75, 6, 7.25, 6.5], "texture": "#0"},
				"up": {"uv": [7, 7.25, 6.5, 6.75], "texture": "#0"},
				"down": {"uv": [7.5, 0, 7, 0.5], "texture": "#0"}
			}
		},
		{
			"from": [7, 5.5, -2],
			"to": [9, 7.25, 6],
			"rotation": {"angle": 0, "axis": "y", "origin": [8, 5.84233, 7.25]},
			"faces": {
				"north": {"uv": [7, 0.5, 7.5, 1], "texture": "#0"},
				"east": {"uv": [4, 2, 6, 2.5], "texture": "#0"},
				"south": {"uv": [1, 7, 1.5, 7.5], "texture": "#0"},
				"west": {"uv": [4, 2.5, 6, 3], "texture": "#0"},
				"up": {"uv": [2.5, 6.75, 2, 4.75], "texture": "#0"},
				"down": {"uv": [3, 4.75, 2.5, 6.75], "texture": "#0"}
			}
		},
		{
			"from": [7.99537, 5.8377, -14],
			"to": [8.99537, 6.8377, 0],
			"rotation": {"angle": 45, "axis": "z", "origin": [8, 5.84233, 7.25]},
			"faces": {
				"north": {"uv": [0, 8, 0.25, 8.25], "texture": "#0"},
				"east": {"uv": [4, 3, 7.5, 3.25], "texture": "#0"},
				"south": {"uv": [8, 0, 8.25, 0.25], "texture": "#0"},
				"west": {"uv": [4, 3.25, 7.5, 3.5], "texture": "#0"},
				"up": {"uv": [3.25, 8.25, 3, 4.75], "texture": "#0"},
				"down": {"uv": [3.5, 4.75, 3.25, 8.25], "texture": "#0"}
			}
		},
		{
			"from": [9.14537, 6.9877, -9],
			"to": [9.84537, 7.6877, 0],
			"rotation": {"angle": 45, "axis": "z", "origin": [8, 5.84233, 7.25]},
			"faces": {
				"north": {"uv": [0.25, 8, 0.5, 8.25], "texture": "#0"},
				"east": {"uv": [5, 4, 7.25, 4.25], "texture": "#0"},
				"south": {"uv": [8, 0.25, 8.25, 0.5], "texture": "#0"},
				"west": {"uv": [5, 4.25, 7.25, 4.5], "texture": "#0"},
				"up": {"uv": [4.75, 7.5, 4.5, 5.25], "texture": "#0"},
				"down": {"uv": [5, 5.25, 4.75, 7.5], "texture": "#0"}
			}
		},
		{
			"from": [7, 3.75, 21],
			"to": [9, 7.25, 27],
			"rotation": {"angle": 0, "axis": "y", "origin": [8, 5.84233, 7.25]},
			"faces": {
				"north": {"uv": [1, 6, 1.5, 7], "texture": "#0"},
				"east": {"uv": [2, 3.75, 3.5, 4.75], "texture": "#0"},
				"south": {"uv": [1.5, 6, 2, 7], "texture": "#0"},
				"west": {"uv": [3.5, 3.75, 5, 4.75], "texture": "#0"},
				"up": {"uv": [4, 6.25, 3.5, 4.75], "texture": "#0"},
				"down": {"uv": [4.5, 4.75, 4, 6.25], "texture": "#0"}
			}
		},
		{
			"from": [7.25, 2.25, 23.25],
			"to": [8.75, 3.75, 27],
			"rotation": {"angle": 0, "axis": "y", "origin": [8, 5.84233, 7.25]},
			"faces": {
				"north": {"uv": [1.5, 7, 2, 7.5], "texture": "#0"},
				"east": {"uv": [5.75, 4.75, 6.75, 5.25], "texture": "#0"},
				"south": {"uv": [2, 7, 2.5, 7.5], "texture": "#0"},
				"west": {"uv": [6, 2, 7, 2.5], "texture": "#0"},
				"up": {"uv": [6.5, 6.5, 6, 5.5], "texture": "#0"},
				"down": {"uv": [6.75, 0, 6.25, 1], "texture": "#0"}
			}
		},
		{
			"from": [8.5, 3.75, 6],
			"to": [8.75, 5.25, 11],
			"rotation": {"angle": 0, "axis": "y", "origin": [8, 5.84233, 7.25]},
			"faces": {
				"north": {"uv": [1.5, 7.5, 1.75, 8], "texture": "#0"},
				"east": {"uv": [4.5, 4.75, 5.75, 5.25], "texture": "#0"},
				"south": {"uv": [1.75, 7.5, 2, 8], "texture": "#0"},
				"west": {"uv": [5, 1, 6.25, 1.5], "texture": "#0"},
				"up": {"uv": [6.75, 6.75, 6.5, 5.5], "texture": "#0"},
				"down": {"uv": [6.25, 6.5, 6, 7.75], "texture": "#0"}
			}
		},
		{
			"from": [7.5, 3.75, 6],
			"to": [8.5, 5.25, 6.75],
			"rotation": {"angle": 0, "axis": "y", "origin": [8, 5.84233, 7.25]},
			"faces": {
				"north": {"uv": [2, 7.5, 2.25, 8], "texture": "#0"},
				"east": {"uv": [7.5, 2, 7.75, 2.5], "texture": "#0"},
				"south": {"uv": [2.25, 7.5, 2.5, 8], "texture": "#0"},
				"west": {"uv": [2.5, 7.5, 2.75, 8], "texture": "#0"},
				"up": {"uv": [0.75, 8.25, 0.5, 8], "texture": "#0"},
				"down": {"uv": [8.25, 0.5, 8, 0.75], "texture": "#0"}
			}
		},
		{
			"from": [7.5, 3.75, 10.25],
			"to": [8.5, 5.25, 11],
			"rotation": {"angle": 0, "axis": "y", "origin": [8, 5.84233, 7.25]},
			"faces": {
				"north": {"uv": [7.5, 2.5, 7.75, 3], "texture": "#0"},
				"east": {"uv": [2.75, 7.5, 3, 8], "texture": "#0"},
				"south": {"uv": [7.5, 3, 7.75, 3.5], "texture": "#0"},
				"west": {"uv": [7.5, 3.5, 7.75, 4], "texture": "#0"},
				"up": {"uv": [1, 8.25, 0.75, 8], "texture": "#0"},
				"down": {"uv": [8.25, 0.75, 8, 1], "texture": "#0"}
			}
		},
		{
			"from": [7.25, 3.75, 6],
			"to": [7.5, 5.25, 11],
			"rotation": {"angle": 0, "axis": "y", "origin": [8, 5.84233, 7.25]},
			"faces": {
				"north": {"uv": [7.5, 4, 7.75, 4.5], "texture": "#0"},
				"east": {"uv": [5, 1.5, 6.25, 2], "texture": "#0"},
				"south": {"uv": [4.5, 7.5, 4.75, 8], "texture": "#0"},
				"west": {"uv": [5, 3.5, 6.25, 4], "texture": "#0"},
				"up": {"uv": [6.5, 7.75, 6.25, 6.5], "texture": "#0"},
				"down": {"uv": [0.25, 6.75, 0, 8], "texture": "#0"}
			}
		},
		{
			"from": [7.5, 3.25, 14],
			"to": [8.5, 5.25, 16],
			"rotation": {"angle": 0, "axis": "y", "origin": [8, 5.84233, 7.25]},
			"faces": {
				"north": {"uv": [4.75, 7.5, 5, 8], "texture": "#0"},
				"east": {"uv": [7, 2, 7.5, 2.5], "texture": "#0"},
				"south": {"uv": [7.5, 4.75, 7.75, 5.25], "texture": "#0"},
				"west": {"uv": [2.5, 7, 3, 7.5], "texture": "#0"},
				"up": {"uv": [5.25, 8, 5, 7.5], "texture": "#0"},
				"down": {"uv": [5.5, 7.5, 5.25, 8], "texture": "#0"}
			}
		},
		{
			"from": [7.5, 3.5, 11],
			"to": [8.5, 4, 14],
			"rotation": {"angle": 0, "axis": "y", "origin": [8, 5.84233, 7.25]},
			"faces": {
				"north": {"uv": [1, 8, 1.25, 8.25], "texture": "#0"},
				"east": {"uv": [7, 4.5, 7.75, 4.75], "texture": "#0"},
				"south": {"uv": [8, 1, 8.25, 1.25], "texture": "#0"},
				"west": {"uv": [7, 5.25, 7.75, 5.5], "texture": "#0"},
				"up": {"uv": [1, 8, 0.75, 7.25], "texture": "#0"},
				"down": {"uv": [7.5, 1, 7.25, 1.75], "texture": "#0"}
			}
		},
		{
			"from": [7.75, 6.62438, 13.11281],
			"to": [8.25, 8.12438, 13.36281],
			"rotation": {"angle": 22.5, "axis": "x", "origin": [8, 5.84233, 7.25]},
			"faces": {
				"north": {"uv": [7.5, 5.5, 7.75, 6], "texture": "#0"},
				"east": {"uv": [7.5, 6.5, 7.75, 7], "texture": "#0"},
				"south": {"uv": [6.75, 7.5, 7, 8], "texture": "#0"},
				"west": {"uv": [7, 7.5, 7.25, 8], "texture": "#0"},
				"up": {"uv": [1.5, 8.25, 1.25, 8], "texture": "#0"},
				"down": {"uv": [8.25, 1.25, 8, 1.5], "texture": "#0"}
			}
		}
	],
	"gui_light": "front",
	"display": {
		"thirdperson_righthand": {
			"translation": [-2, 2.5, -3.5],
			"scale": [0.75, 0.75, 0.75]
		},
		"thirdperson_lefthand": {
			"translation": [-2, 2.5, -3.5],
			"scale": [0.75, 0.75, 0.75]
		},
		"firstperson_righthand": {
			"translation": [-9, 6.1, 7.25]
		},
		"firstperson_lefthand": {
			"translation": [-9, 6.1, 7.25]
		},
		"ground": {
			"translation": [0, 7.25, 0]
		},
		"gui": {
			"rotation": [0, -90, 0],
			"translation": [-0.5, 0, 0],
			"scale": [0.4, 0.4, 0.4]
		},
		"head": {
			"scale": [0, 0, 0]
		},
		"fixed": {
			"rotation": [90, 80, 90],
			"translation": [-1.75, -6.75, -2.5],
			"scale": [2.5625, 2.5625, 2.5625]
		}
	},
	"groups": [
		{
			"name": "Vandal",
			"origin": [8, 8, 8],
			"color": 0,
			"children": [
				{
					"name": "Sights",
					"origin": [8, 5.84233, 7.25],
					"color": 0,
					"children": [0, 1, 2]
				},
				{
					"name": "Magazine",
					"origin": [8, 5.84233, 7.25],
					"color": 0,
					"children": [3]
				},
				{
					"name": "Main",
					"origin": [8, 5.84233, 7.25],
					"color": 0,
					"children": [4, 5, 6, 7, 8, 9, 10, 11, 12, 13, 14, 15, 16, 17, 18, 19, 20, 21, 22, 23, 24, 25, 26, 27, 28, 29]
				}
			]
		}
	]
}